paradigm,metric,verb_band,context_band,estimate,ci_low,ci_high,n_verb_pairs,n_contexts
passive_1,correct,head,head,0.845,0.7580769230769231,0.9107788461538461,26,100
passive_1,correct,head,tail,0.8430769230769231,0.7642211538461539,0.90425,26,100
passive_1,correct,head,xtail,0.845,0.7553846153846154,0.9157692307692308,26,100
passive_1,correct,tail,head,0.792,0.7407900000000001,0.8432049999999999,50,100
passive_1,correct,tail,tail,0.813,0.766195,0.8560049999999999,50,100
passive_1,correct,tail,xtail,0.8222,0.7758,0.864,50,100
passive_1,correct,xtail,head,0.7142,0.658795,0.7686,50,100
passive_1,correct,xtail,tail,0.7066,0.654795,0.7582099999999999,50,100
passive_1,correct,xtail,xtail,0.7224,0.6665949999999999,0.7784099999999999,50,100
passive_1,whole_margin,head,head,3.1452173509742494,2.3363882480800475,3.8175735868843663,26,100
passive_1,whole_margin,head,tail,3.167006822097442,2.3872940422240108,3.8542027462092516,26,100
passive_1,whole_margin,head,xtail,3.3181443969441955,2.4713808621560687,4.0180004132314435,26,100
passive_1,whole_margin,tail,head,2.78589078871345,2.226272269024929,3.3726128362237664,50,100
passive_1,whole_margin,tail,tail,3.0209315628099866,2.4522411600111007,3.5674028889373957,50,100
passive_1,whole_margin,tail,xtail,3.139822167239086,2.585157833512936,3.7043756196207864,50,100
passive_1,whole_margin,xtail,head,1.965481954327412,1.4534667391912646,2.492722973467246,50,100
passive_1,whole_margin,xtail,tail,1.8460067749392561,1.3382426679465493,2.382417604033175,50,100
passive_1,whole_margin,xtail,xtail,1.9318311724225874,1.4324037354610182,2.455219474662841,50,100
passive_1,verb_margin,head,head,2.593255848426085,2.02013908966688,3.1674419600642643,26,100
passive_1,verb_margin,head,tail,2.670012974188878,2.12855337366691,3.2221766216158865,26,100
passive_1,verb_margin,head,xtail,2.616904892646349,2.043431283354759,3.223600888832257,26,100
passive_1,verb_margin,tail,head,2.0557672521162575,1.5547314456788544,2.5835478866640074,50,100
passive_1,verb_margin,tail,tail,2.1598266776515636,1.668139450062249,2.6758518475377326,50,100
passive_1,verb_margin,tail,xtail,2.26756958796217,1.764304041043398,2.7949399461576463,50,100
passive_1,verb_margin,xtail,head,1.526981844171975,1.0593194759700453,2.0086662160519633,50,100
passive_1,verb_margin,xtail,tail,1.447403669228591,1.016883508256884,1.927450606703901,50,100
passive_1,verb_margin,xtail,xtail,1.5650355952903978,1.0832005248836865,2.0570472038956966,50,100
passive_1,by_margin,head,head,1.1126513999557266,0.3683832167018062,1.8591277846711183,26,100
passive_1,by_margin,head,tail,1.0656021114839958,0.3045192413043517,1.8155682633112253,26,100
passive_1,by_margin,head,xtail,1.1367703558561895,0.353950522594727,1.8880286459894122,26,100
passive_1,by_margin,tail,head,1.0190807443767786,0.6204504190206528,1.3823076201316715,50,100
passive_1,by_margin,tail,tail,1.085587545311451,0.6892192195661366,1.4542541172645984,50,100
passive_1,by_margin,tail,xtail,1.085222403010726,0.6747828359010816,1.454928134032339,50,100
passive_1,by_margin,xtail,head,0.4640207590565085,0.10533121287640185,0.8100710556282099,50,100
passive_1,by_margin,xtail,tail,0.4870563188076019,0.1233003992509842,0.831803292753957,50,100
passive_1,by_margin,xtail,xtail,0.4715306816756725,0.09735482627764344,0.8233042633884026,50,100
passive_1,suffix_margin,head,head,0.5519615025481639,-0.1238856449791481,1.2089926732956218,26,100
passive_1,suffix_margin,head,tail,0.4969938479085641,-0.19229048905302065,1.1372326422761656,26,100
passive_1,suffix_margin,head,xtail,0.701239504297846,0.002679742573051884,1.3558899495410237,26,100
passive_1,suffix_margin,tail,head,0.7301235365971923,0.3169630271880608,1.1397271959753055,50,100
passive_1,suffix_margin,tail,tail,0.861104885158423,0.4279155462181549,1.2636444135164382,50,100
passive_1,suffix_margin,tail,xtail,0.8722525792769157,0.4365824443532803,1.2770034932088565,50,100
passive_1,suffix_margin,xtail,head,0.43850011015543716,0.09968940934478306,0.7715601998688694,50,100
passive_1,suffix_margin,xtail,tail,0.3986031057106651,0.04753721534958502,0.7537040680116484,50,100
passive_1,suffix_margin,xtail,xtail,0.36679557713218963,0.0038309829099712096,0.727279887191569,50,100
passive_2,correct,head,head,0.8569230769230769,0.7572980769230769,0.9292307692307692,26,100
passive_2,correct,head,tail,0.8488461538461538,0.750375,0.9238461538461539,26,100
passive_2,correct,head,xtail,0.8384615384615385,0.7411346153846154,0.9146249999999999,26,100
passive_2,correct,tail,head,0.837,0.786795,0.8848,50,100
passive_2,correct,tail,tail,0.858,0.8106,0.9012,50,100
passive_2,correct,tail,xtail,0.8516,0.80379,0.89521,50,100
passive_2,correct,xtail,head,0.7102,0.642795,0.7758,50,100
passive_2,correct,xtail,tail,0.7104,0.6365850000000001,0.7842049999999999,50,100
passive_2,correct,xtail,xtail,0.7142,0.645,0.7832149999999999,50,100
passive_2,whole_margin,head,head,2.8524067762723337,2.0033292376605365,3.639543413226421,26,100
passive_2,whole_margin,head,tail,2.840983458482302,2.011948408037424,3.656983385880405,26,100
passive_2,whole_margin,head,xtail,2.6855404366438207,1.8803262545363262,3.44061980412098,26,100
passive_2,whole_margin,tail,head,2.8012501130128267,2.2944687729405056,3.370428455358434,50,100
passive_2,whole_margin,tail,tail,3.080871228511055,2.5598983713170407,3.659241157016018,50,100
passive_2,whole_margin,tail,xtail,2.9033954389392544,2.40106050535799,3.466099521123353,50,100
passive_2,whole_margin,xtail,head,1.6887955134044315,1.150934788654617,2.2427487012728204,50,100
passive_2,whole_margin,xtail,tail,1.730029375906277,1.1431996895004362,2.3341102460982297,50,100
passive_2,whole_margin,xtail,xtail,1.6585919548703358,1.1156428770766513,2.217982501784761,50,100
passive_2,verb_margin,head,head,2.6804758031551654,2.1179316320098365,3.287977997014156,26,100
passive_2,verb_margin,head,tail,2.667130901171611,2.0714309614713375,3.276744900813469,26,100
passive_2,verb_margin,head,xtail,2.4699171271690954,1.9030277142891516,3.0540801338920214,26,100
passive_2,verb_margin,tail,head,2.0730360753083588,1.6128909555693804,2.628285644621304,50,100
passive_2,verb_margin,tail,tail,2.291710768432339,1.8075638781165153,2.843368734772858,50,100
passive_2,verb_margin,tail,xtail,2.139748940867107,1.6752265837626146,2.659557942455739,50,100
passive_2,verb_margin,xtail,head,1.477677908493104,0.9964337930771983,1.9790986210652706,50,100
passive_2,verb_margin,xtail,tail,1.5250728115752223,1.0063631728696445,2.04793229757454,50,100
passive_2,verb_margin,xtail,xtail,1.4831005948973819,1.026297317233825,1.9684380046632335,50,100
passive_2,suffix_margin,head,head,0.17193097311716812,-0.4348904380443005,0.7917792702007749,26,100
passive_2,suffix_margin,head,tail,0.17385255731069124,-0.487674351217655,0.8024552138321671,26,100
passive_2,suffix_margin,head,xtail,0.215623309474725,-0.41622346511024694,0.8226882333239681,26,100
passive_2,suffix_margin,tail,head,0.7282140377044678,0.39197502710431814,1.094010867218375,50,100
passive_2,suffix_margin,tail,tail,0.7891604600787163,0.4436753859949112,1.1587034173518418,50,100
passive_2,suffix_margin,tail,xtail,0.7636464980721474,0.44056735387325285,1.1168254861438274,50,100
passive_2,suffix_margin,xtail,head,0.21111760491132736,-0.1338078363159299,0.5890778025746345,50,100
passive_2,suffix_margin,xtail,tail,0.2049565643310547,-0.17109574262857438,0.6095741268777846,50,100
passive_2,suffix_margin,xtail,xtail,0.1754913599729538,-0.149393369936347,0.5242873863023517,50,100
