paradigm,metric,contrast,estimate,ci_low,ci_high,excludes_zero
passive_1,correct,diagonal_xtail_minus_head,-0.12259999999999993,-0.21049346153846157,-0.022344230769230835,1
passive_1,correct,verb_xtail_minus_head,-0.1299589743589743,-0.21077423076923077,-0.03521525641025626,1
passive_1,correct,context_xtail_minus_head,0.012800000000000145,-0.009155641025640945,0.034482564102564214,0
passive_1,correct,interaction_xtail_head,0.008200000000000096,-0.037201153846153856,0.05637153846153852,0
passive_1,correct,verb_xtail_minus_head_in_head_contexts,-0.13080000000000003,-0.21634269230769224,-0.0317215384615384,1
passive_1,correct,verb_xtail_minus_head_in_tail_contexts,-0.13647692307692305,-0.21760884615384618,-0.04640192307692317,1
passive_1,correct,verb_xtail_minus_head_in_xtail_contexts,-0.12259999999999993,-0.21288807692307693,-0.019654230769230747,1
passive_1,correct,context_xtail_minus_head_for_head_verbs,0.0,-0.03807692307692301,0.0346153846153846,0
passive_1,correct,context_xtail_minus_head_for_tail_verbs,0.030200000000000005,-0.00039999999999995595,0.05980499999999994,0
passive_1,correct,context_xtail_minus_head_for_xtail_verbs,0.008200000000000096,-0.02600999999999991,0.041200000000000014,0
passive_1,whole_margin,diagonal_xtail_minus_head,-1.213386178551662,-2.089753918530193,-0.27488550967936964,1
passive_1,whole_margin,verb_xtail_minus_head,-1.29568288944221,-2.1117647198296083,-0.3860455470891201,1
passive_1,whole_margin,context_xtail_minus_head,0.16440254753025263,-0.042781504936377876,0.357736207836846,0
passive_1,whole_margin,interaction_xtail_head,-0.20657782787477075,-0.5748027480868805,0.16984363968680705,0
passive_1,whole_margin,verb_xtail_minus_head_in_head_contexts,-1.1797353966468374,-2.0157582926729947,-0.24592817580509801,1
passive_1,whole_margin,verb_xtail_minus_head_in_tail_contexts,-1.3210000471581858,-2.1682587657780883,-0.4096553705734731,1
passive_1,whole_margin,verb_xtail_minus_head_in_xtail_contexts,-1.386313224521608,-2.256897227833386,-0.4432706360044558,1
passive_1,whole_margin,context_xtail_minus_head_for_head_verbs,0.17292704596994612,-0.14268352577133275,0.4876448966122925,0
passive_1,whole_margin,context_xtail_minus_head_for_tail_verbs,0.35393137852563594,0.0816725268212155,0.6145655249107287,1
passive_1,whole_margin,context_xtail_minus_head_for_xtail_verbs,-0.03365078190482462,-0.30739018060956097,0.23265633832947266,0
passive_1,verb_margin,diagonal_xtail_minus_head,-1.0282202531356872,-1.788411815697192,-0.27475058293823024,1
passive_1,verb_margin,verb_xtail_minus_head,-1.1135842021901163,-1.8199755192343636,-0.40635109395434,1
passive_1,verb_margin,context_xtail_minus_head,0.09116837706153325,-0.03888522108917335,0.23517119657592586,0
passive_1,verb_margin,interaction_xtail_head,0.014404706898158759,-0.29988959251640607,0.3362234007836484,0
passive_1,verb_margin,verb_xtail_minus_head_in_head_contexts,-1.0662740042541101,-1.7993486464864086,-0.30943839007711715,1
passive_1,verb_margin,verb_xtail_minus_head_in_tail_contexts,-1.2226093049602869,-1.924267874955459,-0.5115700624229909,1
passive_1,verb_margin,verb_xtail_minus_head_in_xtail_contexts,-1.0518692973559514,-1.7678721124312236,-0.2850500242584976,1
passive_1,verb_margin,context_xtail_minus_head_for_head_verbs,0.023649044220264148,-0.22650565122641023,0.2764608720174197,0
passive_1,verb_margin,context_xtail_minus_head_for_tail_verbs,0.21180233584591246,0.019099179275309814,0.40346018627942154,1
passive_1,verb_margin,context_xtail_minus_head_for_xtail_verbs,0.03805375111842291,-0.1674247297583618,0.2451932584517362,0
passive_1,by_margin,diagonal_xtail_minus_head,-0.641120718280054,-1.490275367081257,0.17839616341345008,0
passive_1,by_margin,verb_xtail_minus_head,-0.6308053692520428,-1.4618151226920613,0.1856649540800391,0
passive_1,by_margin,context_xtail_minus_head,0.032590179051191326,-0.03647421403849182,0.09864916561302456,0
passive_1,by_margin,interaction_xtail_head,-0.01660903328129887,-0.1475534198828299,0.12995437806714613,0
passive_1,by_margin,verb_xtail_minus_head_in_head_contexts,-0.6486306408992181,-1.5025656881068445,0.1747714338755721,0
passive_1,by_margin,verb_xtail_minus_head_in_tail_contexts,-0.5785457926763938,-1.3977365223084617,0.2501321775516151,0
passive_1,by_margin,verb_xtail_minus_head_in_xtail_contexts,-0.6652396741805169,-1.5001255268249434,0.1675154221886652,0
passive_1,by_margin,context_xtail_minus_head_for_head_verbs,0.02411895590046287,-0.1120813179898004,0.15132634963066524,0
passive_1,by_margin,context_xtail_minus_head_for_tail_verbs,0.06614165863394739,-0.023815176431462116,0.15781960380785168,0
passive_1,by_margin,context_xtail_minus_head_for_xtail_verbs,0.007509922619164,-0.06270297307841473,0.08110440503228455,0
passive_1,suffix_margin,diagonal_xtail_minus_head,-0.18516592541597426,-0.9529340404596398,0.5925092736067329,0
passive_1,suffix_margin,verb_xtail_minus_head,-0.18209868725209394,-0.9072820571441237,0.554357472664379,0
passive_1,suffix_margin,context_xtail_minus_head,0.07323417046871927,-0.1001408506795493,0.23749977776563388,0
passive_1,suffix_margin,interaction_xtail_head,-0.22098253477292962,-0.49768123240603673,0.07323819055187264,0
passive_1,suffix_margin,verb_xtail_minus_head_in_head_contexts,-0.11346139239272673,-0.8605796767313265,0.6166098196287177,0
passive_1,suffix_margin,verb_xtail_minus_head_in_tail_contexts,-0.098390742197899,-0.844292687657759,0.6536029719343933,0
passive_1,suffix_margin,verb_xtail_minus_head_in_xtail_contexts,-0.33444392716565635,-1.0827482719722255,0.43945897874365997,0
passive_1,suffix_margin,context_xtail_minus_head_for_head_verbs,0.1492780017496821,-0.12681356202073055,0.42364588713635415,0
passive_1,suffix_margin,context_xtail_minus_head_for_tail_verbs,0.14212904267972337,-0.06660515991205081,0.3446126040611935,0
passive_1,suffix_margin,context_xtail_minus_head_for_xtail_verbs,-0.07170453302324753,-0.2782727719866362,0.12082994140605578,0
passive_2,correct,diagonal_xtail_minus_head,-0.14272307692307695,-0.24699653846153843,-0.02015461538461552,1
passive_2,correct,verb_xtail_minus_head,-0.13647692307692294,-0.23960794871794885,-0.018925512820512885,1
passive_2,correct,context_xtail_minus_head,4.615384615380691e-05,-0.018573846153846156,0.018165641025641062,0
passive_2,correct,interaction_xtail_head,0.02246153846153831,-0.02099192307692318,0.06474153846153843,0
passive_2,correct,verb_xtail_minus_head_in_head_contexts,-0.14672307692307685,-0.24901846153846144,-0.025734230769230742,1
passive_2,correct,verb_xtail_minus_head_in_tail_contexts,-0.13844615384615377,-0.24212615384615388,-0.012248076923077077,1
passive_2,correct,verb_xtail_minus_head_in_xtail_contexts,-0.12426153846153853,-0.22932846153846156,-0.00437153846153847,1
passive_2,correct,context_xtail_minus_head_for_head_verbs,-0.018461538461538418,-0.051153846153846216,0.012307692307692353,0
passive_2,correct,context_xtail_minus_head_for_tail_verbs,0.014600000000000057,-0.010600000000000054,0.040005000000000006,0
passive_2,correct,context_xtail_minus_head_for_xtail_verbs,0.0039999999999998925,-0.026605000000000066,0.03260499999999993,0
passive_2,whole_margin,diagonal_xtail_minus_head,-1.193814821401998,-2.1755893141920164,-0.17040970906769493,1
passive_2,whole_margin,verb_xtail_minus_head,-1.1005046090724708,-2.06867518193343,-0.09104921459177517,1
passive_2,whole_margin,context_xtail_minus_head,-0.03164152407872711,-0.18041422480732075,0.12329148611562188,0
passive_2,whole_margin,interaction_xtail_head,0.13666278109441743,-0.12639446950934083,0.39912507978034845,0
passive_2,whole_margin,verb_xtail_minus_head_in_head_contexts,-1.1636112628679023,-2.152033262556625,-0.15514361468388746,1
passive_2,whole_margin,verb_xtail_minus_head_in_tail_contexts,-1.110954082576025,-2.122246528199517,-0.029741054085992397,1
passive_2,whole_margin,verb_xtail_minus_head_in_xtail_contexts,-1.0269484817734849,-1.9583935549269267,-0.032316392738146724,1
passive_2,whole_margin,context_xtail_minus_head_for_head_verbs,-0.16686633962851305,-0.3954688062656384,0.0584402039841962,0
passive_2,whole_margin,context_xtail_minus_head_for_tail_verbs,0.10214532592642778,-0.11284686595029109,0.32622172112515807,0
passive_2,whole_margin,context_xtail_minus_head_for_xtail_verbs,-0.03020355853409562,-0.21670388366466964,0.14646233545564322,0
passive_2,verb_margin,diagonal_xtail_minus_head,-1.1973752082577835,-1.9541737001131958,-0.4419365066322862,1
passive_2,verb_margin,verb_xtail_minus_head,-1.1105575055100543,-1.8549075390954526,-0.35983308444996487,1
passive_2,verb_margin,context_xtail_minus_head,-0.046141041341014155,-0.18124303424854876,0.07889299822460467,0
passive_2,verb_margin,interaction_xtail_head,0.21598136239034793,-0.040506890867073264,0.4964807573157683,0
passive_2,verb_margin,verb_xtail_minus_head_in_head_contexts,-1.2027978946620614,-1.986099895905258,-0.4559671942345176,1
passive_2,verb_margin,verb_xtail_minus_head_in_tail_contexts,-1.1420580895963885,-1.9276176905059992,-0.34561974981193067,1
passive_2,verb_margin,verb_xtail_minus_head_in_xtail_contexts,-0.9868165322717135,-1.7127400317335033,-0.23712734984351888,1
passive_2,verb_margin,context_xtail_minus_head_for_head_verbs,-0.21055867598607003,-0.4505846505715297,0.0023453135857212106,0
passive_2,verb_margin,context_xtail_minus_head_for_tail_verbs,0.06671286555874811,-0.11419887393869128,0.2405433343534378,0
passive_2,verb_margin,context_xtail_minus_head_for_xtail_verbs,0.005422686404277899,-0.16340274878581376,0.1714174820738586,0
passive_2,suffix_margin,diagonal_xtail_minus_head,0.0035603868557856633,-0.675043713051906,0.7304061884408722,0
passive_2,suffix_margin,verb_xtail_minus_head,0.010052896437583836,-0.6823800857082544,0.7492924767931531,0
passive_2,suffix_margin,context_xtail_minus_head,0.014499517262287598,-0.06254718124921502,0.0928193985718793,0
passive_2,suffix_margin,interaction_xtail_head,-0.07931858129593045,-0.21323717994657848,0.04465647324573537,0
passive_2,suffix_margin,verb_xtail_minus_head_in_head_contexts,0.03918663179415924,-0.6584954229655863,0.7751956662449011,0
passive_2,suffix_margin,verb_xtail_minus_head_in_tail_contexts,0.03110400702036345,-0.6944234076263355,0.8016212043985953,0
passive_2,suffix_margin,verb_xtail_minus_head_in_xtail_contexts,-0.04013194950177121,-0.7228523601493468,0.6900234233649875,0
passive_2,suffix_margin,context_xtail_minus_head_for_head_verbs,0.04369233635755687,-0.09176329170282072,0.1818537296091132,0
passive_2,suffix_margin,context_xtail_minus_head_for_tail_verbs,0.03543246036767955,-0.05707635211348533,0.12831884817957873,0
passive_2,suffix_margin,context_xtail_minus_head_for_xtail_verbs,-0.035626244938373575,-0.10549677332103255,0.0340153565227985,0
