paradigm,verb_band,verb_pair,context_band,accuracy,whole_margin,verb_margin,n_contexts
passive_1,head,head/bet/appear,head,0.3,-1.058435381501913,0.8179296875,100
passive_1,head,head/bet/appear,tail,0.4,-0.6807795287424233,1.3891015529632569,100
passive_1,head,head/bet/appear,xtail,0.35,-0.7382302545849234,1.210234375,100
passive_1,head,head/blame/struggle,head,0.95,4.280387043207884,4.356931190490723,100
passive_1,head,head/blame/struggle,tail,0.89,4.0860389031795785,4.602756342887878,100
passive_1,head,head/blame/struggle,xtail,0.92,3.9969836700573795,4.579530639648437,100
passive_1,head,head/celebrate/reply,head,0.83,2.6752819170430304,2.5532824563980103,100
passive_1,head,head/celebrate/reply,tail,0.9,3.40142867638031,3.4075830078125,100
passive_1,head,head/celebrate/reply,xtail,0.97,4.215354737131275,3.6829611015319825,100
passive_1,head,head/confront/testify,head,0.93,3.9599013844504953,2.813355107307434,100
passive_1,head,head/confront/testify,tail,0.88,4.089702093193191,2.9844287395477296,100
passive_1,head,head/confront/testify,xtail,0.95,4.714411588495132,3.4729028129577637,100
passive_1,head,head/crown/object,head,0.92,4.128274026028812,2.628740224838257,100
passive_1,head,head/crown/object,tail,0.94,4.117206502101035,2.6361071634292603,100
passive_1,head,head/crown/object,xtail,0.93,4.114707433148869,2.3541015577316284,100
passive_1,head,head/defend/participate,head,0.89,2.7660178599134086,1.9141650390625,100
passive_1,head,head/defend/participate,tail,0.9,2.548813926853472,1.720791015625,100
passive_1,head,head/defend/participate,xtail,0.89,2.7018604658939878,1.72925537109375,100
passive_1,head,head/earn/occur,head,0.91,2.834872871376574,3.6241381788253784,100
passive_1,head,head/earn/occur,tail,0.87,2.502020003348589,3.1110287284851075,100
passive_1,head,head/earn/occur,xtail,0.83,2.6506522575905547,3.2328430080413817,100
passive_1,head,head/exhibit/proceed,head,0.75,1.826489030122757,2.248642587661743,100
passive_1,head,head/exhibit/proceed,tail,0.77,2.656076229370665,2.635717167854309,100
passive_1,head,head/exhibit/proceed,xtail,0.73,2.328471553424606,2.71212064743042,100
passive_1,head,head/hate/listen,head,0.98,4.753100381102413,0.064453125,100
passive_1,head,head/hate/listen,tail,0.95,5.111447380215977,0.2954296875,100
passive_1,head,head/hate/listen,xtail,0.99,5.370178877083817,0.26626953125,100
passive_1,head,head/host/exist,head,0.89,3.7863516803085804,1.9821435499191284,100
passive_1,head,head/host/exist,tail,0.89,3.932902768071508,2.289020986557007,100
passive_1,head,head/host/exist,xtail,0.96,4.293961465363391,2.047058095932007,100
passive_1,head,head/impose/emerge,head,0.89,3.1550439907610417,1.7715625286102294,100
passive_1,head,head/impose/emerge,tail,0.93,3.6876396338175983,2.0369140481948853,100
passive_1,head,head/impose/emerge,xtail,0.95,3.8360553448082646,2.0295312643051147,100
passive_1,head,head/include/happen,head,0.85,3.2089187422394754,6.272685556411743,100
passive_1,head,head/include/happen,tail,0.83,2.736188594553387,5.942062950134277,100
passive_1,head,head/include/happen,xtail,0.87,3.1269003291171975,6.240246565341949,100
passive_1,head,head/insure/vanish,head,0.82,2.886930322572589,2.8043017768859864,100
passive_1,head,head/insure/vanish,tail,0.87,3.223196355114924,2.545976552963257,100
passive_1,head,head/insure/vanish,xtail,0.89,3.087173129931325,2.35609375,100
passive_1,head,head/introduce/arrive,head,0.96,3.6223807913064956,2.605703144073486,100
passive_1,head,head/introduce/arrive,tail,1.0,4.243308497130638,3.3125781297683714,100
passive_1,head,head/introduce/arrive,xtail,0.95,4.083398158733035,2.91859375,100
passive_1,head,head/lease/apologize,head,0.87,2.3889094801992177,1.2812995052337646,100
passive_1,head,head/lease/apologize,tail,0.73,1.6850351400254295,0.7438269329071044,100
passive_1,head,head/lease/apologize,xtail,0.8,1.8858137652481672,0.8157079982757568,100
passive_1,head,head/lend/opt,head,0.88,2.881111645810306,1.6638952445983888,100
passive_1,head,head/lend/opt,tail,0.85,2.636845447063679,1.6423339653015137,100
passive_1,head,head/lend/opt,xtail,0.94,3.172801631737966,1.7288485717773439,100
passive_1,head,head/load/respond,head,0.83,2.287488499842584,3.6672656106948853,100
passive_1,head,head/load/respond,tail,0.76,1.6337709088227712,3.0086572217941283,100
passive_1,head,head/load/respond,xtail,0.79,2.083151678091963,3.1292285203933714,100
passive_1,head,head/measure/laugh,head,0.95,4.557334596924484,1.621298828125,100
passive_1,head,head/measure/laugh,tail,0.97,4.555295222197892,1.6958202838897705,100
passive_1,head,head/measure/laugh,xtail,0.89,4.176917828875012,1.5782812547683716,100
passive_1,head,head/rate/result,head,0.91,4.536208991631866,4.48048768043518,100
passive_1,head,head/rate/result,tail,0.88,3.852935064729536,3.863994126319885,100
passive_1,head,head/rate/result,xtail,0.91,4.261310242608306,3.971257929801941,100
passive_1,head,head/rob/belong,head,0.97,5.046546004377306,3.8425244331359862,100
passive_1,head,head/rob/belong,tail,0.98,5.740923015138833,4.230180983543396,100
passive_1,head,head/rob/belong,xtail,0.96,5.923504041730194,4.028913612365723,100
passive_1,head,head/score/remain,head,0.94,3.9754380881786346,2.6757946538925172,100
passive_1,head,head/score/remain,tail,0.95,4.037263813500759,2.8627392768859865,100
passive_1,head,head/score/remain,xtail,0.95,4.18911929021182,2.500244126319885,100
passive_1,head,head/send/die,head,0.99,5.647339354306459,5.446752951145172,100
passive_1,head,head/send/die,tail,0.97,4.964302073984872,5.25279296875,100
passive_1,head,head/send/die,xtail,0.99,5.506141781063052,5.034501962661743,100
passive_1,head,head/sum/compete,head,0.12,-3.4060170813649893,0.13896058082580567,100
passive_1,head,head/sum/compete,tail,0.22,-2.800060992409708,0.5980190849304199,100
passive_1,head,head/sum/compete,xtail,0.1,-3.2998859810287833,0.2799853515625,100
passive_1,head,head/target/lie,head,0.99,5.522262651398778,2.8024414014816283,100
passive_1,head,head/target/lie,tail,1.0,5.802130316873081,3.275359706878662,100
passive_1,head,head/target/lie,xtail,0.98,5.955578081806888,3.404287128448486,100
passive_1,head,head/thank/matter,head,0.92,4.1295400485396385,2.6129600048065185,100
passive_1,head,head/thank/matter,tail,0.94,3.788436264600605,2.98464599609375,100
passive_1,head,head/thank/matter,xtail,0.97,4.277477995525114,2.9749560260772707,100
passive_1,head,head/upgrade/complain,head,0.73,1.3839741865545512,0.73293701171875,100
passive_1,head,head/upgrade/complain,tail,0.65,0.7901110654172954,0.3524707078933716,100
passive_1,head,head/upgrade/complain,xtail,0.51,0.35794520848547107,-0.23842774391174315,100
passive_1,tail,tail/approximate/muse,head,0.86,2.700928743891418,1.0006678223609924,100
passive_1,tail,tail/approximate/muse,tail,0.88,2.6581127516319976,1.1593738794326782,100
passive_1,tail,tail/approximate/muse,xtail,0.85,2.86707871905528,1.2105301415920258,100
passive_1,tail,tail/audit/interact,head,0.93,4.375862438715995,2.0652845282107593,100
passive_1,tail,tail/audit/interact,tail,0.93,4.300405157392379,1.818306910432875,100
passive_1,tail,tail/audit/interact,xtail,0.96,4.173770750204567,1.5811274106055497,100
passive_1,tail,tail/awe/glow,head,0.95,5.3266534097492695,3.6126127076894043,100
passive_1,tail,tail/awe/glow,tail,0.97,6.070455144307343,4.553869576007128,100
passive_1,tail,tail/awe/glow,xtail,0.99,6.128840098675573,4.597570415735245,100
passive_1,tail,tail/blurt/stagnate,head,0.48,-0.16824188020080327,1.0166136062517763,100
passive_1,tail,tail/blurt/stagnate,tail,0.57,0.2530035917053465,0.9381839334126562,100
passive_1,tail,tail/blurt/stagnate,xtail,0.54,0.1155033280921634,0.6874525552522391,100
passive_1,tail,tail/bribe/correspond,head,0.95,4.450487356316298,4.271011195685714,100
passive_1,tail,tail/bribe/correspond,tail,0.94,4.335432341358974,3.846741407504305,100
passive_1,tail,tail/bribe/correspond,xtail,0.89,4.414863841582555,4.17444194120355,100
passive_1,tail,tail/christen/dwindle,head,0.96,5.796161703942343,4.963729319991544,100
passive_1,tail,tail/christen/dwindle,tail,0.97,5.305477545666508,4.376577175869606,100
passive_1,tail,tail/christen/dwindle,xtail,0.98,5.433862627397175,4.421206072163768,100
passive_1,tail,tail/coerce/emigrate,head,0.96,5.159074390140595,4.059149250892224,100
passive_1,tail,tail/coerce/emigrate,tail,0.98,6.058273872631252,4.461769319468294,100
passive_1,tail,tail/coerce/emigrate,xtail,0.99,5.9670885676566465,4.117006696535572,100
passive_1,tail,tail/commemorate/brag,head,0.53,0.10638556785415858,0.24513624760787933,100
passive_1,tail,tail/commemorate/brag,tail,0.59,0.36612040537991564,1.0288628950342535,100
passive_1,tail,tail/commemorate/brag,xtail,0.57,0.6893674182891846,1.248353764284402,100
passive_1,tail,tail/deter/flirt,head,0.95,7.879888190161437,5.800794633496553,100
passive_1,tail,tail/deter/flirt,tail,0.98,7.894905359757831,5.490119912768714,100
passive_1,tail,tail/deter/flirt,xtail,0.99,8.411037434340106,6.440058292238973,100
passive_1,tail,tail/dice/cooperate,head,0.43,-0.5379421313852072,0.8909906810522079,100
passive_1,tail,tail/dice/cooperate,tail,0.5,-0.0654026807914488,1.3316860347986221,100
passive_1,tail,tail/dice/cooperate,xtail,0.45,-0.24774366116849705,1.4122067564725875,100
passive_1,tail,tail/dope/bargain,head,0.77,1.7829016218706966,0.43769912861287597,100
passive_1,tail,tail/dope/bargain,tail,0.76,1.972792671934003,0.3689735858887434,100
passive_1,tail,tail/dope/bargain,xtail,0.74,1.7325426488299853,0.3166736151650548,100
passive_1,tail,tail/duck/dawn,head,0.81,1.6712339761853219,1.2797103774547578,100
passive_1,tail,tail/duck/dawn,tail,0.79,1.9006180325173774,1.471088915914297,100
passive_1,tail,tail/duck/dawn,xtail,0.73,1.8261315141117667,1.0096388486027719,100
passive_1,tail,tail/eschew/languish,head,0.98,5.730308253373951,2.570708953347057,100
passive_1,tail,tail/eschew/languish,tail,0.99,5.72950926357822,3.1878770280443134,100
passive_1,tail,tail/eschew/languish,xtail,0.98,6.167546735607321,3.112783420048654,100
passive_1,tail,tail/evade/inquire,head,0.58,0.3446783937513828,-1.529340190887451,100
passive_1,tail,tail/evade/inquire,tail,0.69,1.086560578297358,-1.1846705743670463,100
passive_1,tail,tail/evade/inquire,xtail,0.64,0.9958792989701033,-1.3834001326560974,100
passive_1,tail,tail/exert/slump,head,0.96,3.632930983118713,-0.42015203833580017,100
passive_1,tail,tail/exert/slump,tail,0.94,4.302424202949624,0.39363221764564515,100
passive_1,tail,tail/exert/slump,xtail,0.96,4.3008671040751505,0.47928226470947266,100
passive_1,tail,tail/fleece/vie,head,0.98,4.4884860515035685,2.1837538675405086,100
passive_1,tail,tail/fleece/vie,tail,0.95,5.290251848491607,1.9213805322628468,100
passive_1,tail,tail/fleece/vie,xtail,0.96,5.106172862455132,1.8914109667437151,100
passive_1,tail,tail/forest/function,head,0.38,-0.8000657275691628,-0.2644238409399986,100
passive_1,tail,tail/forest/function,tail,0.5,-0.596502967592096,0.16533099368214607,100
passive_1,tail,tail/forest/function,xtail,0.49,0.10387146964203567,0.6562282451987267,100
passive_1,tail,tail/gag/blossom,head,0.93,3.8488051743805407,4.073024096488953,100
passive_1,tail,tail/gag/blossom,tail,0.89,3.5497153981623706,3.7897628480196,100
passive_1,tail,tail/gag/blossom,xtail,0.91,3.788205948685063,3.922992604970932,100
passive_1,tail,tail/galvanize/transpire,head,0.78,2.7519153235293925,3.885580354016274,100
passive_1,tail,tail/galvanize/transpire,tail,0.75,2.7701154271603445,3.847182643690612,100
passive_1,tail,tail/galvanize/transpire,xtail,0.78,2.708971916103037,3.888977824295871,100
passive_1,tail,tail/garnish/toil,head,0.8,1.9841080006957055,1.7986748124286533,100
passive_1,tail,tail/garnish/toil,tail,0.85,2.320163701729616,1.66145728610456,100
passive_1,tail,tail/garnish/toil,xtail,0.86,1.9830992211482954,1.8064537439495325,100
passive_1,tail,tail/heap/grin,head,0.42,-0.6754372713714838,1.5899949917197227,100
passive_1,tail,tail/heap/grin,tail,0.46,-0.625642298811581,1.6438323700428008,100
passive_1,tail,tail/heap/grin,xtail,0.54,0.1527943429601146,1.9360423222184182,100
passive_1,tail,tail/imitate/linger,head,0.81,2.8091996513679622,1.7246319464966655,100
passive_1,tail,tail/imitate/linger,tail,0.93,3.34764688074938,1.925909501761198,100
passive_1,tail,tail/imitate/linger,xtail,0.91,3.72804610363557,1.9460263801086695,100
passive_1,tail,tail/ingest/conspire,head,0.8,2.647756686937064,0.748431359231472,100
passive_1,tail,tail/ingest/conspire,tail,0.85,2.5083161881903653,0.6193590462207794,100
passive_1,tail,tail/ingest/conspire,xtail,0.81,2.2284267563821047,0.8261866748332978,100
passive_1,tail,tail/nab/retaliate,head,0.89,3.1301853710461,1.1405209253031352,100
passive_1,tail,tail/nab/retaliate,tail,0.89,2.7993178380274912,0.9925793317490025,100
passive_1,tail,tail/nab/retaliate,xtail,0.81,2.9291249921766576,1.2749984369601588,100
passive_1,tail,tail/orphan/adhere,head,0.8,2.291424264498055,0.8404761165007949,100
passive_1,tail,tail/orphan/adhere,tail,0.74,1.9845679300714982,0.7085317307151854,100
passive_1,tail,tail/orphan/adhere,xtail,0.85,2.454920715393964,0.8652793679479509,100
passive_1,tail,tail/outdo/recede,head,0.96,5.485170095041394,2.725678528994322,100
passive_1,tail,tail/outdo/recede,tail,0.99,6.477397992844926,3.398570202291012,100
passive_1,tail,tail/outdo/recede,xtail,1.0,7.122446455854224,3.3709336200356486,100
passive_1,tail,tail/overestimate/diverge,head,0.96,5.189031524518505,3.4966780515108256,100
passive_1,tail,tail/overestimate/diverge,tail,0.94,5.539508614105871,3.9981013025343417,100
passive_1,tail,tail/overestimate/diverge,xtail,0.98,5.740355557188159,4.001560622118413,100
passive_1,tail,tail/perfume/reel,head,0.75,1.702420635446906,-0.29845490016043186,100
passive_1,tail,tail/perfume/reel,tail,0.8,2.203247778963996,-0.24863512590527534,100
passive_1,tail,tail/perfume/reel,xtail,0.77,2.0224595172749833,0.2811773331463337,100
passive_1,tail,tail/preclude/fluctuate,head,0.95,4.708094124346972,7.877152409553528,100
passive_1,tail,tail/preclude/fluctuate,tail,0.99,5.222122724775691,8.029770393371582,100
passive_1,tail,tail/preclude/fluctuate,xtail,0.96,5.440557956347475,8.405643675327301,100
passive_1,tail,tail/quarry/rave,head,0.54,0.30265566108748315,-0.8542187518067658,100
passive_1,tail,tail/quarry/rave,tail,0.56,0.16249943834380245,-1.0043572942912578,100
passive_1,tail,tail/quarry/rave,xtail,0.65,1.003100797117222,-0.6878629346191883,100
passive_1,tail,tail/quell/sympathize,head,0.85,3.0201511953398583,2.1360862055420875,100
passive_1,tail,tail/quell/sympathize,tail,0.87,3.280191277578706,2.300669520497322,100
passive_1,tail,tail/quell/sympathize,xtail,0.9,3.232581047043204,2.6710838694125414,100
passive_1,tail,tail/rear/sin,head,0.83,2.681971379108727,1.9957876390218734,100
passive_1,tail,tail/rear/sin,tail,0.87,3.3771001456282104,2.628489982485771,100
passive_1,tail,tail/rear/sin,xtail,0.85,3.237099555247696,2.4114470648765565,100
passive_1,tail,tail/recast/reappear,head,0.89,3.483959010615945,3.0633502146601677,100
passive_1,tail,tail/recast/reappear,tail,0.97,4.144893617529887,3.7024038258194922,100
passive_1,tail,tail/recast/reappear,xtail,0.93,4.405498163264711,3.4182178562879564,100
passive_1,tail,tail/refund/clash,head,0.76,2.0708328307047488,2.708848105557263,100
passive_1,tail,tail/refund/clash,tail,0.77,2.242326439700555,2.036828997656703,100
passive_1,tail,tail/refund/clash,xtail,0.74,1.4907358911354094,2.235139076607302,100
passive_1,tail,tail/reinstall/seep,head,0.66,1.5100673428643494,-0.060827882131561636,100
passive_1,tail,tail/reinstall/seep,tail,0.64,1.1732364020001842,-0.731953370985575,100
passive_1,tail,tail/reinstall/seep,xtail,0.63,1.0745592381351161,-0.8630547866038978,100
passive_1,tail,tail/rouse/lurk,head,0.99,5.685678514391184,4.917356951534748,100
passive_1,tail,tail/rouse/lurk,tail,0.98,6.4016881870818905,5.332864144444466,100
passive_1,tail,tail/rouse/lurk,xtail,0.99,6.307982736694976,5.481336156725884,100
passive_1,tail,tail/safeguard/blush,head,0.78,2.5599128128495066,1.7611774663534014,100
passive_1,tail,tail/safeguard/blush,tail,0.79,2.294196260138997,1.8287721711397171,100
passive_1,tail,tail/safeguard/blush,xtail,0.88,3.015433197424281,2.6571979962708427,100
passive_1,tail,tail/scrub/thrive,head,0.81,2.6995557785825803,3.5955577641772107,100
passive_1,tail,tail/scrub/thrive,tail,0.84,2.6822013672423783,3.2560184784187003,100
passive_1,tail,tail/scrub/thrive,xtail,0.87,2.933984232938383,3.3803010089928285,100
passive_1,tail,tail/slander/glare,head,0.85,2.4828296966687775,0.8571745118335821,100
passive_1,tail,tail/slander/glare,tail,0.79,2.4981975868175503,0.7083452063892036,100
passive_1,tail,tail/slander/glare,xtail,0.87,2.845763273912598,0.9966705668281065,100
passive_1,tail,tail/smother/subside,head,0.96,3.9941830306872728,3.995797891020775,100
passive_1,tail,tail/smother/subside,tail,0.92,3.9962880240473897,3.583000202178955,100
passive_1,tail,tail/smother/subside,xtail,0.94,4.134025130294031,3.717507265508175,100
passive_1,tail,tail/spice/pee,head,0.36,-0.598523815702647,-0.05633587360382081,100
passive_1,tail,tail/spice/pee,tail,0.52,1.0391348557011224,0.8333193230628967,100
passive_1,tail,tail/spice/pee,xtail,0.61,0.7383179459103849,0.842083888053894,100
passive_1,tail,tail/stockpile/shudder,head,0.62,1.6173258386086673,2.451760029559955,100
passive_1,tail,tail/stockpile/shudder,tail,0.63,1.3296194033401845,2.6175161183066664,100
passive_1,tail,tail/stockpile/shudder,xtail,0.68,1.6913213261886266,2.945730440141633,100
passive_1,tail,tail/stow/abstain,head,0.68,1.0304171227291226,3.212996312454343,100
passive_1,tail,tail/stow/abstain,tail,0.72,1.7447618562908611,2.945536458641291,100
passive_1,tail,tail/stow/abstain,xtail,0.73,1.8982085857808124,3.3574314706027506,100
passive_1,tail,tail/subjugate/collude,head,0.91,3.4846854506339877,1.7459563011769206,100
passive_1,tail,tail/subjugate/collude,tail,0.93,3.815120768959168,2.2738005962083117,100
passive_1,tail,tail/subjugate/collude,xtail,0.95,3.543053401724901,2.0877071575832087,100
passive_1,tail,tail/subvert/persevere,head,0.72,1.6325520292017608,0.3531099283415824,100
passive_1,tail,tail/subvert/persevere,tail,0.84,2.19025959584862,0.7588242048118263,100
passive_1,tail,tail/subvert/persevere,xtail,0.75,1.7692568930715789,0.6597177064511925,100
passive_1,tail,tail/tame/chuckle,head,0.91,4.382629016861319,2.4781703770160677,100
passive_1,tail,tail/tame/chuckle,tail,0.9,4.075240517003695,2.2766364282369613,100
passive_1,tail,tail/tame/chuckle,xtail,0.94,4.846073591291206,2.7009015566110612,100
passive_1,tail,tail/trademark/bloom,head,0.67,1.2995717768371104,1.7149836000055074,100
passive_1,tail,tail/trademark/bloom,tail,0.76,2.1191694840509445,2.5107048370689156,100
passive_1,tail,tail/trademark/bloom,xtail,0.81,2.2186809963500127,2.4106142566725612,100
passive_1,tail,tail/transcend/concur,head,0.73,1.6623417390696704,0.5577246166579425,100
passive_1,tail,tail/transcend/concur,tail,0.7,1.4891783446376212,0.7958141196984798,100
passive_1,tail,tail/transcend/concur,xtail,0.81,2.179165549028548,0.9729455261677503,100
passive_1,tail,tail/utter/creep,head,0.99,4.698168217465281,2.126180419921875,100
passive_1,tail,tail/utter/creep,tail,0.95,4.541365598918637,1.9556982326507568,100
passive_1,tail,tail/utter/creep,xtail,0.97,4.46350773203827,2.0458105182647706,100
passive_1,tail,tail/whitewash/wane,head,0.78,1.781169885210693,2.3013918364048003,100
passive_1,tail,tail/whitewash/wane,tail,0.69,1.4909936744527659,1.686876425743103,100
passive_1,tail,tail/whitewash/wane,xtail,0.72,1.4766688363964204,1.4387098574638366,100
passive_1,xtail,xtail/blab/loll,head,0.73,1.5258421513065696,0.17958077251911164,100
passive_1,xtail,xtail/blab/loll,tail,0.53,0.06016985539696179,-1.0234719145298004,100
passive_1,xtail,xtail/blab/loll,xtail,0.52,-0.14482585404766724,-1.2741449546813965,100
passive_1,xtail,xtail/blaspheme/seethe,head,0.82,2.6242619508050846,0.3217735075496603,100
passive_1,xtail,xtail/blaspheme/seethe,tail,0.8,2.3014814413065325,0.055418890247237854,100
passive_1,xtail,xtail/blaspheme/seethe,xtail,0.74,1.6838712637627031,-0.4297162837884389,100
passive_1,xtail,xtail/clout/grouse,head,0.83,2.228167555741966,1.5396530535444617,100
passive_1,xtail,xtail/clout/grouse,tail,0.79,1.9475918193056714,1.1842423645826057,100
passive_1,xtail,xtail/clout/grouse,xtail,0.79,1.7500925685360562,1.0503976296354085,100
passive_1,xtail,xtail/crate/lumber,head,0.37,-0.6739495920948684,-1.1063882506079972,100
passive_1,xtail,xtail/crate/lumber,tail,0.35,-0.976575156089384,-1.165228010872379,100
passive_1,xtail,xtail/crate/lumber,xtail,0.45,-0.40038679880206474,-0.6065929020103067,100
passive_1,xtail,xtail/daub/resound,head,0.58,0.49635851793922486,3.2675055104959756,100
passive_1,xtail,xtail/daub/resound,tail,0.59,0.39399161787237974,3.178863201076165,100
passive_1,xtail,xtail/daub/resound,xtail,0.66,1.2052691893244627,3.4975677688024005,100
passive_1,xtail,xtail/debug/tingle,head,0.67,1.575809720084071,2.4891086142137646,100
passive_1,xtail,xtail/debug/tingle,tail,0.7,1.272441467832541,2.396806963160634,100
passive_1,xtail,xtail/debug/tingle,xtail,0.71,1.5764051795983687,2.450002190116793,100
passive_1,xtail,xtail/disabuse/sidle,head,0.9,3.8814696467854084,2.9530203186161814,100
passive_1,xtail,xtail/disabuse/sidle,tail,0.91,4.033238028290216,3.0550762343686073,100
passive_1,xtail,xtail/disabuse/sidle,xtail,0.96,4.4374429238121955,3.53526373103261,100
passive_1,xtail,xtail/disgorge/exult,head,0.41,-0.09105540439020843,0.10669629481155425,100
passive_1,xtail,xtail/disgorge/exult,tail,0.56,0.30670163752743973,0.2318625866342336,100
passive_1,xtail,xtail/disgorge/exult,xtail,0.63,0.7142125010536984,0.6185894456412643,100
passive_1,xtail,xtail/disquiet/goggle,head,0.78,1.568485501119867,1.5429982541594653,100
passive_1,xtail,xtail/disquiet/goggle,tail,0.8,2.057361835431657,2.2097632598318158,100
passive_1,xtail,xtail/disquiet/goggle,xtail,0.82,2.37746130494168,2.604295958597213,100
passive_1,xtail,xtail/doff/salivate,head,0.37,-0.799016411229968,0.23682117842137815,100
passive_1,xtail,xtail/doff/salivate,tail,0.3,-1.8681349364086055,-0.28581719532608985,100
passive_1,xtail,xtail/doff/salivate,xtail,0.42,-0.9112566750700353,0.2712034825235605,100
passive_1,xtail,xtail/edify/toddle,head,0.96,4.300069774314761,3.457369994223118,100
passive_1,xtail,xtail/edify/toddle,tail,0.95,4.623644407592947,3.4734739980101583,100
passive_1,xtail,xtail/edify/toddle,xtail,0.96,4.506219343157718,3.6898201310634615,100
passive_1,xtail,xtail/espy/scram,head,0.73,1.4418275610730051,0.6075607204437256,100
passive_1,xtail,xtail/espy/scram,tail,0.69,1.312051322319312,1.2390539850201459,100
passive_1,xtail,xtail/espy/scram,xtail,0.73,1.5423884600168094,1.5053309845924376,100
passive_1,xtail,xtail/extirpate/vegetate,head,0.78,1.9396207051351666,1.6853733073547483,100
passive_1,xtail,xtail/extirpate/vegetate,tail,0.82,2.344757049852051,2.1989717106870375,100
passive_1,xtail,xtail/extirpate/vegetate,xtail,0.85,2.896864531582687,2.649907152093947,100
passive_1,xtail,xtail/filch/smolder,head,0.9,3.380062738112174,2.7086066221585496,100
passive_1,xtail,xtail/filch/smolder,tail,0.82,3.0508296576369323,2.1626701151579617,100
passive_1,xtail,xtail/filch/smolder,xtail,0.83,3.320978696667007,2.6575235897500535,100
passive_1,xtail,xtail/garland/banter,head,0.59,0.6070533772464841,0.4643163081165403,100
passive_1,xtail,xtail/garland/banter,tail,0.55,0.4043581883504521,0.09286076417192816,100
passive_1,xtail,xtail/garland/banter,xtail,0.62,0.7683823985321214,0.6983136987872421,100
passive_1,xtail,xtail/gull/desist,head,0.94,4.213166285939515,2.62665611743927,100
passive_1,xtail,xtail/gull/desist,tail,0.9,4.500710012024501,2.342534267902374,100
passive_1,xtail,xtail/gull/desist,xtail,0.92,4.810213808092522,2.4313499307632447,100
passive_1,xtail,xtail/guzzle/commiserate,head,0.67,1.26028752816841,0.11515185700729487,100
passive_1,xtail,xtail/guzzle/commiserate,tail,0.59,0.2679993855074281,-0.6504324312880635,100
passive_1,xtail,xtail/guzzle/commiserate,xtail,0.6,0.7691572430194356,-0.0743983815284446,100
passive_1,xtail,xtail/heft/hibernate,head,0.94,4.116442323200172,2.5583756616187747,100
passive_1,xtail,xtail/heft/hibernate,tail,0.91,3.730573134304141,2.3247634768957504,100
passive_1,xtail,xtail/heft/hibernate,xtail,0.89,3.132299370006076,1.6969057704531587,100
passive_1,xtail,xtail/immolate/vacillate,head,0.88,3.943170086480677,3.4060465101897717,100
passive_1,xtail,xtail/immolate/vacillate,tail,0.93,4.462316299887607,3.5656789824925363,100
passive_1,xtail,xtail/immolate/vacillate,xtail,0.96,4.431844808710739,3.657844176068902,100
passive_1,xtail,xtail/incriminate/sulk,head,0.72,1.4471872600540518,1.565620695091784,100
passive_1,xtail,xtail/incriminate/sulk,tail,0.74,1.9529593808262142,2.0328870888706296,100
passive_1,xtail,xtail/incriminate/sulk,xtail,0.77,1.6796464187005768,2.127451450145454,100
passive_1,xtail,xtail/lard/fizz,head,0.68,1.3852168390154838,2.396343010663986,100
passive_1,xtail,xtail/lard/fizz,tail,0.64,1.0829273538442794,2.287725315093994,100
passive_1,xtail,xtail/lard/fizz,xtail,0.74,1.6632790915796067,2.661141184568405,100
passive_1,xtail,xtail/lather/slouch,head,0.57,0.3146399709582329,-1.258847605586052,100
passive_1,xtail,xtail/lather/slouch,tail,0.63,0.34954273217706944,-1.0748508924245834,100
passive_1,xtail,xtail/lather/slouch,xtail,0.57,0.3563715193409007,-1.3227445778250695,100
passive_1,xtail,xtail/lug/drool,head,0.83,2.0154164649825543,2.4456259366031734,100
passive_1,xtail,xtail/lug/drool,tail,0.75,1.441983423625352,2.161622367557138,100
passive_1,xtail,xtail/lug/drool,xtail,0.8,1.6463414631201885,1.9979307232052088,100
passive_1,xtail,xtail/mistrust/coexist,head,0.98,5.37708574059885,2.960111558991484,100
passive_1,xtail,xtail/mistrust/coexist,tail,0.96,4.838886327394285,2.2075293098704423,100
passive_1,xtail,xtail/mistrust/coexist,xtail,0.93,4.602113252733252,2.099271085554501,100
passive_1,xtail,xtail/mulch/bustle,head,0.47,-0.3294412638247013,-1.034381311312318,100
passive_1,xtail,xtail/mulch/bustle,tail,0.48,-0.21506446701707319,-0.8454998697340489,100
passive_1,xtail,xtail/mulch/bustle,xtail,0.37,-0.6975840603723191,-1.1781444144248963,100
passive_1,xtail,xtail/obviate/teem,head,0.93,4.263696197345853,2.7297112062200903,100
passive_1,xtail,xtail/obviate/teem,tail,0.96,4.721445100014098,3.172753884922713,100
passive_1,xtail,xtail/obviate/teem,xtail,0.93,3.779956643729238,2.86586391588673,100
passive_1,xtail,xtail/ogle/wallow,head,0.99,5.673373117558658,2.5813725051283836,100
passive_1,xtail,xtail/ogle/wallow,tail,0.95,4.890065397145227,2.017525105476379,100
passive_1,xtail,xtail/ogle/wallow,xtail,0.94,4.550358381252736,1.6396494944393636,100
passive_1,xtail,xtail/outshine/gape,head,0.8,2.062676775828004,-0.725479812771082,100
passive_1,xtail,xtail/outshine/gape,tail,0.78,2.2786117578996343,-0.24965026780962943,100
passive_1,xtail,xtail/outshine/gape,xtail,0.92,2.7449800658901222,-0.19734833732247353,100
passive_1,xtail,xtail/perm/fawn,head,0.37,-0.7625303196720778,-1.7972620435245334,100
passive_1,xtail,xtail/perm/fawn,tail,0.45,-0.6336702684429474,-1.8201768004335463,100
passive_1,xtail,xtail/perm/fawn,xtail,0.36,-1.1770192223938647,-1.9011398844979703,100
passive_1,xtail,xtail/pigeonhole/hitchhike,head,0.89,4.79918271337403,4.708497323968913,100
passive_1,xtail,xtail/pigeonhole/hitchhike,tail,0.86,4.109484190789954,4.424751258178149,100
passive_1,xtail,xtail/pigeonhole/hitchhike,xtail,0.9,4.221142727516126,4.307579602196347,100
passive_1,xtail,xtail/placate/crackle,head,0.98,5.8817837754637,4.710049157068133,100
passive_1,xtail,xtail/placate/crackle,tail,0.96,5.293564195231301,4.652220504917205,100
passive_1,xtail,xtail/placate/crackle,xtail,0.96,5.43977753086132,5.074636625573039,100
passive_1,xtail,xtail/prise/jut,head,0.97,5.033655497580766,5.432879470214248,100
passive_1,xtail,xtail/prise/jut,tail,0.95,4.571782298558392,5.050723609700799,100
passive_1,xtail,xtail/prise/jut,xtail,0.97,4.5282976015715395,5.2463363341987135,100
passive_1,xtail,xtail/rearm/totter,head,0.66,1.426231388747692,0.9920316161215306,100
passive_1,xtail,xtail/rearm/totter,tail,0.78,2.320358379908139,1.8060613790154456,100
passive_1,xtail,xtail/rearm/totter,xtail,0.76,1.965919744229177,1.7237879168987273,100
passive_1,xtail,xtail/recompense/leer,head,0.82,2.8668950803205373,1.720480249747634,100
passive_1,xtail,xtail/recompense/leer,tail,0.84,2.78648364908644,1.8726893053203821,100
passive_1,xtail,xtail/recompense/leer,xtail,0.84,3.2005617317347785,2.27175041295588,100
passive_1,xtail,xtail/redress/pant,head,0.65,0.6352948965877294,0.87801096200943,100
passive_1,xtail,xtail/redress/pant,tail,0.64,0.8097452341625467,0.9102548813819885,100
passive_1,xtail,xtail/redress/pant,xtail,0.6,0.3887824651703704,0.8584016680717468,100
passive_1,xtail,xtail/regale/writhe,head,0.96,4.772654920518399,4.388059859424829,100
passive_1,xtail,xtail/regale/writhe,tail,0.9,4.223292141461279,4.1956634333729745,100
passive_1,xtail,xtail/regale/writhe,xtail,0.98,4.812591191456886,4.732492333054543,100
passive_1,xtail,xtail/reproach/whiz,head,0.88,3.2399494667723774,2.2120837815105916,100
passive_1,xtail,xtail/reproach/whiz,tail,0.81,2.670558593085734,1.914615010097623,100
passive_1,xtail,xtail/reproach/whiz,xtail,0.83,2.6208279225364093,2.280924295261502,100
passive_1,xtail,xtail/reprove/remonstrate,head,0.56,0.5239016707241535,0.11759851604700089,100
passive_1,xtail,xtail/reprove/remonstrate,tail,0.54,0.3142110276548192,-0.3033884394541383,100
passive_1,xtail,xtail/reprove/remonstrate,xtail,0.65,0.7393028926104307,0.08961947418749333,100
passive_1,xtail,xtail/resupply/slog,head,0.73,1.6077968812454493,1.0809301169589163,100
passive_1,xtail,xtail/resupply/slog,tail,0.67,1.5849478943808935,0.9563566208258272,100
passive_1,xtail,xtail/resupply/slog,xtail,0.7,1.3256463161518333,1.1981450651213528,100
passive_1,xtail,xtail/shoo/quiver,head,0.65,1.182526157516986,3.6566060539893805,100
passive_1,xtail,xtail/shoo/quiver,tail,0.6,0.7547179561207303,3.6559249798208473,100
passive_1,xtail,xtail/shoo/quiver,xtail,0.59,0.9954951020155568,3.854766391175799,100
passive_1,xtail,xtail/shoplift/eventuate,head,0.85,3.416769759140443,3.62354037393583,100
passive_1,xtail,xtail/shoplift/eventuate,tail,0.74,2.0994153646402993,1.8100040532462298,100
passive_1,xtail,xtail/shoplift/eventuate,xtail,0.81,2.9772899093374146,2.4898824927723036,100
passive_1,xtail,xtail/stopper/quack,head,0.42,-0.8089272528886795,-0.15765651404857636,100
passive_1,xtail,xtail/stopper/quack,tail,0.47,-0.5911845422745682,0.29004447519779203,100
passive_1,xtail,xtail/stopper/quack,xtail,0.45,-0.6329277148481924,0.6522406867146492,100
passive_1,xtail,xtail/suckle/defecate,head,0.61,0.7465542656462639,0.6117434871429578,100
passive_1,xtail,xtail/suckle/defecate,tail,0.7,2.145340321578551,1.3381711749732494,100
passive_1,xtail,xtail/suckle/defecate,xtail,0.73,2.1510824143141507,1.3897154610464348,100
passive_1,xtail,xtail/sunder/eavesdrop,head,0.61,0.9253384780487977,0.5159591731778346,100
passive_1,xtail,xtail/sunder/eavesdrop,tail,0.69,1.7492626704787835,1.0523959407536312,100
passive_1,xtail,xtail/sunder/eavesdrop,xtail,0.77,2.1968738933245184,1.2890787798911334,100
passive_1,xtail,xtail/swaddle/decamp,head,0.35,-0.6950675173709169,0.9282031957944855,100
passive_1,xtail,xtail/swaddle/decamp,tail,0.46,-0.5921651437145192,0.8828837803844363,100
passive_1,xtail,xtail/swaddle/decamp,xtail,0.4,-0.7743631791672669,0.5931483993213624,100
passive_1,xtail,xtail/tithe/putter,head,0.68,1.5025313416868449,2.05423442453146,100
passive_1,xtail,xtail/tithe/putter,tail,0.51,0.33314167813863604,1.299770405292511,100
passive_1,xtail,xtail/tithe/putter,xtail,0.55,0.25140851995907726,1.3933077210187912,100
passive_1,xtail,xtail/unlatch/burgeon,head,0.31,-1.3460644755023532,-0.49903623792110013,100
passive_1,xtail,xtail/unlatch/burgeon,tail,0.39,-1.0041920733707956,-0.7140818257653154,100
passive_1,xtail,xtail/unlatch/burgeon,xtail,0.2,-1.6687058933917434,-0.94578144124127,100
passive_1,xtail,xtail/wad/shimmer,head,0.5,0.4901489467918873,0.940315603762865,100
passive_1,xtail,xtail/wad/shimmer,tail,0.6,0.4971238558832556,1.0723336248844861,100
passive_1,xtail,xtail/wad/shimmer,xtail,0.55,0.5450386367016472,0.9996072667092085,100
passive_1,xtail,xtail/wag/bask,head,0.84,2.384631010144949,0.28727743625640867,100
passive_1,xtail,xtail/wag/bask,tail,0.82,2.631100717773661,0.24356662273406982,100
passive_1,xtail,xtail/wag/bask,xtail,0.89,2.8845244596677366,0.27869644641876223,100
passive_1,xtail,xtail/wallop/gloat,head,0.6,0.7029159132391214,-0.8757563328742981,100
passive_1,xtail,xtail/wallop/gloat,tail,0.57,0.6601565319823567,-0.5177338230609894,100
passive_1,xtail,xtail/wallop/gloat,xtail,0.6,0.8079145329026506,-0.9479499244689942,100
passive_2,head,head/bet/appear,head,0.15,-1.6955724740028382,1.0560937404632569,100
passive_2,head,head/bet/appear,tail,0.15,-2.1142786622047423,1.3180859279632569,100
passive_2,head,head/bet/appear,xtail,0.14,-1.6536813020706176,1.152109375,100
passive_2,head,head/blame/struggle,head,0.99,4.875306051969528,4.260767216682434,100
passive_2,head,head/blame/struggle,tail,0.99,5.45355592250824,4.705285615921021,100
passive_2,head,head/blame/struggle,xtail,0.99,5.048165066242218,4.433293447494507,100
passive_2,head,head/celebrate/reply,head,0.93,3.2823406517505647,3.018828125,100
passive_2,head,head/celebrate/reply,tail,0.96,4.083295398950577,3.737626938819885,100
passive_2,head,head/celebrate/reply,xtail,0.94,3.7753857624530793,3.473196406364441,100
passive_2,head,head/confront/testify,head,0.82,1.542520501613617,2.673616986274719,100
passive_2,head,head/confront/testify,tail,0.91,2.2139573383331297,3.667774004936218,100
passive_2,head,head/confront/testify,xtail,0.78,1.7489604449272156,2.875698223114014,100
passive_2,head,head/crown/object,head,0.99,3.9283555579185485,2.6945239162445067,100
passive_2,head,head/crown/object,tail,0.96,3.9501530957221984,2.889620885848999,100
passive_2,head,head/crown/object,xtail,0.93,3.541003952026367,2.1522070360183716,100
passive_2,head,head/defend/participate,head,0.96,2.0728573143482207,1.6432714653015137,100
passive_2,head,head/defend/participate,tail,0.94,2.1182605504989622,1.7459228515625,100
passive_2,head,head/defend/participate,xtail,0.87,1.876311593055725,1.393771963119507,100
passive_2,head,head/earn/occur,head,0.98,3.8697517812252045,3.682022981643677,100
passive_2,head,head/earn/occur,tail,0.97,3.716967989206314,3.304236078262329,100
passive_2,head,head/earn/occur,xtail,0.95,3.4264044189453124,3.104615478515625,100
passive_2,head,head/exhibit/proceed,head,0.97,3.146263267993927,2.4928939723968506,100
passive_2,head,head/exhibit/proceed,tail,1.0,3.2786634302139284,2.6627233457565307,100
passive_2,head,head/exhibit/proceed,xtail,0.98,3.269852840900421,2.6434301471710206,100
passive_2,head,head/hate/listen,head,0.99,3.822570995092392,0.15480467796325684,100
passive_2,head,head/hate/listen,tail,0.99,3.984794284105301,0.2675,100
passive_2,head,head/hate/listen,xtail,0.99,3.5486158931255343,-0.01265625,100
passive_2,head,head/host/exist,head,0.72,0.8526563215255737,2.5631762552261352,100
passive_2,head,head/host/exist,tail,0.55,0.3315513145923614,2.1190270662307737,100
passive_2,head,head/host/exist,xtail,0.5,-0.04079859256744386,1.667518310546875,100
passive_2,head,head/impose/emerge,head,0.73,1.2637799072265625,1.7526220464706421,100
passive_2,head,head/impose/emerge,tail,0.75,1.0385193347930908,1.573642568588257,100
passive_2,head,head/impose/emerge,xtail,0.82,1.428385237455368,1.86049072265625,100
passive_2,head,head/include/happen,head,1.0,7.1343293023109435,6.575322251319886,100
passive_2,head,head/include/happen,tail,1.0,7.076991069316864,6.2838525390625,100
passive_2,head,head/include/happen,xtail,1.0,6.557030426263809,6.099615836143494,100
passive_2,head,head/insure/vanish,head,0.89,2.145934088230133,2.6691894340515137,100
passive_2,head,head/insure/vanish,tail,0.84,1.8360119843482972,2.301918931007385,100
passive_2,head,head/insure/vanish,xtail,0.83,1.8522972714900972,2.364501943588257,100
passive_2,head,head/introduce/arrive,head,0.88,2.1267594861984254,3.0880078125,100
passive_2,head,head/introduce/arrive,tail,0.88,2.092092841863632,3.148046860694885,100
passive_2,head,head/introduce/arrive,xtail,0.95,2.1372194135189058,3.168125,100
passive_2,head,head/lease/apologize,head,0.82,1.8764704298973083,1.2991320610046386,100
passive_2,head,head/lease/apologize,tail,0.73,1.281494607925415,0.6853857421875,100
passive_2,head,head/lease/apologize,xtail,0.79,1.4565989756584168,0.7888129806518555,100
passive_2,head,head/lend/opt,head,0.92,2.2166140413284303,1.6255017185211182,100
passive_2,head,head/lend/opt,tail,0.93,2.2238089776039125,1.79761962890625,100
passive_2,head,head/lend/opt,xtail,0.9,2.038357660770416,1.3451830768585205,100
passive_2,head,head/load/respond,head,1.0,4.867109022140503,3.5377917385101316,100
passive_2,head,head/load/respond,tail,0.99,4.557993698120117,3.2810156202316283,100
passive_2,head,head/load/respond,xtail,0.99,4.544279432296753,3.0326953077316285,100
passive_2,head,head/measure/laugh,head,1.0,5.19155154466629,1.7248242330551147,100
passive_2,head,head/measure/laugh,tail,1.0,4.713062450885773,1.074140625,100
passive_2,head,head/measure/laugh,xtail,1.0,5.124650164842605,1.5876171827316283,100
passive_2,head,head/rate/result,head,0.95,4.1040133798122405,4.402546391487122,100
passive_2,head,head/rate/result,tail,0.95,3.989401204586029,3.92574981212616,100
passive_2,head,head/rate/result,xtail,0.95,4.037608759403229,3.9055725002288817,100
passive_2,head,head/rob/belong,head,0.99,6.649461016654969,4.319513659477234,100
passive_2,head,head/rob/belong,tail,1.0,6.738001393079758,4.462468538284302,100
passive_2,head,head/rob/belong,xtail,0.99,6.006969524621963,3.730303478240967,100
passive_2,head,head/score/remain,head,0.95,3.138095096349716,2.779154348373413,100
passive_2,head,head/score/remain,tail,0.92,3.1111606109142302,2.674357886314392,100
passive_2,head,head/score/remain,xtail,0.98,3.3949208986759185,2.9685925102233885,100
passive_2,head,head/send/die,head,0.87,2.4616130495071413,5.2923437595367435,100
passive_2,head,head/send/die,tail,0.87,2.380855178833008,5.2105077958107,100
passive_2,head,head/send/die,xtail,0.83,2.0800443303585054,4.887177720069885,100
passive_2,head,head/sum/compete,head,0.14,-2.4065567898750304,0.04883668899536133,100
passive_2,head,head/sum/compete,tail,0.17,-2.3653488683700563,0.13860352516174315,100
passive_2,head,head/sum/compete,xtail,0.21,-2.26955730676651,0.02770267486572266,100
passive_2,head,head/target/lie,head,0.99,3.8804778933525084,2.9576025295257566,100
passive_2,head,head/target/lie,tail,0.94,4.150446404218673,3.0511328029632567,100
passive_2,head,head/target/lie,xtail,0.98,3.6232970356941223,3.133417959213257,100
passive_2,head,head/thank/matter,head,0.77,1.6677455806732178,2.8545580673217774,100
passive_2,head,head/thank/matter,tail,0.83,2.0577419066429137,3.061384401321411,100
passive_2,head,head/thank/matter,xtail,0.69,1.4808376467227935,2.4507116508483886,100
passive_2,head,head/upgrade/complain,head,0.88,2.148129165172577,0.5254248046875,100
passive_2,head,head/upgrade/complain,tail,0.85,1.9664164638519288,0.2577734375,100
passive_2,head,head/upgrade/complain,xtail,0.82,1.7908918046951294,-0.015859375,100
passive_2,tail,tail/approximate/muse,head,0.71,1.102966240644455,1.0127766668796538,100
passive_2,tail,tail/approximate/muse,tail,0.63,0.9556585466861724,0.6606773090362549,100
passive_2,tail,tail/approximate/muse,xtail,0.63,0.9586914837360382,0.9089492654800415,100
passive_2,tail,tail/audit/interact,head,1.0,5.088672840595246,2.0716240513324737,100
passive_2,tail,tail/audit/interact,tail,0.99,4.958648569248616,1.7982009490951896,100
passive_2,tail,tail/audit/interact,xtail,0.97,4.500739627731964,1.4790135630499572,100
passive_2,tail,tail/awe/glow,head,0.94,4.609969483986497,4.462978275194764,100
passive_2,tail,tail/awe/glow,tail,0.96,5.160502078533173,5.018850038051605,100
passive_2,tail,tail/awe/glow,xtail,0.94,4.354460531324148,4.230316681712866,100
passive_2,tail,tail/blurt/stagnate,head,0.2,-1.6941872824635356,0.7547478090319782,100
passive_2,tail,tail/blurt/stagnate,tail,0.2,-1.6544666879530996,0.8827296979073435,100
passive_2,tail,tail/blurt/stagnate,xtail,0.22,-1.4923221833352,0.8045493345614523,100
passive_2,tail,tail/bribe/correspond,head,1.0,5.498159939218312,4.213173418212682,100
passive_2,tail,tail/bribe/correspond,tail,0.98,6.052875203685835,4.73545010288246,100
passive_2,tail,tail/bribe/correspond,xtail,0.96,5.044824807299301,3.604238574160263,100
passive_2,tail,tail/christen/dwindle,head,0.94,4.031199688864872,4.703180406047031,100
passive_2,tail,tail/christen/dwindle,tail,0.95,4.06833652346395,4.820356529643759,100
passive_2,tail,tail/christen/dwindle,xtail,0.94,4.061705163745209,4.721966172484681,100
passive_2,tail,tail/coerce/emigrate,head,0.97,4.106627645870976,4.059554775139622,100
passive_2,tail,tail/coerce/emigrate,tail,0.98,4.263138116939517,4.330095050676318,100
passive_2,tail,tail/coerce/emigrate,xtail,1.0,4.11377525547854,4.027126896179834,100
passive_2,tail,tail/commemorate/brag,head,0.84,2.008132951669395,0.6529105834290385,100
passive_2,tail,tail/commemorate/brag,tail,0.89,2.3514520605560394,0.7281927307602019,100
passive_2,tail,tail/commemorate/brag,xtail,0.94,2.420602678223513,1.1045106329163537,100
passive_2,tail,tail/deter/flirt,head,0.98,8.697084475751035,5.628000394697301,100
passive_2,tail,tail/deter/flirt,tail,0.99,9.56770316842012,6.301098561910912,100
passive_2,tail,tail/deter/flirt,xtail,1.0,9.086952349881177,5.965757416824345,100
passive_2,tail,tail/dice/cooperate,head,0.63,0.6223460799455642,0.9811637288331986,100
passive_2,tail,tail/dice/cooperate,tail,0.65,0.9279743671417237,1.4318908286094665,100
passive_2,tail,tail/dice/cooperate,xtail,0.72,0.9155532914400101,1.1263964229822159,100
passive_2,tail,tail/dope/bargain,head,0.78,1.9000872124172747,0.7118394912220538,100
passive_2,tail,tail/dope/bargain,tail,0.76,1.6718015140295028,0.31618794858455657,100
passive_2,tail,tail/dope/bargain,xtail,0.78,1.372941255760379,0.1840990759851411,100
passive_2,tail,tail/duck/dawn,head,0.85,1.4289227510988711,1.1758716334402561,100
passive_2,tail,tail/duck/dawn,tail,0.84,1.4574174531549215,1.1590668984502555,100
passive_2,tail,tail/duck/dawn,xtail,0.88,1.4135606163740158,1.0004620975255967,100
passive_2,tail,tail/eschew/languish,head,0.97,3.4889102631062268,2.7861862187832593,100
passive_2,tail,tail/eschew/languish,tail,0.99,4.026366691328585,3.155667651630938,100
passive_2,tail,tail/eschew/languish,xtail,0.99,4.127657072432339,3.4063819085434077,100
passive_2,tail,tail/evade/inquire,head,0.63,0.5403148102760315,-1.6185872077941894,100
passive_2,tail,tail/evade/inquire,tail,0.74,1.0586716258525848,-0.9958769369125366,100
passive_2,tail,tail/evade/inquire,xtail,0.63,0.5645154112577438,-1.4762498480081558,100
passive_2,tail,tail/exert/slump,head,0.57,0.3114115852117538,-0.7265853577852249,100
passive_2,tail,tail/exert/slump,tail,0.81,1.162922842502594,-0.06077919006347656,100
passive_2,tail,tail/exert/slump,xtail,0.75,1.4102517700195312,0.3820234727859497,100
passive_2,tail,tail/fleece/vie,head,0.99,4.490825692084618,1.9529097816022114,100
passive_2,tail,tail/fleece/vie,tail,0.98,4.7240554097294805,2.0803918662667273,100
passive_2,tail,tail/fleece/vie,xtail,0.93,4.184152931766585,1.7408227010536939,100
passive_2,tail,tail/forest/function,head,0.74,1.4249891431070865,0.24349616477265953,100
passive_2,tail,tail/forest/function,tail,0.77,1.7988400515913963,0.6663341006636619,100
passive_2,tail,tail/forest/function,xtail,0.71,1.3839741609990597,0.07621988996863366,100
passive_2,tail,tail/gag/blossom,head,0.99,4.630235664248467,3.8456444758176804,100
passive_2,tail,tail/gag/blossom,tail,0.98,5.101178749501705,4.321432873904705,100
passive_2,tail,tail/gag/blossom,xtail,0.93,4.286590561866761,3.539283890724182,100
passive_2,tail,tail/galvanize/transpire,head,0.92,3.9896355678979307,3.7653006043378263,100
passive_2,tail,tail/galvanize/transpire,tail,0.94,4.3299785374198105,4.249334822753444,100
passive_2,tail,tail/galvanize/transpire,xtail,0.91,3.849411024525762,3.6928323716670275,100
passive_2,tail,tail/garnish/toil,head,0.91,2.7013709938339887,1.5055745041184128,100
passive_2,tail,tail/garnish/toil,tail,0.95,2.8381300278753043,1.6597857042402029,100
passive_2,tail,tail/garnish/toil,xtail,0.97,3.146630403138697,2.0666763416305183,100
passive_2,tail,tail/heap/grin,head,0.44,-0.4656892545893788,1.838712078742683,100
passive_2,tail,tail/heap/grin,tail,0.49,-0.023952674865722657,1.982634414434433,100
passive_2,tail,tail/heap/grin,xtail,0.42,-0.5317478537559509,1.3093368303775788,100
passive_2,tail,tail/imitate/linger,head,0.95,2.676245051911101,1.6491811564471572,100
passive_2,tail,tail/imitate/linger,tail,0.98,3.3038950908370315,2.0129400789923966,100
passive_2,tail,tail/imitate/linger,xtail,0.98,3.174274097532034,2.059353509992361,100
passive_2,tail,tail/ingest/conspire,head,0.79,1.6705267180874943,0.4406595601513982,100
passive_2,tail,tail/ingest/conspire,tail,0.8,1.6841038024425508,0.3403636229038238,100
passive_2,tail,tail/ingest/conspire,xtail,0.86,1.996413162946701,0.8241677439212799,100
passive_2,tail,tail/nab/retaliate,head,0.94,2.7176602827802707,1.3232294904485753,100
passive_2,tail,tail/nab/retaliate,tail,0.91,2.8189492277550743,1.415613838856225,100
passive_2,tail,tail/nab/retaliate,xtail,0.92,2.7142265953464086,1.496251071874576,100
passive_2,tail,tail/orphan/adhere,head,0.95,3.8993117107707076,1.0910584570723585,100
passive_2,tail,tail/orphan/adhere,tail,0.97,4.386631178036332,1.4093086866289377,100
passive_2,tail,tail/orphan/adhere,xtail,0.96,3.6807018198259174,0.8084216858632862,100
passive_2,tail,tail/outdo/recede,head,0.92,3.26731478959322,2.87204885751009,100
passive_2,tail,tail/outdo/recede,tail,0.98,4.34878619492054,3.936303371787071,100
passive_2,tail,tail/outdo/recede,xtail,0.92,3.783795899823308,3.4415490252524616,100
passive_2,tail,tail/overestimate/diverge,head,1.0,4.978226320371032,3.6781752832978962,100
passive_2,tail,tail/overestimate/diverge,tail,0.99,5.151547313146293,3.696372263841331,100
passive_2,tail,tail/overestimate/diverge,xtail,0.98,5.016527640996501,3.5366137816291303,100
passive_2,tail,tail/perfume/reel,head,0.93,3.3601709190011024,-0.07797337979078292,100
passive_2,tail,tail/perfume/reel,tail,0.96,3.370725743472576,-0.27337789922952654,100
passive_2,tail,tail/perfume/reel,xtail,0.94,3.2524254986643792,-0.01560211569070816,100
passive_2,tail,tail/preclude/fluctuate,head,1.0,6.994535830020904,8.225480325222016,100
passive_2,tail,tail/preclude/fluctuate,tail,1.0,6.852863013744354,8.169425768852234,100
passive_2,tail,tail/preclude/fluctuate,xtail,1.0,7.187382638454437,8.163947141170501,100
passive_2,tail,tail/quarry/rave,head,0.63,0.5079002471268177,-1.2831079690158367,100
passive_2,tail,tail/quarry/rave,tail,0.66,1.0006898103654385,-0.8325027073919773,100
passive_2,tail,tail/quarry/rave,xtail,0.68,1.0667810034751892,-0.7139419984817504,100
passive_2,tail,tail/quell/sympathize,head,0.95,3.4609922602772714,2.1210759881138803,100
passive_2,tail,tail/quell/sympathize,tail,1.0,3.8082291436195375,2.4567944276332856,100
passive_2,tail,tail/quell/sympathize,xtail,1.0,4.223732925057411,2.671109945178032,100
passive_2,tail,tail/rear/sin,head,0.78,1.8523185861110687,2.2066804587841036,100
passive_2,tail,tail/rear/sin,tail,0.81,2.432324153184891,2.559946345090866,100
passive_2,tail,tail/rear/sin,xtail,0.85,2.5143102315068244,2.573272331058979,100
passive_2,tail,tail/recast/reappear,head,0.89,2.3933566400408743,3.2147469040751457,100
passive_2,tail,tail/recast/reappear,tail,0.91,2.5435923799872397,3.547381564080715,100
passive_2,tail,tail/recast/reappear,xtail,0.89,2.415598458647728,3.3130662232637405,100
passive_2,tail,tail/refund/clash,head,0.94,3.268689260748215,2.471355948713608,100
passive_2,tail,tail/refund/clash,tail,0.89,3.068396660145372,2.2519365132413807,100
passive_2,tail,tail/refund/clash,xtail,0.85,2.8779520966671406,2.0980982281826437,100
passive_2,tail,tail/reinstall/seep,head,0.88,2.4528728490136564,-0.26647691676393154,100
passive_2,tail,tail/reinstall/seep,tail,0.75,2.072116412082687,-0.9490243790950627,100
passive_2,tail,tail/reinstall/seep,xtail,0.83,2.1658157832361757,-0.49553247382864357,100
passive_2,tail,tail/rouse/lurk,head,1.0,5.751998072266579,4.988960501551628,100
passive_2,tail,tail/rouse/lurk,tail,1.0,5.79120182916522,4.977689631432295,100
passive_2,tail,tail/rouse/lurk,xtail,1.0,6.022479167878628,5.257169832885265,100
passive_2,tail,tail/safeguard/blush,head,0.73,1.7024390397127718,1.787559178834781,100
passive_2,tail,tail/safeguard/blush,tail,0.85,2.054983276426792,2.1430761244893075,100
passive_2,tail,tail/safeguard/blush,xtail,0.8,1.7502498539886437,1.9260031064949,100
passive_2,tail,tail/scrub/thrive,head,0.97,3.5282887338020372,3.4652349804260303,100
passive_2,tail,tail/scrub/thrive,tail,0.98,3.348569960533059,3.309877233444131,100
passive_2,tail,tail/scrub/thrive,xtail,0.95,2.9403256301395597,2.874273488949984,100
passive_2,tail,tail/slander/glare,head,0.91,2.8814206473855304,0.6495644121197983,100
passive_2,tail,tail/slander/glare,tail,0.94,3.45468771554064,1.0780296061141417,100
passive_2,tail,tail/slander/glare,xtail,0.88,2.761137265624129,0.7463419706240529,100
passive_2,tail,tail/smother/subside,head,0.96,3.618978360146284,4.137306962460279,100
passive_2,tail,tail/smother/subside,tail,0.91,3.5966225208342077,4.288807128816843,100
passive_2,tail,tail/smother/subside,xtail,0.93,2.9139877313375475,3.441097396016121,100
passive_2,tail,tail/spice/pee,head,0.44,-0.12677399098873138,0.3184130078554153,100
passive_2,tail,tail/spice/pee,tail,0.52,0.19257925152778627,0.5528405058383942,100
passive_2,tail,tail/spice/pee,xtail,0.54,0.36713247060775756,0.5812481784820557,100
passive_2,tail,tail/stockpile/shudder,head,0.77,2.007588022858836,2.4561337541649118,100
passive_2,tail,tail/stockpile/shudder,tail,0.8,2.3660610297042877,2.744747865470126,100
passive_2,tail,tail/stockpile/shudder,xtail,0.85,2.238552092369646,2.57327717429027,100
passive_2,tail,tail/stow/abstain,head,0.81,2.48054514169693,3.2775787019729616,100
passive_2,tail,tail/stow/abstain,tail,0.84,2.571741918027401,3.287271793782711,100
passive_2,tail,tail/stow/abstain,xtail,0.87,2.7022086292505265,3.054306398034096,100
passive_2,tail,tail/subjugate/collude,head,0.74,1.661640359912999,1.9457277806149795,100
passive_2,tail,tail/subjugate/collude,tail,0.86,2.3154100956302135,2.4518801464419813,100
passive_2,tail,tail/subjugate/collude,xtail,0.86,2.3024709066841753,2.4821693751309066,100
passive_2,tail,tail/subvert/persevere,head,0.57,0.29876249281689526,0.2372077831439674,100
passive_2,tail,tail/subvert/persevere,tail,0.72,0.8758858861867338,0.8425828208867461,100
passive_2,tail,tail/subvert/persevere,xtail,0.66,0.6868473627232015,0.571532163824886,100
passive_2,tail,tail/tame/chuckle,head,0.97,4.6867171728610995,2.479379053115845,100
passive_2,tail,tail/tame/chuckle,tail,1.0,5.8311368411779405,2.933604889512062,100
passive_2,tail,tail/tame/chuckle,xtail,0.99,5.550459738969803,2.7382115840911867,100
passive_2,tail,tail/trademark/bloom,head,0.94,2.5549998912215233,1.7730813774466514,100
passive_2,tail,tail/trademark/bloom,tail,0.92,2.986826196461916,2.161673720628023,100
passive_2,tail,tail/trademark/bloom,xtail,0.95,3.2773167642019687,2.5464557774923744,100
passive_2,tail,tail/transcend/concur,head,0.66,0.8498929604887963,0.45789191871881485,100
passive_2,tail,tail/transcend/concur,tail,0.63,1.1268552366271616,0.9155823663249611,100
passive_2,tail,tail/transcend/concur,xtail,0.69,0.9600067033059895,0.6091926647908985,100
passive_2,tail,tail/utter/creep,head,0.99,4.093355580568313,2.1575110149383545,100
passive_2,tail,tail/utter/creep,tail,1.0,4.0376353001594545,2.160353355407715,100
passive_2,tail,tail/utter/creep,xtail,0.99,3.911755895614624,2.4540796089172363,100
passive_2,tail,tail/whitewash/wane,head,0.84,2.0605452072620394,1.8336466777324676,100
passive_2,tail,tail/whitewash/wane,tail,0.85,1.853282068967819,1.7543177843093871,100
passive_2,tail,tail/whitewash/wane,xtail,0.74,1.5419835221767426,1.4766005313396453,100
passive_2,xtail,xtail/blab/loll,head,0.52,0.048380451500415804,-0.5674182161688804,100
passive_2,xtail,xtail/blab/loll,tail,0.44,-0.36771141946315766,-0.839198631644249,100
passive_2,xtail,xtail/blab/loll,xtail,0.46,-0.27463174849748617,-0.7093518474698066,100
passive_2,xtail,xtail/blaspheme/seethe,head,0.59,0.527610742150573,0.47651120692375115,100
passive_2,xtail,xtail/blaspheme/seethe,tail,0.51,-0.11167554431944154,-0.3178943210223224,100
passive_2,xtail,xtail/blaspheme/seethe,xtail,0.53,0.33772750354139136,0.13512031650869175,100
passive_2,xtail,xtail/clout/grouse,head,0.84,1.8482949724816717,1.1898444166802802,100
passive_2,xtail,xtail/clout/grouse,tail,0.8,1.913107639187947,1.1550870093051344,100
passive_2,xtail,xtail/clout/grouse,xtail,0.86,2.1639384128968233,1.5244022002140991,100
passive_2,xtail,xtail/crate/lumber,head,0.49,-0.047956904405727974,-1.1551366772595792,100
passive_2,xtail,xtail/crate/lumber,tail,0.62,0.3888139400375076,-0.910036071788054,100
passive_2,xtail,xtail/crate/lumber,xtail,0.53,0.0877207917254418,-1.1207563858944922,100
passive_2,xtail,xtail/daub/resound,head,0.78,1.7232218096032739,3.2901989195123313,100
passive_2,xtail,xtail/daub/resound,tail,0.82,2.074654480367899,3.7309659434854985,100
passive_2,xtail,xtail/daub/resound,xtail,0.71,1.2486947324685753,2.7467915156297384,100
passive_2,xtail,xtail/debug/tingle,head,0.96,2.922867936193943,2.315205890238285,100
passive_2,xtail,xtail/debug/tingle,tail,0.93,2.9557469879975544,2.2373439287533983,100
passive_2,xtail,xtail/debug/tingle,xtail,0.93,2.7802590111177414,2.1972090652864424,100
passive_2,xtail,xtail/disabuse/sidle,head,0.98,5.154815715076402,2.8210578603763135,100
passive_2,xtail,xtail/disabuse/sidle,tail,1.0,5.907335121422075,3.4879794917395337,100
passive_2,xtail,xtail/disabuse/sidle,xtail,0.99,5.4511516276001935,3.5191300204396248,100
passive_2,xtail,xtail/disgorge/exult,head,0.49,0.006304979543201634,0.29720915101002904,100
passive_2,xtail,xtail/disgorge/exult,tail,0.43,-0.36582081275992095,-0.021802724180743093,100
passive_2,xtail,xtail/disgorge/exult,xtail,0.45,-0.28109398304019123,0.09797187627758831,100
passive_2,xtail,xtail/disquiet/goggle,head,0.85,2.297222756464034,1.9678876164741814,100
passive_2,xtail,xtail/disquiet/goggle,tail,0.93,3.1696433718316257,2.766964953672141,100
passive_2,xtail,xtail/disquiet/goggle,xtail,0.91,2.5774650335498155,2.1954617941565813,100
passive_2,xtail,xtail/doff/salivate,head,0.39,-0.350120288208127,0.050450165197253226,100
passive_2,xtail,xtail/doff/salivate,tail,0.29,-0.8923822612315416,-0.2538847894221544,100
passive_2,xtail,xtail/doff/salivate,xtail,0.41,-0.6824390210956335,0.09636961795389652,100
passive_2,xtail,xtail/edify/toddle,head,1.0,4.973653848767281,3.051174276471138,100
passive_2,xtail,xtail/edify/toddle,tail,1.0,5.449188511967659,3.512864071726799,100
passive_2,xtail,xtail/edify/toddle,xtail,1.0,5.235752981305122,3.5449545842409136,100
passive_2,xtail,xtail/espy/scram,head,0.42,-0.03920613296329975,0.7991427623480558,100
passive_2,xtail,xtail/espy/scram,tail,0.51,0.3375050367414951,1.1791149272024632,100
passive_2,xtail,xtail/espy/scram,xtail,0.64,0.5771555850282312,1.3892817256227135,100
passive_2,xtail,xtail/extirpate/vegetate,head,0.75,1.5233857989567332,1.3526378798740917,100
passive_2,xtail,xtail/extirpate/vegetate,tail,0.92,2.368829753868049,2.1751266150397712,100
passive_2,xtail,xtail/extirpate/vegetate,xtail,0.89,2.596438636763487,2.363237154467497,100
passive_2,xtail,xtail/filch/smolder,head,0.83,1.883810608086642,2.4849850007868373,100
passive_2,xtail,xtail/filch/smolder,tail,0.83,1.831893048780039,2.5103028767276556,100
passive_2,xtail,xtail/filch/smolder,xtail,0.91,2.1700899335741997,2.7483411964774134,100
passive_2,xtail,xtail/garland/banter,head,0.68,1.2288340512057767,0.33636605651583523,100
passive_2,xtail,xtail/garland/banter,tail,0.71,1.4601711435429752,0.4547292943112552,100
passive_2,xtail,xtail/garland/banter,xtail,0.71,1.2685866727493704,0.3307193555496633,100
passive_2,xtail,xtail/gull/desist,head,0.87,2.4158063995838166,2.3747421669960023,100
passive_2,xtail,xtail/gull/desist,tail,0.85,2.8494333827495577,2.9181300473213194,100
passive_2,xtail,xtail/gull/desist,xtail,0.82,2.4711609184741974,2.455917897224426,100
passive_2,xtail,xtail/guzzle/commiserate,head,0.24,-1.557691393364221,-0.3282034026272595,100
passive_2,xtail,xtail/guzzle/commiserate,tail,0.23,-1.4515725692547858,-0.2024997946061194,100
passive_2,xtail,xtail/guzzle/commiserate,xtail,0.27,-1.141718465015292,-0.01936434380710126,100
passive_2,xtail,xtail/heft/hibernate,head,0.66,0.7917477855249309,2.618589769320097,100
passive_2,xtail,xtail/heft/hibernate,tail,0.49,0.12251515423122328,2.068346128810081,100
passive_2,xtail,xtail/heft/hibernate,xtail,0.52,0.2701088584307581,1.9087494123820214,100
passive_2,xtail,xtail/immolate/vacillate,head,0.97,3.6547113531827926,3.37007237136364,100
passive_2,xtail,xtail/immolate/vacillate,tail,0.99,4.1892920738831165,3.946709774173796,100
passive_2,xtail,xtail/immolate/vacillate,xtail,0.96,3.474698932878673,3.2424542052671312,100
passive_2,xtail,xtail/incriminate/sulk,head,0.63,1.0728819637186826,1.2504059080965817,100
passive_2,xtail,xtail/incriminate/sulk,tail,0.79,1.8818995822872966,1.9956387235131114,100
passive_2,xtail,xtail/incriminate/sulk,xtail,0.78,1.9506339694559574,2.0460758616030215,100
passive_2,xtail,xtail/lard/fizz,head,0.61,0.7864952492713928,2.3447821879386903,100
passive_2,xtail,xtail/lard/fizz,tail,0.62,0.8161237454414367,2.574181275367737,100
passive_2,xtail,xtail/lard/fizz,xtail,0.74,0.8359901314973831,2.524202225804329,100
passive_2,xtail,xtail/lather/slouch,head,0.23,-1.9242831993103027,-1.2278976929187775,100
passive_2,xtail,xtail/lather/slouch,tail,0.21,-2.3346931278705596,-1.3909811341762544,100
passive_2,xtail,xtail/lather/slouch,xtail,0.1,-2.6269762325286865,-1.7263925290107727,100
passive_2,xtail,xtail/lug/drool,head,0.59,0.4875234577804804,2.124845101609826,100
passive_2,xtail,xtail/lug/drool,tail,0.5,0.0787495920807123,1.8619539401680232,100
passive_2,xtail,xtail/lug/drool,xtail,0.59,0.3687263608537614,2.065817031916231,100
passive_2,xtail,xtail/mistrust/coexist,head,0.96,3.9506682481791358,2.6368741920019967,100
passive_2,xtail,xtail/mistrust/coexist,tail,0.97,4.024098533603828,2.6979714193078688,100
passive_2,xtail,xtail/mistrust/coexist,xtail,0.96,3.448347559872782,1.9920711168681737,100
passive_2,xtail,xtail/mulch/bustle,head,0.67,0.7905800651013851,-1.0362930561602115,100
passive_2,xtail,xtail/mulch/bustle,tail,0.61,0.5672067832946778,-1.3363244140148163,100
passive_2,xtail,xtail/mulch/bustle,xtail,0.55,0.2691818106174469,-1.1622841155529022,100
passive_2,xtail,xtail/obviate/teem,head,0.97,4.195067513324321,2.885380304194987,100
passive_2,xtail,xtail/obviate/teem,tail,0.99,4.179025411512702,2.7928511117957533,100
passive_2,xtail,xtail/obviate/teem,xtail,1.0,4.580103739174083,3.2739508279878646,100
passive_2,xtail,xtail/ogle/wallow,head,0.98,3.756634568274021,2.2556958296895027,100
passive_2,xtail,xtail/ogle/wallow,tail,0.99,3.432934909462929,1.7931177550554276,100
passive_2,xtail,xtail/ogle/wallow,xtail,0.98,3.3051530638337137,1.7392509117722512,100
passive_2,xtail,xtail/outshine/gape,head,0.24,-1.317381494641304,-0.2868444687128067,100
passive_2,xtail,xtail/outshine/gape,tail,0.22,-1.4613101977109908,-0.3343113225698471,100
passive_2,xtail,xtail/outshine/gape,xtail,0.26,-1.2614444553852082,-0.10358781695365908,100
passive_2,xtail,xtail/perm/fawn,head,0.84,2.1289140112139284,-1.840974386241287,100
passive_2,xtail,xtail/perm/fawn,tail,0.77,1.7955015857703984,-2.395513726901263,100
passive_2,xtail,xtail/perm/fawn,xtail,0.82,2.2077935610711577,-1.6242141129076482,100
passive_2,xtail,xtail/pigeonhole/hitchhike,head,0.99,5.226505584439874,4.56875393243754,100
passive_2,xtail,xtail/pigeonhole/hitchhike,tail,0.99,5.019423974771053,4.293519107121974,100
passive_2,xtail,xtail/pigeonhole/hitchhike,xtail,0.99,5.011767292591976,4.392377480837749,100
passive_2,xtail,xtail/placate/crackle,head,0.94,5.166902781128884,4.735170618891716,100
passive_2,xtail,xtail/placate/crackle,tail,0.96,5.503782401829958,4.960668292790651,100
passive_2,xtail,xtail/placate/crackle,xtail,0.95,5.211208245456219,4.78459467023611,100
passive_2,xtail,xtail/prise/jut,head,0.96,4.044045115113258,5.411254490017891,100
passive_2,xtail,xtail/prise/jut,tail,0.94,3.754736305475235,5.339689589738846,100
passive_2,xtail,xtail/prise/jut,xtail,0.95,3.909328709542751,5.019416600167752,100
passive_2,xtail,xtail/rearm/totter,head,0.8,2.4951850843429564,1.2940705633163452,100
passive_2,xtail,xtail/rearm/totter,tail,0.92,3.0123336839675905,1.6003216445446014,100
passive_2,xtail,xtail/rearm/totter,xtail,0.93,2.7259351629018784,1.5117067700624467,100
passive_2,xtail,xtail/recompense/leer,head,0.96,4.019669319055975,1.756621924303472,100
passive_2,xtail,xtail/recompense/leer,tail,0.98,4.4360483606532215,1.9472018929198385,100
passive_2,xtail,xtail/recompense/leer,xtail,0.93,4.247798092402518,2.030466157235205,100
passive_2,xtail,xtail/redress/pant,head,0.88,1.6608354008197785,0.6543185997009278,100
passive_2,xtail,xtail/redress/pant,tail,0.87,1.8283190059661865,0.6734713649749756,100
passive_2,xtail,xtail/redress/pant,xtail,0.92,1.8237380123138427,0.8451196599006653,100
passive_2,xtail,xtail/regale/writhe,head,1.0,3.7663578908145428,4.722324194163084,100
passive_2,xtail,xtail/regale/writhe,tail,0.98,3.9675546303391456,4.913128596842289,100
passive_2,xtail,xtail/regale/writhe,xtail,0.96,3.687440671175718,4.458480968922377,100
passive_2,xtail,xtail/reproach/whiz,head,0.92,4.39672388702631,2.3108176401257516,100
passive_2,xtail,xtail/reproach/whiz,tail,0.97,4.3316089298576115,2.2455153634399174,100
passive_2,xtail,xtail/reproach/whiz,xtail,0.93,4.1860080491006375,2.556064183562994,100
passive_2,xtail,xtail/reprove/remonstrate,head,0.72,0.7917664534412324,-0.23161203199997543,100
passive_2,xtail,xtail/reprove/remonstrate,tail,0.75,1.0047372820600868,0.06356864716857674,100
passive_2,xtail,xtail/reprove/remonstrate,xtail,0.79,1.1230718379840254,0.26236661490052937,100
passive_2,xtail,xtail/resupply/slog,head,0.81,2.001811002474278,1.3025863122753798,100
passive_2,xtail,xtail/resupply/slog,tail,0.84,1.913666136711836,1.1977182142436504,100
passive_2,xtail,xtail/resupply/slog,xtail,0.76,1.3337663676589728,0.8349905373901129,100
passive_2,xtail,xtail/shoo/quiver,head,0.82,1.5423653746116905,3.995494637535885,100
passive_2,xtail,xtail/shoo/quiver,tail,0.8,1.3301495727710426,3.9920679601840674,100
passive_2,xtail,xtail/shoo/quiver,xtail,0.76,1.15046446794644,3.431124321166426,100
passive_2,xtail,xtail/shoplift/eventuate,head,0.91,3.64204350623535,3.3045070115034467,100
passive_2,xtail,xtail/shoplift/eventuate,tail,0.86,2.8351095578237437,2.578850153402891,100
passive_2,xtail,xtail/shoplift/eventuate,xtail,0.86,2.618978923121467,2.331887485543266,100
passive_2,xtail,xtail/stopper/quack,head,0.52,0.1294248855113983,0.08584648728370667,100
passive_2,xtail,xtail/stopper/quack,tail,0.54,0.2476481807231903,0.15409371376037598,100
passive_2,xtail,xtail/stopper/quack,xtail,0.52,-0.03623630657792091,-0.1457041634619236,100
passive_2,xtail,xtail/suckle/defecate,head,0.45,-0.5851735366601497,0.6326342593412846,100
passive_2,xtail,xtail/suckle/defecate,tail,0.47,-0.026982184797525403,1.5806476698815823,100
passive_2,xtail,xtail/suckle/defecate,xtail,0.42,-0.2683856774121523,1.0853207420557738,100
passive_2,xtail,xtail/sunder/eavesdrop,head,0.82,2.0889025944657624,0.9781441241689026,100
passive_2,xtail,xtail/sunder/eavesdrop,tail,0.91,2.582997881746851,1.4552474957471713,100
passive_2,xtail,xtail/sunder/eavesdrop,xtail,0.81,2.092084738588892,1.0849430864816532,100
passive_2,xtail,xtail/swaddle/decamp,head,0.45,-0.5373275795532391,0.9075230702804401,100
passive_2,xtail,xtail/swaddle/decamp,tail,0.35,-0.8695112090278417,0.8320132572483271,100
passive_2,xtail,xtail/swaddle/decamp,xtail,0.45,-0.44350957198068497,1.0031123395450414,100
passive_2,xtail,xtail/tithe/putter,head,0.89,2.8747535276412965,1.8882810223102569,100
passive_2,xtail,xtail/tithe/putter,tail,0.92,2.8406620371341704,1.8182732355594635,100
passive_2,xtail,xtail/tithe/putter,xtail,0.92,2.527718545794487,1.6543062955141068,100
passive_2,xtail,xtail/unlatch/burgeon,head,0.46,-0.17030229674477596,-0.9378297709097387,100
passive_2,xtail,xtail/unlatch/burgeon,tail,0.49,-0.13520557730924337,-0.9503779503656551,100
passive_2,xtail,xtail/unlatch/burgeon,xtail,0.41,-0.27699476063484324,-0.9708231920027174,100
passive_2,xtail,xtail/wad/shimmer,head,0.4,-0.3825197273492813,1.0641850489377975,100
passive_2,xtail,xtail/wad/shimmer,tail,0.28,-0.8389295326173305,0.6060034169256687,100
passive_2,xtail,xtail/wad/shimmer,xtail,0.34,-0.5791355761140585,0.7513435784727335,100
passive_2,xtail,xtail/wag/bask,head,0.39,-0.360563759803772,0.24535206079483032,100
passive_2,xtail,xtail/wag/bask,tail,0.41,-0.4436436915397644,0.1263775086402893,100
passive_2,xtail,xtail/wag/bask,xtail,0.49,0.023699915409088126,0.48763344049453733,100
passive_2,xtail,xtail/wallop/gloat,head,0.39,-0.30442470908164976,-0.6558399033546448,100
passive_2,xtail,xtail/wallop/gloat,tail,0.32,-0.6015408086776733,-1.0312909531593322,100
passive_2,xtail,xtail/wallop/gloat,xtail,0.34,-0.5477253186702729,-0.925226594209671,100
