site,epoch,iia,pc,iia_same,david,rev
0,3,0.071,0.046,0.968,0.07,0.021
1,3,0.101,0.15,0.97,0.098,0.069
2,1,0.149,0.228,0.971,0.159,0.096
3,6,0.288,0.503,0.984,0.283,0.201
4,3,0.454,0.626,0.986,0.425,0.312
5,7,0.551,0.678,0.988,0.527,0.377
6,7,0.669,0.728,0.991,0.663,0.499
7,6,0.728,0.737,0.99,0.716,0.563
8,8,0.803,0.776,0.99,0.795,0.651
9,6,0.81,0.767,0.991,0.791,0.684
10,4,0.843,0.799,0.99,0.852,0.689
11,6,0.883,0.847,0.99,0.871,0.739
12,5,0.921,0.875,0.99,0.918,0.85
13,5,0.94,0.93,0.991,0.928,0.838
14,6,0.959,0.974,0.99,0.944,0.9
15,2,0.967,0.999,0.99,0.947,0.907
16,8,0.975,1.053,0.989,0.969,0.957
17,5,0.987,1.13,0.988,0.983,1.016
18,4,0.989,1.165,0.987,0.983,1.031
19,3,0.99,1.246,0.986,0.989,1.034
20,4,0.994,1.289,0.985,0.994,1.075
21,3,0.992,1.309,0.982,0.992,1.079
22,3,0.993,1.332,0.979,0.994,1.127
23,6,0.996,1.432,0.974,0.994,1.219
24,2,0.997,1.383,0.937,1.0,1.154
