frame,readout,P.est,P.lo,P.hi,N.est,N.lo,N.hi,net.est,net.lo,net.hi,ln.est,ln.lo,ln.hi,resid.est,resid.lo,resid.hi,actual.est,actual.lo,actual.hi
active,by,1.434002161026001,1.3057304531335832,1.601632970571518,-3.2673301696777344,-3.642525053024292,-2.936496484279633,-1.8333278894424438,-2.1636673510074615,-1.5129995197057724,0.0432412214577198,-0.12678011693060398,0.2283662844449281,-4.6863010538800154e-07,-1.2599667030599448e-06,3.454785293399705e-07,-1.7900872230529785,-2.076170790195465,-1.5131807386875156
active,dot,1.7422993183135986,1.5410781413316728,1.986033409833908,-4.3414435386657715,-4.709332060813904,-4.017534792423248,-2.599144220352173,-2.8890021622180937,-2.3096640408039093,0.029469696804881096,-0.1587968159466982,0.22991423383355125,4.396833048758708e-07,-5.866133733434253e-07,1.447385099595521e-06,-2.569674491882324,-2.874602657556534,-2.298671317100525
active,the,2.6807711124420166,2.3900921761989595,3.0409477353096004,-1.3545920848846436,-1.5404862642288208,-1.245651525259018,1.3261789083480835,1.027502179145813,1.5893093973398207,0.019888876006007195,-0.1592688336968422,0.21134591996669766,2.8119615080868243e-07,-7.674418867509302e-07,1.3219099713523952e-06,1.346068024635315,1.0855141699314117,1.5949187755584717
active,him,4.115207195281982,3.7253381669521333,4.56974674463272,-1.3291376829147339,-1.548588091135025,-1.145714095234871,2.786069393157959,2.455265259742737,3.1253158032894133,0.013977699913084507,-0.11231608241796494,0.1505691986531019,-2.245306944814729e-07,-1.0967283287754981e-06,6.867362401408172e-07,2.8000471591949463,2.4635711789131163,3.1455623686313627
active,Obar,2.1920881271362305,2.017138588428497,2.446483129262924,-0.8003697395324707,-0.942726592719555,-0.7144164279103279,1.3917183876037598,1.1620824724435805,1.6086138904094696,0.022265998646616936,-0.11070156265050173,0.16589640490710736,-6.716391709460368e-08,-3.14181691152271e-07,1.7470521633811117e-07,1.4139844179153442,1.2222590118646621,1.6031396627426147
passive,by,1.8672322034835815,1.7431813180446625,2.0095432937145232,-1.4175831079483032,-1.506927102804184,-1.3336877465248107,0.44964897632598877,0.34455967545509336,0.5537664741277695,0.04828188568353653,-0.01686638449318707,0.10427037272602319,-8.5949380945749e-10,-2.1954614908281657e-07,2.223300064940758e-07,0.49793097376823425,0.41503567174077033,0.5808191448450089
passive,dot,1.1281505823135376,1.0540512591600417,1.20892873108387,-1.3491121530532837,-1.4192515045404435,-1.281022495031357,-0.22096143662929535,-0.2903887376189232,-0.1494700536131859,0.048441603779792786,-0.010069645638577639,0.0997553251683712,-2.078863872156944e-07,-4.423823241950231e-07,1.997172041079381e-08,-0.17252013087272644,-0.21859109699726104,-0.12993948794901372
passive,the,1.2818150520324707,1.2243808686733246,1.3671526223421095,-0.9160682559013367,-0.9890218153595924,-0.8680276930332184,0.3657468259334564,0.3045300029218197,0.42958991155028337,0.03818095102906227,-0.00978357777930796,0.08044260591268539,2.3393897663481766e-07,8.730473197715582e-08,3.862153562295134e-07,0.4039280116558075,0.3565718173980713,0.4488784626126289
passive,him,1.72401762008667,1.629062470793724,1.825583329796791,-0.5733247995376587,-0.6223751500248909,-0.530552875995636,1.1506927013397217,1.0556074976921082,1.2491729617118834,0.022590933367609978,-0.010213145054876804,0.050983873847872015,-6.52286615832054e-08,-1.9128759838338282e-07,6.673306831572744e-08,1.173283576965332,1.0725434690713882,1.2777436077594755
passive,Obar,1.0022330284118652,0.9510075822472572,1.0576130121946334,-0.49790358543395996,-0.5321818739175797,-0.46505902558565143,0.5043294429779053,0.46446552500128746,0.5477302327752114,0.025657445192337036,-0.00824672922026366,0.0548733666539192,8.029234166428978e-09,-2.0094397035208544e-08,3.729479454150915e-08,0.5299869179725647,0.48821563124656675,0.5688263654708862
