tok,trans_lemma,trans_participle,intrans_lemma,intrans_participle,trans_tag,intrans_tag,trans_participle_zipf,intrans_participle_zipf,trans_lemma_zipf,intrans_lemma_zipf,trans_lemma_sum_zipf,intrans_lemma_sum_zipf,trans_ntok,intrans_ntok,gap
multi,engrave,engraved,feud,feuded,head,near_head,3.52,2.01,2.37,3.62,3.75,3.75,2,2,0.0
multi,renovate,renovated,dissent,dissented,head,near_head,3.56,2.56,3.05,3.56,3.76,3.76,2,2,0.0
multi,counterfeit,counterfeited,yearn,yearned,near_head,near_head,1.96,2.58,3.39,2.97,3.54,3.54,3,2,0.0
multi,sabotage,sabotaged,recur,recurred,near_head,near_head,2.92,2.33,3.62,2.65,3.78,3.78,2,2,0.0
multi,solicit,solicited,meditate,meditated,near_head,near_head,2.93,2.55,3.06,3.26,3.53,3.53,2,2,0.0
multi,baptize,baptized,tremble,trembled,near_head,near_head,3.46,2.55,2.68,3.04,3.56,3.56,2,3,0.0
multi,evict,evicted,succumb,succumbed,near_head,near_head,3.35,3.16,2.97,3.06,3.54,3.54,2,3,0.0
multi,acquit,acquitted,relapse,relapsed,near_head,near_head,3.44,2.71,2.58,3.32,3.52,3.52,2,2,0.0
multi,curate,curated,cringe,cringed,near_head,near_head,3.44,2.57,3.03,3.54,3.65,3.65,2,3,0.0
multi,disqualify,disqualified,limp,limped,near_head,near_head,3.44,2.6,2.94,3.43,3.62,3.62,2,2,0.0
multi,ratify,ratified,malfunction,malfunctioned,near_head,near_head,3.41,2.57,2.94,3.29,3.58,3.58,2,2,0.0
multi,archive,archived,rebel,rebelled,near_head,near_head,3.4,2.95,3.98,4.08,4.4,4.4,2,2,0.0
multi,pen,penned,resort,resorted,near_head,near_head,3.38,3.23,4.38,4.37,4.51,4.51,2,2,0.0
multi,obey,obeyed,intervene,intervened,near_head,near_head,3.02,3.35,3.83,3.65,3.97,3.97,2,2,0.0
multi,shun,shunned,sneeze,sneezed,near_head,near_head,3.11,2.68,3.24,3.19,3.56,3.56,2,3,0.0
multi,thwart,thwarted,tamper,tampered,near_head,near_head,3.15,2.95,3.06,2.89,3.51,3.51,2,2,0.0
multi,harass,harassed,excel,excelled,head,near_head,3.55,3.19,3.28,3.73,3.92,3.91,2,2,0.01
multi,jail,jailed,chat,chatted,head,near_head,3.59,3.17,4.62,4.57,4.68,4.67,2,2,0.01
multi,discredit,discredited,converse,conversed,near_head,near_head,3.15,2.28,3.36,3.48,3.63,3.62,2,2,0.01
multi,ridicule,ridiculed,perish,perished,near_head,near_head,3.19,3.3,3.34,3.32,3.64,3.65,2,2,0.01
multi,deceive,deceived,loom,loomed,near_head,near_head,3.39,2.8,3.38,3.34,3.82,3.81,2,2,0.01
multi,annex,annexed,fart,farted,head,near_head,3.5,2.78,3.5,3.59,3.85,3.84,2,2,0.01
multi,loot,looted,coincide,coincided,near_head,near_head,3.21,3.35,3.49,3.49,3.89,3.88,2,2,0.01
multi,congratulate,congratulated,preside,presided,near_head,near_head,3.21,3.41,3.59,2.99,3.85,3.84,2,2,0.01
multi,censor,censored,ache,ached,near_head,near_head,3.38,2.41,3.36,3.43,3.82,3.83,2,2,0.01
multi,pardon,pardoned,faint,fainted,near_head,near_head,3.11,3.12,3.82,3.78,3.95,3.94,3,2,0.01
multi,taunt,taunted,quarrel,quarrelled,near_head,near_head,2.74,2.23,2.96,3.31,3.53,3.54,2,3,0.01
multi,sack,sacked,reign,reigned,head,near_head,3.73,3.15,3.91,4.07,4.27,4.28,2,2,0.01
multi,slaughter,slaughtered,sprint,sprinted,head,near_head,3.53,2.69,3.84,3.96,4.06,4.07,3,2,0.01
multi,lynch,lynched,strive,striven,near_head,near_head,2.83,2.12,3.94,3.72,4.02,4.03,2,3,0.01
multi,repeal,repealed,dwell,dwelt,near_head,near_head,3.36,2.65,3.87,3.57,4.05,4.03,2,2,0.02
multi,televise,televised,allude,alluded,head,near_head,3.53,3.11,2.22,2.7,3.57,3.55,2,2,0.02
multi,trick,tricked,tower,towered,near_head,near_head,3.42,2.42,4.48,4.5,4.68,4.64,2,2,0.04
multi,contradict,contradicted,peek,peeked,near_head,near_head,3.14,2.64,3.35,3.7,3.78,3.83,2,2,0.05
multi,tow,towed,triumph,triumphed,near_head,near_head,3.38,2.91,3.72,3.96,4.0,4.07,2,3,0.07
multi,mock,mocked,defect,defected,near_head,near_head,3.43,3.03,3.85,3.68,4.16,4.08,2,2,0.08
single,analyze,analyzed,differ,differed,head,near_head,3.9,3.28,3.84,4.03,4.33,4.33,1,1,0.0
single,assess,assessed,peer,peered,head,near_head,3.9,2.66,4.07,4.14,4.41,4.41,1,1,0.0
single,depict,depicted,comply,complied,head,near_head,3.77,3.25,3.41,4.04,4.19,4.19,1,1,0.0
single,recite,recited,kneel,knelt,near_head,near_head,3.14,2.8,3.28,3.24,3.7,3.7,1,1,0.0
single,arrest,arrested,depend,depended,head,near_head,4.64,3.44,4.55,4.2,4.94,4.95,1,1,0.01
single,infer,inferred,err,erred,near_head,near_head,3.12,2.81,3.16,3.39,3.52,3.53,1,1,0.01
single,transplant,transplanted,collaborate,collaborated,near_head,near_head,3.06,3.37,3.76,3.51,3.93,3.94,1,1,0.01
single,facilitate,facilitated,disagree,disagreed,near_head,near_head,3.48,3.49,3.99,4.09,4.24,4.25,1,1,0.01
single,snatch,snatched,gaze,gazed,near_head,near_head,3.48,2.83,3.53,3.7,3.9,3.89,1,1,0.01
single,envision,envisioned,frown,frowned,near_head,near_head,3.37,3.24,3.17,3.26,3.67,3.66,1,1,0.01
single,underestimate,underestimated,hesitate,hesitated,near_head,near_head,3.39,3.08,3.69,3.79,3.93,3.92,1,1,0.01
single,probe,probed,reside,resided,near_head,near_head,2.88,3.33,3.99,3.67,4.17,4.15,1,1,0.02
single,grasp,grasped,glance,glanced,near_head,near_head,3.02,3.17,3.97,3.91,4.09,4.07,1,1,0.02
single,hug,hugged,arise,arisen,near_head,near_head,3.43,3.2,4.09,3.93,4.36,4.39,1,1,0.03
single,regain,regained,prevail,prevailed,near_head,near_head,3.49,3.41,3.73,3.55,4.01,4.04,1,1,0.03
single,dictate,dictated,persist,persisted,near_head,near_head,3.39,3.34,3.58,3.53,3.96,3.91,1,1,0.05
single,withhold,withheld,ensue,ensued,near_head,near_head,3.36,3.34,3.28,2.91,3.82,3.88,1,1,0.06
single,allow,allowed,care,cared,head,head,5.03,4.11,5.01,5.56,5.47,5.62,1,1,0.15
