lemma,class,past,participle,tag,band,participle_zipf,lemma_zipf,lemma_sum_zipf,participle_ntok,participle_tokens,past_ntok,included,use,reason,justification,round
account,intrans,accounted,accounted,head,head,3.82,5.21,5.38,1,Ġaccounted,1,False,excluded,override: relational or stative verb; odd with animate subjects,Head Zipf 3.82 and one token; flag prepositional account for and literary transitive account oneself lucky meaning consider.,4
agree,intrans,agreed,agreed,head,head,4.84,4.97,5.26,1,Ġagreed,1,False,excluded,drop: Ordinary British agree the terms permits the terms were agreed.,Head Zipf 4.84 and one token; ordinary agreement is intransitive; flag agree with or on plus British agree rental terms and clausal complements. [MW](https://www.merriam-webster.com/dictionary/agree),3
amount,intrans,amounted,amounted,head,head,3.53,5.13,5.22,1,Ġamounted,1,False,excluded,override: relational or stative verb; odd with animate subjects,Head Zipf 3.53 and one token; prepositional-object amount to rejects a bare passive. [MW](https://www.merriam-webster.com/dictionary/amount),3
appeal,intrans,appealed,appealed,head,head,3.83,4.67,4.9,1,Ġappealed,1,False,excluded,drop: Ordinary legal appeal a decision permits a bare passive.,Head Zipf 3.83 and one token; ordinary earnest-request appeal to or for is intransitive; flag legal transitive appeal a judgment. [MW](https://www.merriam-webster.com/dictionary/appeal),3
become,intrans,became,become,head,head,5.4,5.4,5.72,1,Ġbecome,1,False,excluded,drop: Copular change-of-state verb; literary transitive this dress becomes you is an additional complication.,Head Zipf 5.40 and one token; ordinary copular use requires a predicate; flag literary transitive this hat becomes you meaning suits.,4
behave,intrans,behaved,behaved,head,head,3.59,4.0,4.28,1,Ġbehaved,1,False,excluded,override: common reflexive object (behave yourself),Ordinary behavior use rejects a patient; flag the restricted reflexive behave oneself; head and single token.,2
care,intrans,cared,cared,head,head,4.11,5.56,5.62,1,Ġcared,1,True,das_train,prepositional complement or rare sense only,Head Zipf 4.11 and one token; flag care about or for plus clausal complements and idiomatic care a damn. [MW](https://www.merriam-webster.com/dictionary/care),3
comment,intrans,commented,commented,head,head,4.07,4.88,5.23,1,Ġcommented,1,False,excluded,override: main complement is a clause (it was hoped / insisted that),Head Zipf 4.07 and one token; ordinary comment on is intransitive; flag marginal bare-object commenting on a text and reported-content complements. [MW](https://www.merriam-webster.com/dictionary/comment),3
consist,intrans,consisted,consisted,head,head,3.91,3.94,4.73,1,Ġconsisted,1,False,excluded,override: relational or stative verb; odd with animate subjects,Head Zipf 3.91 and one token; prepositional-object consist of or in has no ordinary direct-object use. [MW](https://www.merriam-webster.com/dictionary/consist),3
depart,intrans,departed,departed,head,head,3.78,3.67,4.2,1,Ġdeparted,1,False,excluded,drop: Depart the station takes a location object; departed also means deceased.,Head Zipf 3.78 and one token; ordinary departure is intransitive; flag source-object depart the station and the adjective departed meaning deceased. [MW](https://www.merriam-webster.com/dictionary/depart),3
disappear,intrans,disappeared,disappeared,head,head,4.26,4.09,4.59,1,Ġdisappeared,1,False,excluded,drop: Established causative disappear a dissident permits people were disappeared.,Ordinary vanishing use is intransitive; flag transitive disappear a dissident or magically disappear an object; head and single token.,2
hope,intrans,hoped,hoped,head,head,4.28,5.44,5.56,1,Ġhoped,1,False,excluded,override: main complement is a clause (it was hoped / insisted that),Head Zipf 4.28 and one token; flag hope for and clausal or infinitival complements including impersonal it was hoped that. [Oxford](https://www.oxfordlearnersdictionaries.com/definition/english/hope_1),3
insist,intrans,insisted,insisted,head,head,4.06,4.03,4.49,1,Ġinsisted,1,False,excluded,override: main complement is a clause (it was hoped / insisted that),Noun targets require on or upon and bare noun passives fail; head.,1
last,intrans,lasted,lasted,head,head,4.09,5.86,5.88,1,Ġlasted,1,False,excluded,drop: Ordinary supplies lasted us a week has an object; also technical shoe-lasting. [Merriam-Webster](https://www.merriam-webster.com/dictionary/last),Duration use is intransitive; flag supply construction last someone a week and specialized transitive last a shoe; head and single token.,2
look,intrans,looked,looked,head,head,5.11,5.81,6.14,1,Ġlooked,1,False,excluded,override: copular use (look tired),Head Zipf 5.11 and one token; ordinary visual look at is intransitive; flag literary look one's surprise and appearance construction look one's age. [MW](https://www.merriam-webster.com/dictionary/look),3
pray,intrans,prayed,prayed,head,head,3.67,4.4,4.61,1,Ġprayed,1,False,excluded,drop: Ordinary pray the rosary and pray a prayer violate transitive and cognate-object exclusions.,Head Zipf 3.67 and one token; ordinary worship is intransitive; flag pray to or for plus archaic pray you and legal pray judgment. [MW](https://www.merriam-webster.com/dictionary/pray),3
react,intrans,reacted,reacted,head,head,3.64,4.16,4.43,1,Ġreacted,1,True,eval,prepositional complement or rare sense only,Human-response use is intransitive; flag prepositional-object react to and technical causative react a chemical; head and single token.,2
rely,intrans,relied,relied,head,head,3.82,4.29,4.59,1,Ġrelied,1,True,eval,prepositional complement or rare sense only,Targets require on or upon and bare passives fail; head.,1
remark,intrans,remarked,remarked,head,head,3.59,3.66,4.37,1,Ġremarked,1,False,excluded,override: main complement is a clause (it was hoped / insisted that),Head Zipf 3.59 and one token; flag prepositional-object remark on plus literary transitive remark a discrepancy meaning notice and reported speech. [MW](https://www.merriam-webster.com/dictionary/remark),3
scream,intrans,screamed,screamed,head,head,3.72,4.14,4.68,1,Ġscreamed,1,False,excluded,drop: Ordinary scream obscenities or scream someone's name permits a bare passive.,Head Zipf 3.72 and one token; ordinary sound emission is intransitive; flag utterance-object scream lyrics and figurative scream Halloween meaning evoke. [MW](https://www.merriam-webster.com/dictionary/scream),3
seem,intrans,seemed,seemed,head,head,4.82,5.08,5.56,1,Ġseemed,1,False,excluded,drop: Raising or copular verb requires a predicate; unsuitable ordinary intransitive control.,Head Zipf 4.82 and one token; nonpassivizable linking verb with no ordinary direct object; active controls require a predicative or clausal complement.,4
shout,intrans,shouted,shouted,head,head,3.78,4.06,4.48,1,Ġshouted,1,False,excluded,drop: Ordinary shout instructions permits a bare passive.,Head Zipf 3.78 and one token; ordinary vocalizing is intransitive; flag shout abuse plus Australian shout someone a drink and resultative shout oneself hoarse. [Cambridge](https://dictionary.cambridge.org/us/dictionary/english/shout?topic=drinking-alcohol) [MW](https://www.merriam-webster.com/dictionary/shout),3
side,intrans,sided,sided,head,head,3.94,5.5,5.58,2,Ġs|ided,2,False,excluded,drop: Side a house is transitive; sided also occurs in adjectival compounds.,Head Zipf 3.94 and two tokens; flag prepositional side with or against plus transitive side a house meaning install siding and compound-adjective -sided.,4
stare,intrans,stared,stared,head,head,3.6,3.91,4.45,1,Ġstared,1,True,eval,prepositional complement or rare sense only,Flag prepositional-object stare at and marginal resultative stare someone down; bare stared rejects a patient; head and single token.,2
stay,intrans,stayed,stayed,head,head,4.53,5.33,5.48,1,Ġstayed,1,False,excluded,drop: Ordinary stay an execution permits the execution was stayed.,Head Zipf 4.53 and one token; ordinary remaining is intransitive; flag legal stay an execution plus stay the course and literary stay one's hand. [MW](https://www.merriam-webster.com/dictionary/stay),3
step,intrans,stepped,stepped,head,head,4.2,5.13,5.33,1,Ġstepped,1,True,eval,prepositional complement or rare sense only,Head Zipf 4.20 and one token; ordinary locomotion is intransitive; flag step foot and step three paces plus specialized step a minuet or a mast. [MW](https://www.merriam-webster.com/dictionary/step),3
stumble,intrans,stumbled,stumbled,head,head,3.66,3.42,4.02,1,Ġstumbled,1,True,eval,prepositional complement or rare sense only,Ordinary loss-of-footing use takes no patient and rejects a bare passive; head and single token.,2
subscribe,intrans,subscribed,subscribed,head,head,3.53,4.02,4.19,2,Ġsubscrib|ed,2,True,eval,prepositional complement or rare sense only,Head Zipf 3.53 and two tokens; flag prepositional subscribe to or for plus specialized transitive subscribe a document or pledge money or purchase shares.,4
succeed,intrans,succeeded,succeeded,head,head,4.14,4.29,4.61,1,Ġsucceeded,1,False,excluded,drop: Ordinary succeed a predecessor permits the predecessor was succeeded.,Head Zipf 4.14 and one token; ordinary achievement is intransitive; flag succeed in or at plus the distinct successor use succeed one's father. [MW](https://www.merriam-webster.com/dictionary/succeed),3
wait,intrans,waited,waited,head,head,4.26,5.35,5.56,1,Ġwaited,1,False,excluded,drop: Ordinary wait tables and wait your turn take direct objects.,Head Zipf 4.26 and one token; ordinary waiting is intransitive; flag wait for plus restricted wait tables and wait your turn. [MW](https://www.merriam-webster.com/dictionary/wait),3
wonder,intrans,wondered,wondered,head,head,4.2,4.93,5.16,1,Ġwondered,1,False,excluded,override: main complement is a clause (it was hoped / insisted that),Flag prepositional-object wonder about or at and interrogative-clause complements; ordinary noun patients are unavailable; head and single token.,2
yell,intrans,yelled,yelled,head,head,3.76,3.85,4.43,1,Ġyelled,1,False,excluded,drop: Ordinary yell a name or yell instructions permits a bare passive.,Head Zipf 3.76 and one token; ordinary vocalizing is intransitive; flag yell at or for and the restricted utterance-object use yell someone's name. [MW](https://www.merriam-webster.com/dictionary/yell),3
ache,intrans,ached,ached,near_head,tail,2.41,3.43,3.83,2,Ġac|hed,2,True,das_train,prepositional complement or rare sense only,Pain takes no ordinary direct object and forbids a bare passive; tail.,1
allude,intrans,alluded,alluded,near_head,tail,3.11,2.7,3.55,2,Ġall|uded,2,True,das_train,prepositional complement or rare sense only,No ordinary direct object; MARGINAL: prepositional allude to an incident; participle Zipf 3.11; lemma-sum 3.55; BPE 2.,5
arise,intrans,arose,arisen,near_head,tail,3.2,3.93,4.39,1,Ġarisen,1,True,das_train,,Coming into existence takes no direct object and arisen permits no bare passive; tail and 1 token.,1
chat,intrans,chatted,chatted,near_head,tail,3.17,4.57,4.67,2,Ġch|atted,2,True,das_train,prepositional complement or rare sense only,Ordinary conversation takes no direct object; MARGINAL: prepositional chat with someone about something; participle Zipf 3.17; lemma-sum 4.67; BPE 2. [Dictionary](https://www.dictionary.com/browse/chat),5
coincide,intrans,coincided,coincided,near_head,gap,3.35,3.49,3.88,2,Ġcoinc|ided,2,True,das_train,prepositional complement or rare sense only,No ordinary direct object; MARGINAL: prepositional coincide with an event; participle Zipf 3.35; lemma-sum 3.88; BPE 2.,5
collaborate,intrans,collaborated,collaborated,near_head,gap,3.37,3.51,3.94,1,Ġcollaborated,1,True,das_train,prepositional complement or rare sense only,No ordinary direct object; MARGINAL: prepositional collaborate with colleagues or on a project; participle Zipf 3.37; lemma-sum 3.94; BPE 1.,5
comply,intrans,complied,complied,near_head,gap,3.25,4.04,4.19,1,Ġcomplied,1,True,das_train,prepositional complement or rare sense only,No ordinary direct object; MARGINAL: prepositional comply with a request; participle Zipf 3.25; lemma-sum 4.19; BPE 1.,5
consent,intrans,consented,consented,near_head,tail,3.12,4.36,4.41,1,Ġconsented,1,False,excluded,override: summed-lemma Zipf inflated by a noun/adjective homograph; distorts matching,Proposals require to and bare passives fail; tail and 1 token.,1
contend,intrans,contended,contended,near_head,tail,3.14,3.56,3.88,1,Ġcontended,1,False,excluded,override: main complement is a clause (it was hoped / insisted that),Tail Zipf 3.14 and one token; competitive contend with or for is intransitive; flag assertive that-clauses and marginal transitive contend every point. [MW](https://www.merriam-webster.com/dictionary/contend),3
converse,intrans,conversed,conversed,near_head,gap,2.28,3.48,3.62,2,Ġconvers|ed,2,True,das_train,prepositional complement or rare sense only,No ordinary direct object; MARGINAL: prepositional converse with someone about something; participle Zipf 2.28 qualifies through lemma-sum 3.62; BPE 2.,5
crawl,intrans,crawled,crawled,near_head,gap,3.28,3.77,4.1,1,Ġcrawled,1,False,excluded,drop: Location-object crawl the streets is available; computing also allows crawl a website.,Ordinary locomotion is intransitive; MARGINAL: computing crawl a website and venue-object crawl the pubs; participle Zipf 3.28; lemma-sum 4.10; BPE 1. [Dictionary](https://www.dictionary.com/browse/crawl),5
cringe,intrans,cringed,cringed,near_head,tail,2.57,3.54,3.65,3,Ġc|ring|ed,3,True,das_train,prepositional complement or rare sense only,Recoiling takes no ordinary direct object and cringed lacks the adjective reading of cringe; tail.,1
defect,intrans,defected,defected,near_head,tail,3.03,3.68,4.08,2,Ġde|fected,2,True,das_train,prepositional complement or rare sense only,Changing allegiance takes no ordinary object; MARGINAL: prepositional defect from or to a group; participle Zipf 3.03; lemma-sum 4.08; BPE 2.,5
deliberate,intrans,deliberated,deliberated,near_head,tail,2.49,3.82,3.86,2,Ġdeliber|ated,2,False,excluded,override: summed-lemma Zipf inflated by a noun/adjective homograph; distorts matching,Ordinary jury deliberation is intransitive; MARGINAL: formal transitive deliberate a question and deliberate on an issue; participle Zipf 2.49; lemma-sum 3.86; BPE 2. [Dictionary](https://www.dictionary.com/browse/deliberate),5
depend,intrans,depended,depended,near_head,gap,3.44,4.2,4.95,1,Ġdepended,1,True,das_train,prepositional complement or rare sense only,No ordinary direct object; MARGINAL: prepositional depend on or upon a resource; participle Zipf 3.44; lemma-sum 4.95; BPE 1.,5
differ,intrans,differed,differed,near_head,gap,3.28,4.03,4.33,1,Ġdiffered,1,True,das_train,prepositional complement or rare sense only,No ordinary direct object; MARGINAL: prepositional differ from or with someone and over an issue; participle Zipf 3.28; lemma-sum 4.33; BPE 1.,5
disagree,intrans,disagreed,disagreed,near_head,gap,3.49,4.09,4.25,1,Ġdisagreed,1,True,das_train,prepositional complement or rare sense only,No ordinary direct object; MARGINAL: prepositional disagree with someone or about an issue; participle Zipf 3.49; lemma-sum 4.25; BPE 1.,5
dissent,intrans,dissented,dissented,near_head,tail,2.56,3.56,3.76,2,Ġdiss|ented,2,True,das_train,prepositional complement or rare sense only,Decisions require from and bare passives fail; tail.,1
dwell,intrans,dwelt,dwelt,near_head,tail,2.65,3.57,4.03,2,Ġdw|elt,2,True,das_train,prepositional complement or rare sense only,Ordinary residence is intransitive; MARGINAL: prepositional dwell on a problem meaning discuss persistently; participle Zipf 2.65; lemma-sum 4.03; BPE 2. [Dictionary](https://www.dictionary.com/browse/dwell),5
ensue,intrans,ensued,ensued,near_head,gap,3.34,2.91,3.88,1,Ġensued,1,True,das_train,prepositional complement or rare sense only,Ordinary occurrence is intransitive; MARGINAL: obsolete transitive ensue meaning pursue; participle Zipf 3.34; lemma-sum 3.88; BPE 1. [Dictionary](https://www.dictionary.com/browse/ensue),5
err,intrans,erred,erred,near_head,tail,2.81,3.39,3.53,1,Ġerred,1,True,das_train,,Making a mistake takes no direct object or bare passive; tail and 1 token.,1
erupt,intrans,erupted,erupted,near_head,gap,3.39,2.97,3.68,1,Ġerupted,1,False,excluded,drop: Erupt lava takes an emitted object; not strictly intransitive. [Merriam-Webster](https://www.merriam-webster.com/dictionary/erupt),Ordinary bursting forth is intransitive; MARGINAL: transitive erupt lava or angry words; participle Zipf 3.39; lemma-sum 3.68; BPE 1. [Dictionary](https://www.dictionary.com/browse/erupt),5
excel,intrans,excelled,excelled,near_head,tail,3.19,3.73,3.91,2,Ġexc|elled,2,True,das_train,prepositional complement or rare sense only,Ordinary achievement is intransitive; MARGINAL: transitive excel other poets meaning surpass and excel at something; participle Zipf 3.19; lemma-sum 3.91; BPE 2. [Dictionary](https://www.dictionary.com/browse/excel),5
faint,intrans,fainted,fainted,near_head,tail,3.12,3.78,3.94,2,Ġfaint|ed,2,True,das_train,,Losing consciousness takes no ordinary object or bare passive; participle Zipf 3.12; lemma-sum 3.94; BPE 2.,5
fart,intrans,farted,farted,near_head,tail,2.78,3.59,3.84,2,Ġfart|ed,2,True,das_train,,Bodily emission takes no ordinary patient object or bare passive; participle Zipf 2.78; lemma-sum 3.84; BPE 2.,5
feud,intrans,feuded,feuded,near_head,xtail,2.01,3.62,3.75,2,Ġfe|uded,2,True,das_train,prepositional complement or rare sense only,Sustained hostility takes no ordinary object; MARGINAL: prepositional feud with someone; participle Zipf 2.01 qualifies through lemma-sum 3.75; BPE 2. [Dictionary](https://www.dictionary.com/browse/feud),5
flourish,intrans,flourished,flourished,near_head,gap,3.32,3.53,3.91,2,Ġflour|ished,2,False,excluded,drop: Ordinary flourish a sword permits the sword was flourished.,Ordinary thriving is intransitive; MARGINAL: distinct transitive flourish a sword meaning brandish; participle Zipf 3.32; lemma-sum 3.91; BPE 2. [Cambridge](https://dictionary.cambridge.org/dictionary/english/flourish),5
frown,intrans,frowned,frowned,near_head,gap,3.24,3.26,3.66,1,Ġfrowned,1,True,das_train,prepositional complement or rare sense only,Ordinary facial expression is intransitive; MARGINAL: frown displeasure or frown someone into silence plus frown upon; participle Zipf 3.24; lemma-sum 3.66; BPE 1. [Dictionary](https://www.dictionary.com/browse/frown),5
gasp,intrans,gasped,gasped,near_head,tail,2.94,3.45,3.75,1,Ġgasped,1,False,excluded,drop: Ordinary narrative gasp an answer allows a speech object and bare passive.,Tail Zipf 2.94 and one token; ordinary breath-catching is intransitive; flag gasp for plus the restricted utterance-object use gasp a name or answer. [Oxford](https://www.oxfordlearnersdictionaries.com/us/definition/english/gasp_1),3
gaze,intrans,gazed,gazed,near_head,tail,2.83,3.7,3.89,1,Ġgazed,1,True,das_train,prepositional complement or rare sense only,Viewed targets require at and bare passives fail; tail and 1 token.,1
giggle,intrans,giggled,giggled,near_head,tail,2.89,3.35,3.85,2,Ġgigg|led,2,False,excluded,"override: takes speech objects, like the dropped gasp / groan",Ordinary laughter is intransitive; MARGINAL: literary utterance-object giggle a reply and cognate giggle a giggle; participle Zipf 2.89; lemma-sum 3.85; BPE 2.,5
glance,intrans,glanced,glanced,near_head,tail,3.17,3.91,4.07,1,Ġglanced,1,True,das_train,prepositional complement or rare sense only,Tail Zipf 3.17 and one token; ordinary visual glance at is intransitive; flag archaic direct visual objects and the distinct projectile-deflection use. [MW](https://www.merriam-webster.com/dictionary/glance),3
groan,intrans,groaned,groaned,near_head,tail,2.69,3.12,3.54,1,Ġgroaned,1,False,excluded,drop: Narrative groan an apology permits a speech object and bare passive.,Tail Zipf 2.69 and one token; ordinary human or structural sound emission is intransitive; flag literary transitive groan one's despair and reported speech. [MW](https://www.merriam-webster.com/dictionary/groan),3
growl,intrans,growled,growled,near_head,tail,2.64,3.14,3.52,1,Ġgrowled,1,False,excluded,drop: Ordinary growl a warning permits the warning was growled.,Tail Zipf 2.64 and one token; ordinary animal or stomach sound emission is intransitive; flag growl at or about plus utterance-object growl a warning. [MW](https://www.merriam-webster.com/dictionary/growl),3
hesitate,intrans,hesitated,hesitated,near_head,tail,3.08,3.79,3.92,1,Ġhesitated,1,True,das_train,prepositional complement or rare sense only,Indecision takes no ordinary noun object or bare passive; tail and 1 token.,1
hint,intrans,hinted,hinted,near_head,gap,3.4,4.07,4.35,1,Ġhinted,1,False,excluded,drop: Transitive hint a suspicion and clausal objects permit bare passives. [Merriam-Webster](https://www.merriam-webster.com/dictionary/hint),Ordinary hinting uses at; MARGINAL: bare content-object hint a possible outcome and that-clauses; participle Zipf 3.40; lemma-sum 4.35; BPE 1. [Dictionary](https://www.dictionary.com/browse/hint),5
howl,intrans,howled,howled,near_head,tail,2.48,3.18,3.63,2,Ġhow|led,2,False,excluded,drop: Ordinary howl insults or howl a protest permits a bare passive.,Ordinary sound emission is intransitive; MARGINAL: utterance-object howl a protest and cognate howl a howl; participle Zipf 2.48; lemma-sum 3.63; BPE 2.,5
intervene,intrans,intervened,intervened,near_head,gap,3.35,3.65,3.97,2,Ġinterven|ed,2,True,das_train,prepositional complement or rare sense only,No ordinary direct object; MARGINAL: prepositional intervene in a dispute or between parties; participle Zipf 3.35; lemma-sum 3.97; BPE 2.,5
kneel,intrans,knelt,knelt,near_head,tail,2.8,3.24,3.7,1,Ġknelt,1,True,das_train,,Kneeling takes no ordinary direct object and knelt permits no standard bare passive; tail and 1 token.,1
limp,intrans,limped,limped,near_head,tail,2.6,3.43,3.62,2,Ġlim|ped,2,True,das_train,,Impaired locomotion takes no ordinary object or bare passive; participle Zipf 2.60; lemma-sum 3.62; BPE 2. [Dictionary](https://www.dictionary.com/browse/limp),5
long,intrans,longed,longed,near_head,tail,3.07,5.81,5.81,2,Ġlong|ed,2,False,excluded,override: summed-lemma Zipf inflated by a noun/adjective homograph; distorts matching,No ordinary noun object; MARGINAL: prepositional long for something and infinitival long to leave; participle Zipf 3.07; lemma-sum 5.81; BPE 2.,5
loom,intrans,loomed,loomed,near_head,tail,2.8,3.34,3.81,2,Ġlo|omed,2,True,das_train,prepositional complement or rare sense only,Coming into view takes no ordinary object or bare passive; participle Zipf 2.80; lemma-sum 3.81; BPE 2.,5
major,intrans,majored,majored,near_head,tail,2.79,5.3,5.32,2,Ġmaj|ored,2,False,excluded,override: summed-lemma Zipf inflated by a noun/adjective homograph; distorts matching,No ordinary direct object; MARGINAL: prepositional major in a subject or on a topic; participle Zipf 2.79; lemma-sum 5.32; BPE 2. [Dictionary](https://www.dictionary.com/browse/major),5
malfunction,intrans,malfunctioned,malfunctioned,near_head,tail,2.57,3.29,3.58,2,Ġmalfunction|ed,2,True,das_train,,Machine failure takes no ordinary object or bare passive; participle Zipf 2.57; lemma-sum 3.58; BPE 2.,5
meditate,intrans,meditated,meditated,near_head,tail,2.55,3.26,3.53,2,Ġmed|itated,2,True,das_train,prepositional complement or rare sense only,Ordinary meditation is intransitive; MARGINAL: literary meditate revenge meaning contemplate and meditate on a topic; participle Zipf 2.55; lemma-sum 3.53; BPE 2. [Dictionary](https://www.dictionary.com/browse/meditate),5
moonlight,intrans,moonlighted,moonlighted,near_head,xtail,1.6,3.61,3.66,2,Ġmoonlight|ed,2,False,excluded,override: summed-lemma Zipf inflated by a noun/adjective homograph; distorts matching,Working a second job takes no ordinary object or bare passive; participle Zipf 1.60 qualifies through lemma-sum 3.66; BPE 2.,5
party,intrans,partied,partied,near_head,tail,2.8,5.49,5.59,2,Ġpart|ied,2,False,excluded,override: summed-lemma Zipf inflated by a noun/adjective homograph; distorts matching,Celebrating takes no ordinary object or bare passive; participle Zipf 2.80; lemma-sum 5.59; BPE 2. [Dictionary](https://www.dictionary.com/browse/party),5
peek,intrans,peeked,peeked,near_head,tail,2.64,3.7,3.83,2,Ġpeek|ed,2,True,das_train,prepositional complement or rare sense only,Ordinary furtive looking takes no direct object; MARGINAL: prepositional peek at something; participle Zipf 2.64; lemma-sum 3.83; BPE 2. [Dictionary](https://www.dictionary.com/browse/peek),5
peer,intrans,peered,peered,near_head,tail,2.66,4.14,4.41,1,Ġpeered,1,True,das_train,prepositional complement or rare sense only,Visual peer takes no ordinary patient; flag optional prepositional-object peer at or into; tail and single token.,2
perish,intrans,perished,perished,near_head,gap,3.3,3.32,3.65,2,Ġper|ished,2,True,das_train,prepositional complement or rare sense only,Ordinary dying is intransitive; MARGINAL: perish the thought and British transitive cause suffering; participle Zipf 3.30; lemma-sum 3.65; BPE 2. [Dictionary](https://www.dictionary.com/browse/perish),5
persist,intrans,persisted,persisted,near_head,gap,3.34,3.53,3.91,1,Ġpersisted,1,True,das_train,prepositional complement or rare sense only,Ordinary continuation is intransitive; MARGINAL: computing persist data and prepositional persist in a course; participle Zipf 3.34; lemma-sum 3.91; BPE 1. [Dictionary](https://en.wiktionary.org/wiki/persist),5
plead,intrans,pled,pled,near_head,tail,2.73,3.63,4.15,1,Ġpled,1,False,excluded,drop: Ordinary plead a case and plead ignorance take direct objects.,Tail Zipf 2.73 and one token; irregular pled supports intransitive plead for mercy; flag restricted transitive plead a case and plead ignorance. [MW](https://www.merriam-webster.com/dictionary/plead),3
preside,intrans,presided,presided,near_head,gap,3.41,2.99,3.84,2,Ġpres|ided,2,True,das_train,prepositional complement or rare sense only,No ordinary direct object; MARGINAL: prepositional preside over a meeting; participle Zipf 3.41; lemma-sum 3.84; BPE 2.,5
prevail,intrans,prevailed,prevailed,near_head,gap,3.41,3.55,4.04,1,Ġprevailed,1,True,das_train,prepositional complement or rare sense only,No ordinary direct object; MARGINAL: prepositional prevail over opponents or on someone to act; participle Zipf 3.41; lemma-sum 4.04; BPE 1. [Cambridge](https://dictionary.cambridge.org/us/dictionary/english/prevail),5
quarrel,intrans,quarrelled,quarrelled,near_head,gap,2.23,3.31,3.54,3,Ġquar|rell|ed,3,True,das_train,prepositional complement or rare sense only,Ordinary arguing takes no direct object; MARGINAL: prepositional quarrel with someone or over something; participle Zipf 2.23 qualifies through lemma-sum 3.54; BPE 3. [Dictionary](https://www.dictionary.com/browse/quarrel),5
rant,intrans,ranted,ranted,near_head,tail,2.46,3.67,3.88,2,Ġr|anted,2,False,excluded,drop: Rant nonsense and rant threats allow ordinary content objects.,Ordinary vehement speaking is intransitive; MARGINAL: utterance-object rant threats and prepositional rant about something; participle Zipf 2.46; lemma-sum 3.88; BPE 2.,5
rebel,intrans,rebelled,rebelled,near_head,tail,2.95,4.08,4.4,2,Ġreb|elled,2,True,das_train,prepositional complement or rare sense only,No ordinary direct object; MARGINAL: prepositional rebel against authority; participle Zipf 2.95; lemma-sum 4.40; BPE 2.,5
recur,intrans,recurred,recurred,near_head,gap,2.33,2.65,3.78,2,Ġrecur|red,2,True,das_train,,Repeated occurrence takes no ordinary object or bare passive; participle Zipf 2.33 qualifies through lemma-sum 3.78; BPE 2. [Dictionary](https://www.dictionary.com/browse/recur),5
reign,intrans,reigned,reigned,near_head,tail,3.15,4.07,4.28,2,Ġre|igned,2,True,das_train,prepositional complement or rare sense only,Ordinary ruling is intransitive; MARGINAL: prepositional reign over a kingdom; participle Zipf 3.15; lemma-sum 4.28; BPE 2.,5
relapse,intrans,relapsed,relapsed,near_head,tail,2.71,3.32,3.52,2,Ġrel|apsed,2,True,das_train,prepositional complement or rare sense only,Recurrent illness takes no direct object or bare passive; participle Zipf 2.71; lemma-sum 3.52; BPE 2. [Dictionary](https://www.dictionary.com/browse/relapse),5
reside,intrans,resided,resided,near_head,gap,3.33,3.67,4.15,1,Ġresided,1,True,das_train,prepositional complement or rare sense only,No ordinary direct object; MARGINAL: prepositional reside in or at and figurative powers reside in; participle Zipf 3.33; lemma-sum 4.15; BPE 1. [Dictionary](https://www.dictionary.com/browse/reside),5
resort,intrans,resorted,resorted,near_head,gap,3.23,4.37,4.51,2,Ġres|orted,2,True,das_train,prepositional complement or rare sense only,No ordinary direct object; MARGINAL: prepositional resort to a tactic; participle Zipf 3.23; lemma-sum 4.51; BPE 2.,5
roam,intrans,roamed,roamed,near_head,tail,2.91,3.46,3.86,2,Ġro|amed,2,False,excluded,drop: Ordinary roam the countryside permits location objects and bare passives.,Ordinary roaming is intransitive; MARGINAL: location-object roam the countryside; participle Zipf 2.91; lemma-sum 3.86; BPE 2.,5
sigh,intrans,sighed,sighed,near_head,tail,3.13,3.95,4.13,1,Ġsighed,1,False,excluded,drop: Common sigh a sigh of relief violates the cognate-object exclusion.,Tail Zipf 3.13 and one token; ordinary audible breathing is intransitive; flag literary sigh an answer and cognate sigh a sigh plus archaic sigh a loss meaning mourn. [MW](https://www.merriam-webster.com/dictionary/sigh),3
sneeze,intrans,sneezed,sneezed,near_head,tail,2.68,3.19,3.56,3,Ġsne|e|zed,3,True,das_train,prepositional complement or rare sense only,Ordinary reflex emission is intransitive; MARGINAL: caused-motion sneeze a napkin off the table; participle Zipf 2.68; lemma-sum 3.56; BPE 3. [Cambridge](https://dictionary.cambridge.org/dictionary/english/transitively),5
sob,intrans,sobbed,sobbed,near_head,tail,2.8,3.27,3.84,2,Ġsob|bed,2,False,excluded,drop: Ordinary sob an apology permits a speech object and bare passive.,Ordinary crying is intransitive; MARGINAL: utterance-object sob a reply and cognate sob a sob; participle Zipf 2.80; lemma-sum 3.84; BPE 2.,5
speculate,intrans,speculated,speculated,near_head,gap,3.37,3.48,3.84,1,Ġspeculated,1,False,excluded,override: main complement is a clause (it was hoped / insisted that),No ordinary patient object; MARGINAL: speculate about or on something and that-clauses permitting impersonal passives; participle Zipf 3.37; lemma-sum 3.84; BPE 1. [Dictionary](https://www.dictionary.com/browse/speculate),5
sprint,intrans,sprinted,sprinted,near_head,tail,2.69,3.96,4.07,2,Ġspr|inted,2,True,das_train,prepositional complement or rare sense only,Ordinary fast locomotion is intransitive; MARGINAL: distance-object sprint a half mile; participle Zipf 2.69; lemma-sum 4.07; BPE 2. [Dictionary](https://www.dictionary.com/browse/sprint),5
strive,intrans,strove,striven,near_head,xtail,2.12,3.72,4.03,3,Ġst|riv|en,2,True,das_train,prepositional complement or rare sense only,No ordinary noun object; MARGINAL: strive for a goal or against obstacles and infinitival complements; participle Zipf 2.12 qualifies through lemma-sum 4.03; BPE 3.,5
stroll,intrans,strolled,strolled,near_head,tail,2.85,3.54,3.76,2,Ġst|rolled,2,False,excluded,drop: Stroll the streets takes an ordinary location object.,Ordinary leisurely locomotion is intransitive; MARGINAL: location-object stroll the countryside; participle Zipf 2.85; lemma-sum 3.76; BPE 2. [Dictionary](https://www.dictionary.com/browse/stroll),5
succumb,intrans,succumbed,succumbed,near_head,tail,3.16,3.06,3.54,3,Ġsucc|um|bed,3,True,das_train,prepositional complement or rare sense only,No ordinary direct object; MARGINAL: prepositional succumb to illness or pressure; participle Zipf 3.16; lemma-sum 3.54; BPE 3.,5
tamper,intrans,tampered,tampered,near_head,tail,2.95,2.89,3.51,2,Ġtam|pered,2,True,das_train,prepositional complement or rare sense only,Affected objects require with and bare passives fail; tail.,1
tower,intrans,towered,towered,near_head,tail,2.42,4.5,4.64,2,Ġto|wered,2,True,das_train,prepositional complement or rare sense only,No ordinary direct object; MARGINAL: prepositional tower over or above something; participle Zipf 2.42; lemma-sum 4.64; BPE 2. [Dictionary](https://www.dictionary.com/browse/tower),5
tremble,intrans,trembled,trembled,near_head,tail,2.55,3.04,3.56,3,Ġtre|mb|led,3,True,das_train,,Involuntary shaking lacks an ordinary causative counterpart and bare passive; tail.,1
trespass,intrans,trespassed,trespassed,near_head,gap,2.24,3.11,3.5,2,Ġtresp|assed,2,False,excluded,drop: Regional trespass someone is ordinary transitive usage; trespass on is also common.,Ordinary intrusion is intransitive; MARGINAL: trespass on land and regional transitive trespass someone meaning prohibit entry; participle Zipf 2.24 qualifies through lemma-sum 3.50; BPE 2. [Dictionary](https://en.wiktionary.org/wiki/trespass),5
triumph,intrans,triumphed,triumphed,near_head,tail,2.91,3.96,4.07,3,Ġtri|ump|hed,3,True,das_train,prepositional complement or rare sense only,Ordinary victory is intransitive; MARGINAL: triumph over opponents and transitive triumph meaning conquer; participle Zipf 2.91; lemma-sum 4.07; BPE 3. [Dictionary](https://www.dictionary.com/browse/triumph),5
vacation,intrans,vacationed,vacationed,near_head,xtail,2.11,4.4,4.47,2,Ġvacation|ed,2,False,excluded,override: summed-lemma Zipf inflated by a noun/adjective homograph; distorts matching,Taking a holiday takes no ordinary object or bare passive; participle Zipf 2.11 qualifies through lemma-sum 4.47; BPE 2.,5
wander,intrans,wandered,wandered,near_head,gap,3.46,3.67,4.18,1,Ġwandered,1,False,excluded,drop: Ordinary wander the streets takes a location object.,Ordinary wandering is intransitive; MARGINAL: literary location-object wander the streets; participle Zipf 3.46; lemma-sum 4.18; BPE 1.,5
whine,intrans,whined,whined,near_head,tail,2.58,3.28,3.81,2,Ġwh|ined,2,False,excluded,drop: Ordinary whine a complaint permits a speech object and bare passive.,Ordinary vocalizing is intransitive; MARGINAL: utterance-object whine a complaint and whine about something; participle Zipf 2.58; lemma-sum 3.81; BPE 2.,5
yearn,intrans,yearned,yearned,near_head,tail,2.58,2.97,3.54,2,Ġyear|ned,2,True,das_train,prepositional complement or rare sense only,Desired objects require for and bare passives fail; tail.,1
abound,intrans,abounded,abounded,tail,tail,2.41,3.27,3.47,2,Ġab|ounded,2,True,unpaired,prepositional complement or rare sense only,Plentiful existence takes no direct object and forbids a bare passive; tail.,1
accede,intrans,acceded,acceded,tail,tail,2.58,2.5,2.92,2,Ġacc|eded,2,True,eval,prepositional complement or rare sense only,Requests or offices require to and bare passives fail; tail.,1
acquiesce,intrans,acquiesced,acquiesced,tail,tail,2.42,2.48,2.84,3,Ġacqu|ies|ced,3,True,eval,prepositional complement or rare sense only,Targets require in or to and bare passives fail; tail.,1
elapse,intrans,elapsed,elapsed,tail,tail,2.95,2.03,3.03,1,Ġelapsed,1,False,excluded,drop: Elapsed is an established adjective in elapsed time; participle fails the adjective exclusion.,Passing time takes no direct object and elapsed permits no bare passive; tail and 1 token.,1
elope,intrans,eloped,eloped,tail,tail,2.52,2.5,2.91,2,Ġel|oped,2,True,eval,,Running away to marry takes no direct object or bare passive; tail.,1
encroach,intrans,encroached,encroached,tail,tail,2.43,2.49,3.12,3,Ġenc|ro|ached,3,True,eval,prepositional complement or rare sense only,Affected domains require on or upon and bare passives fail; tail.,1
exclaim,intrans,exclaimed,exclaimed,tail,tail,3.05,2.82,3.46,1,Ġexclaimed,1,False,excluded,"override: takes speech objects, like the dropped gasp / groan",Tail Zipf 3.05 and one token; ordinary emotional vocalizing is intransitive; flag quotations and the restricted transitive proclamation use exclaim an objection. [MW](https://www.merriam-webster.com/dictionary/exclaim),3
flinch,intrans,flinched,flinched,tail,tail,2.52,2.92,3.19,2,Ġfl|inched,2,True,eval,prepositional complement or rare sense only,Startled recoiling takes no direct object or bare passive; tail.,1
overreact,intrans,overreacted,overreacted,tail,tail,2.69,2.82,3.39,3,Ġover|react|ed,3,True,eval,prepositional complement or rare sense only,Reaction targets require to and bare passives fail; tail.,1
relent,intrans,relented,relented,tail,tail,2.71,2.52,3.01,2,Ġrel|ented,2,True,eval,prepositional complement or rare sense only,Giving in takes no ordinary direct object or bare passive; tail.,1
waver,intrans,wavered,wavered,tail,tail,2.67,2.75,3.26,2,Ġwave|red,2,True,eval,prepositional complement or rare sense only,Indecision or unsteady movement takes no direct object or bare passive; tail.,1
assent,intrans,assented,assented,xtail,xtail,2.11,3.03,3.1,2,Ġass|ented,2,True,unpaired,prepositional complement or rare sense only,Proposals require to and bare passives fail; xtail.,1
bicker,intrans,bickered,bickered,xtail,xtail,1.74,2.56,3.17,2,Ġbic|kered,2,True,unpaired,prepositional complement or rare sense only,Topics require about or over and bare passives fail; xtail.,1
cavort,intrans,cavorted,cavorted,xtail,xtail,1.36,1.72,1.88,2,Ġcav|orted,2,True,unpaired,,Lively movement takes no ordinary direct object or bare passive; xtail.,1
cohabit,intrans,cohabited,cohabited,xtail,xtail,1.63,1.98,2.55,3,Ġcoh|ab|ited,3,True,eval,prepositional complement or rare sense only,Partners require with and bare passives fail; xtail.,1
convalesce,intrans,convalesced,convalesced,xtail,xtail,1.35,1.71,2.34,4,Ġcon|val|es|ced,4,True,unpaired,,Recovery from illness takes no direct object or bare passive; xtail.,1
dally,intrans,dallied,dallied,xtail,xtail,1.71,2.78,2.88,3,Ġd|all|ied,3,True,unpaired,prepositional complement or rare sense only,Playful lingering takes no ordinary direct object or bare passive; xtail.,1
equivocate,intrans,equivocated,equivocated,xtail,xtail,1.43,1.72,2.12,2,Ġequiv|ocated,2,True,unpaired,prepositional complement or rare sense only,Evasive speech takes no ordinary noun object or bare passive; xtail.,1
fraternize,intrans,fraternized,fraternized,xtail,xtail,1.51,1.77,2.19,3,Ġfr|atern|ized,3,True,eval,prepositional complement or rare sense only,Associates require with and bare passives fail; xtail.,1
frolic,intrans,frolicked,frolicked,xtail,xtail,1.69,2.68,2.99,3,Ġfro|lick|ed,3,True,unpaired,,Playful activity takes no ordinary direct object or bare passive; xtail.,1
grovel,intrans,groveled,groveled,xtail,xtail,1.23,2.28,2.73,3,Ġgro|vel|ed,3,True,unpaired,prepositional complement or rare sense only,Subservient behavior takes no ordinary direct object or bare passive; xtail.,1
hobnob,intrans,hobnobbed,hobnobbed,xtail,xtail,1.28,1.82,1.93,3,Ġhob|nob|bed,3,True,unpaired,prepositional complement or rare sense only,Companions require with and bare passives fail; xtail.,1
impinge,intrans,impinged,impinged,xtail,xtail,1.85,2.31,2.69,3,Ġimp|ing|ed,3,True,eval,prepositional complement or rare sense only,Affected targets require on or upon and bare passives fail; xtail.,1
intercede,intrans,interceded,interceded,xtail,xtail,2.08,2.56,2.79,3,Ġinter|ced|ed,3,True,unpaired,prepositional complement or rare sense only,Other participants require prepositions and bare passives fail; xtail.,1
inveigh,intrans,inveighed,inveighed,xtail,xtail,1.43,1.38,1.91,3,Ġin|ve|ighed,3,True,unpaired,prepositional complement or rare sense only,Targets require against and bare passives fail; xtail.,1
loiter,intrans,loitered,loitered,xtail,xtail,1.72,2.38,2.93,3,Ġlo|ite|red,3,True,unpaired,,Idle lingering takes no ordinary direct object or bare passive; xtail.,1
luxuriate,intrans,luxuriated,luxuriated,xtail,xtail,1.36,2.09,2.31,3,Ġlux|ur|iated,3,True,unpaired,prepositional complement or rare sense only,Enjoyment targets require in and bare passives fail; xtail.,1
menstruate,intrans,menstruated,menstruated,xtail,xtail,1.44,1.87,2.54,2,Ġmenstru|ated,2,True,unpaired,prepositional complement or rare sense only,Menstrual cycling takes no ordinary direct object or bare passive; xtail.,1
mosey,intrans,moseyed,moseyed,xtail,xtail,1.28,2.18,2.23,4,Ġm|ose|y|ed,4,True,unpaired,,Leisurely movement takes no ordinary direct object or bare passive; xtail.,1
pontificate,intrans,pontificated,pontificated,xtail,xtail,1.32,2.51,2.71,3,Ġpont|ific|ated,3,True,unpaired,prepositional complement or rare sense only,Topics require about or on and bare passives fail; xtail.,1
prevaricate,intrans,prevaricated,prevaricated,xtail,xtail,1.45,1.58,1.97,3,Ġprev|ar|icated,3,True,unpaired,prepositional complement or rare sense only,Evasive speaking takes no ordinary direct object or bare passive; xtail.,1
pulsate,intrans,pulsated,pulsated,xtail,xtail,1.38,1.81,2.98,2,Ġpuls|ated,2,True,unpaired,,Rhythmic throbbing lacks an ordinary causative counterpart and bare passive; xtail.,1
reemerge,intrans,reemerged,reemerged,xtail,xtail,2.02,1.89,2.4,3,Ġre|emerg|ed,3,True,eval,,Reappearing takes no direct object and forbids a bare passive; xtail.,1
reoccur,intrans,reoccurred,reoccurred,xtail,xtail,1.28,1.88,2.62,3,Ġre|occur|red,3,True,unpaired,,Happening again takes no direct object and forbids a bare passive; xtail.,1
saunter,intrans,sauntered,sauntered,xtail,xtail,2.2,2.23,2.68,3,Ġsa|un|tered,3,True,eval,prepositional complement or rare sense only,Leisurely walking takes no ordinary direct object or bare passive; xtail.,1
skulk,intrans,skulked,skulked,xtail,xtail,1.42,1.89,2.48,3,Ġsk|ul|ked,3,True,unpaired,,Furtive movement takes no ordinary direct object or bare passive; xtail.,1
sojourn,intrans,sojourned,sojourned,xtail,xtail,1.57,2.77,2.87,3,Ġso|jour|ned,3,True,unpaired,,Temporary residence takes no direct object or bare passive; xtail.,1
tarry,intrans,tarried,tarried,xtail,xtail,1.55,2.43,2.53,2,Ġtar|ried,2,True,unpaired,,Lingering takes no direct object and tarried has no ordinary adjectival reading; xtail.,1
throb,intrans,throbbed,throbbed,xtail,xtail,1.91,2.68,3.3,3,Ġthro|b|bed,3,True,unpaired,,Rhythmic beating lacks an ordinary causative counterpart and bare passive; xtail.,1
tiptoe,intrans,tiptoed,tiptoed,xtail,xtail,2.03,2.64,2.95,4,Ġt|ipt|o|ed,4,True,unpaired,,Cautious movement takes no ordinary direct object or bare passive; xtail.,1
waddle,intrans,waddled,waddled,xtail,xtail,2.1,2.58,2.89,3,Ġw|add|led,3,True,unpaired,,Swaying locomotion takes no ordinary direct object or bare passive; xtail.,1
abduct,trans,abducted,abducted,head,head,3.56,2.74,3.67,3,Ġab|duct|ed,3,True,unpaired,,A child can be abducted by a kidnapper without a particle; head and 3 tokens.,1
accept,trans,accepted,accepted,head,head,4.67,4.85,5.15,1,Ġaccepted,1,True,unpaired,,A request can be accepted by a committee without a particle; head.,1
accuse,trans,accused,accused,head,head,4.46,3.71,4.62,1,Ġaccused,1,True,unpaired,,A suspect can be accused by a witness without an obligatory of phrase; head.,1
acquire,trans,acquired,acquired,head,head,4.4,4.13,4.67,1,Ġacquired,1,True,unpaired,,A painting can be acquired by a collector in an eventive passive; head.,1
address,trans,addressed,addressed,head,head,4.26,4.91,5.1,1,Ġaddressed,1,True,eval,,A problem can be addressed by a manager without a particle; head.,1
adopt,trans,adopted,adopted,head,head,4.51,4.19,4.75,1,Ġadopted,1,True,unpaired,,A policy can be adopted by a council in an eventive passive; head.,1
advise,trans,advised,advised,head,head,4.18,4.09,4.53,1,Ġadvised,1,True,unpaired,,A client can be advised by a lawyer without an obligatory complement; head.,1
allow,trans,allowed,allowed,head,head,5.03,5.01,5.47,1,Ġallowed,1,True,das_train,,An extension can be allowed by a director without a particle; head.,1
analyze,trans,analyzed,analyzed,head,head,3.9,3.84,4.33,1,Ġanalyzed,1,True,das_train,,A sample can be analyzed by a researcher without a particle; head.,1
annex,trans,annexed,annexed,head,head,3.5,3.5,3.85,2,Ġannex|ed,2,True,das_train,,A territory can be annexed by an invader without a particle; head and 2 tokens.,1
announce,trans,announced,announced,head,head,4.96,4.26,5.1,1,Ġannounced,1,True,unpaired,,A decision can be announced by a spokesperson without a particle; head.,1
appoint,trans,appointed,appointed,head,head,4.59,3.7,4.68,1,Ġappointed,1,True,unpaired,,A chairperson can be appointed by a board without an obligatory as phrase; head.,1
arrest,trans,arrested,arrested,head,head,4.64,4.55,4.94,1,Ġarrested,1,True,das_train,,A suspect can be arrested by an officer in an eventive passive; head.,1
assess,trans,assessed,assessed,head,head,3.9,4.07,4.41,1,Ġassessed,1,True,das_train,,A proposal can be assessed by a reviewer without a particle; head.,1
assist,trans,assisted,assisted,head,head,4.1,4.42,4.75,1,Ġassisted,1,False,excluded,doubtful: Common assist with and assist in compete with direct-object assist a visitor.,A visitor can be assisted by an attendant without an obligatory with phrase; head.,1
attack,trans,attacked,attacked,head,head,4.52,5.09,5.35,1,Ġattacked,1,True,unpaired,,A fortress can be attacked by an army without a particle; head.,1
authorise,trans,authorised,authorised,head,head,3.61,2.79,3.71,2,Ġauthor|ised,2,True,unpaired,,A payment can be authorised by a director without a particle; head and 2 tokens.,1
ban,trans,banned,banned,head,head,4.41,4.55,4.86,1,Ġbanned,1,True,unpaired,,A product can be banned by a regulator in an eventive passive; head.,1
bomb,trans,bombed,bombed,head,head,3.62,4.6,4.85,2,Ġbom|bed,2,True,unpaired,,A bridge can be bombed by pilots without a particle; head and 2 tokens.,1
bully,trans,bullied,bullied,head,head,3.69,3.87,4.39,2,Ġbull|ied,2,True,unpaired,,A pupil can be bullied by a classmate without a particle; head and 2 tokens.,1
bury,trans,buried,buried,head,head,4.4,3.89,4.55,1,Ġburied,1,True,unpaired,,A treasure can be buried by a pirate without an obligatory location phrase; head.,1
capture,trans,captured,captured,head,head,4.44,4.42,4.81,1,Ġcaptured,1,True,unpaired,,A fugitive can be captured by an officer in an eventive passive; head.,1
charter,trans,chartered,chartered,head,head,3.66,4.23,4.37,2,Ġchart|ered,2,False,excluded,doubtful: Chartered has a salient professional-status adjective sense alongside clean rental passives.,A bus can be chartered by a tourist in an eventive rental passive; head and two tokens.,2
chase,trans,chased,chased,head,head,3.74,4.44,4.68,1,Ġchased,1,True,eval,,A thief can be chased by a guard without a particle; head.,1
cheat,trans,cheated,cheated,head,head,3.9,4.06,4.58,2,Ġche|ated,2,False,excluded,doubtful: Common exam-cheating sense is intransitive; patient passive selects defrauding sense.,A customer can be cheated by a merchant without a particle or causative alternation; head and two tokens.,2
cite,trans,cited,cited,head,head,4.29,3.67,4.57,1,Ġcited,1,True,unpaired,,A paper can be cited by an author without a particle; head.,1
command,trans,commanded,commanded,head,head,3.77,4.7,4.86,1,Ġcommanded,1,True,unpaired,,A withdrawal can be commanded by a general without a particle; head.,1
condemn,trans,condemned,condemned,head,head,3.97,3.72,4.27,1,Ġcondemned,1,True,unpaired,,An atrocity can be condemned by a minister without a particle; head.,1
conduct,trans,conducted,conducted,head,head,4.58,4.52,4.93,1,Ġconducted,1,True,unpaired,,An experiment can be conducted by a researcher in an eventive passive; head.,1
confirm,trans,confirmed,confirmed,head,head,4.67,4.4,4.92,1,Ġconfirmed,1,True,unpaired,,A booking can be confirmed by a clerk in an eventive passive; head.,1
contact,trans,contacted,contacted,head,head,4.0,4.99,5.1,1,Ġcontacted,1,True,unpaired,,A customer can be contacted by a representative without a particle; head.,1
convict,trans,convicted,convicted,head,head,4.2,3.56,4.33,1,Ġconvicted,1,True,unpaired,,A defendant can be convicted by a jury without an obligatory of phrase; head.,1
criticize,trans,criticized,criticized,head,head,4.0,3.63,4.29,1,Ġcriticized,1,True,unpaired,,A proposal can be criticized by a reviewer without a particle; head.,1
deliver,trans,delivered,delivered,head,head,4.62,4.55,4.99,1,Ġdelivered,1,True,unpaired,,A package can be delivered by a courier without an obligatory destination phrase; head.,1
demolish,trans,demolished,demolished,head,head,3.52,3.18,3.75,1,Ġdemolished,1,True,unpaired,,A building can be demolished by a contractor without an inchoative alternation; head.,1
deny,trans,denied,denied,head,head,4.43,4.34,4.8,1,Ġdenied,1,True,unpaired,,A request can be denied by a dean without a particle; head.,1
depict,trans,depicted,depicted,head,head,3.77,3.41,4.19,1,Ġdepicted,1,True,das_train,,A scene can be depicted by an artist without a particle; head.,1
describe,trans,described,described,head,head,5.0,4.56,5.25,1,Ġdescribed,1,True,unpaired,,A scene can be described by a witness without a particle; head.,1
design,trans,designed,designed,head,head,4.96,5.17,5.43,1,Ġdesigned,1,True,unpaired,,A bridge can be designed by an engineer in an eventive passive; head.,1
destroy,trans,destroyed,destroyed,head,head,4.61,4.52,4.96,1,Ġdestroyed,1,True,unpaired,,A monument can be destroyed by an invader without an ordinary inchoative alternation; head.,1
detect,trans,detected,detected,head,head,4.06,4.05,4.44,1,Ġdetected,1,True,unpaired,,An error can be detected by a technician without a particle; head.,1
diagnose,trans,diagnosed,diagnosed,head,head,4.05,3.41,4.22,1,Ġdiagnosed,1,True,unpaired,,A disease can be diagnosed by a physician without an obligatory complement; head.,1
dismiss,trans,dismissed,dismissed,head,head,4.2,3.85,4.42,1,Ġdismissed,1,True,unpaired,,An appeal can be dismissed by a judge without a particle; head.,1
donate,trans,donated,donated,head,head,4.06,4.04,4.44,1,Ġdonated,1,True,unpaired,,A painting can be donated by a collector without an obligatory recipient phrase; head.,1
elect,trans,elected,elected,head,head,4.63,4.03,4.75,1,Ġelected,1,True,unpaired,,A chairperson can be elected by the members in an eventive passive; head.,1
enact,trans,enacted,enacted,head,head,3.75,3.43,4.0,1,Ġenacted,1,True,eval,,A law can be enacted by legislators without a particle; head.,1
enforce,trans,enforced,enforced,head,head,3.79,3.96,4.3,1,Ġenforced,1,True,eval,,A rule can be enforced by an official without a particle; head.,1
engrave,trans,engraved,engraved,head,head,3.52,2.37,3.75,2,Ġengra|ved,2,True,das_train,,A plaque can be engraved by a craftsman without an obligatory with phrase; head and 2 tokens.,1
evaluate,trans,evaluated,evaluated,head,head,3.83,4.01,4.36,1,Ġevaluated,1,True,eval,,A proposal can be evaluated by an assessor without a particle; head.,1
examine,trans,examined,examined,head,head,4.1,4.18,4.59,1,Ġexamined,1,True,unpaired,,A patient can be examined by a doctor without a particle; head.,1
execute,trans,executed,executed,head,head,4.27,3.95,4.51,1,Ġexecuted,1,True,unpaired,,An order can be executed by an officer in an eventive passive; head.,1
fabricate,trans,fabricated,fabricated,head,head,3.51,2.89,3.68,1,Ġfabricated,1,True,unpaired,,A document can be fabricated by a forger without a particle; head.,1
finance,trans,financed,financed,head,head,3.69,4.65,4.85,1,Ġfinanced,1,True,unpaired,,A campaign can be financed by a donor without a particle; head.,1
fine,trans,fined,fined,head,head,3.7,5.23,5.26,1,Ġfined,1,True,unpaired,,A driver can be fined by an officer without an obligatory amount phrase; head.,1
fool,trans,fooled,fooled,head,head,3.6,4.29,4.52,2,Ġfool|ed,2,True,unpaired,,A customer can be fooled by a swindler without a particle; head and 2 tokens.,1
greet,trans,greeted,greeted,head,head,3.66,3.73,4.21,1,Ġgreeted,1,True,unpaired,,A visitor can be greeted by a host without a particle; head.,1
harass,trans,harassed,harassed,head,head,3.55,3.28,3.92,2,Ġharass|ed,2,True,das_train,,A witness can be harassed by an investigator without a particle; head and 2 tokens.,1
honour,trans,honoured,honoured,head,head,3.7,4.37,4.53,2,Ġhon|oured,2,True,unpaired,,A veteran can be honoured by a mayor in a ceremonial event; head and 2 tokens.,1
hype,trans,hyped,hyped,head,head,3.54,4.03,4.17,2,Ġhyp|ed,2,False,excluded,doubtful: Publicity passive is clean; hyped also has a common excited adjective reading.,A film can be hyped by a publicist without up in the publicity sense; head and two tokens.,2
identify,trans,identified,identified,head,head,4.63,4.56,4.98,1,Ġidentified,1,True,unpaired,,A suspect can be identified by a witness without an obligatory as phrase; head.,1
insult,trans,insulted,insulted,head,head,3.52,3.99,4.34,2,Ġinsult|ed,2,True,eval,,A visitor can be insulted by a host without a particle; head and 2 tokens.,1
jail,trans,jailed,jailed,head,head,3.59,4.62,4.68,2,Ġj|ailed,2,True,das_train,,A defendant can be jailed by a judge without a particle; head and 2 tokens.,1
manufacture,trans,manufactured,manufactured,head,head,4.13,3.98,4.79,1,Ġmanufactured,1,True,unpaired,,An instrument can be manufactured by a craftsman in an eventive passive; head.,1
master,trans,mastered,mastered,head,head,3.57,4.93,5.06,2,Ġmas|tered,2,True,unpaired,,A technique can be mastered by a student without a particle; head and 2 tokens.,1
nail,trans,nailed,nailed,head,head,3.77,4.21,4.53,2,Ġn|ailed,2,False,excluded,doubtful: Apprehension sense is colloquial; fastening sense often supplies a location complement.,A suspect can be nailed by a detective in the apprehension sense without a particle; head and two tokens.,2
pressure,trans,pressured,pressured,head,head,3.5,5.01,5.06,2,Ġpress|ured,2,True,unpaired,,A witness can be pressured by a prosecutor without an obligatory into phrase; head and 2 tokens.,1
publish,trans,published,published,head,head,5.07,4.1,5.19,1,Ġpublished,1,False,excluded,doubtful: Publishing usage allows patient-subject the book publishes tomorrow; check dialect and register.,A novel can be published by a publisher without a particle; head.,1
renovate,trans,renovated,renovated,head,head,3.56,3.05,3.76,2,Ġrenov|ated,2,True,das_train,,A house can be renovated by builders without an ordinary inchoative alternation; head and 2 tokens.,1
ride,trans,rode,ridden,head,head,3.62,4.85,5.1,2,Ġr|idden,1,False,excluded,drop: Ordinary riding is frequently intransitive; ridden also occurs in adjectival compounds.,A horse can be ridden by a child without a causative alternation; head and two tokens.,2
rig,trans,rigged,rigged,head,head,3.63,3.86,4.2,2,Ġrig|ged,2,True,unpaired,,An election can be rigged by officials without a particle; head and 2 tokens.,1
sack,trans,sacked,sacked,head,head,3.73,3.91,4.27,2,Ġs|acked,2,True,das_train,,A manager can be sacked by an owner without a particle; head and 2 tokens.,1
scrap,trans,scrapped,scrapped,head,head,3.51,3.9,4.17,2,Ġsc|rapped,2,True,unpaired,,A proposal can be scrapped by a committee without a particle; head and 2 tokens.,1
shave,trans,shaved,shaved,head,head,3.66,3.83,4.21,2,Ġsh|aved,2,False,excluded,doubtful: Common self-grooming use is intransitive; beard removal often prefers shaved off.,A beard can be shaved by a barber without an obligatory off particle; head and 2 tokens.,1
sight,trans,sighted,sighted,head,head,3.54,4.54,4.67,2,Ġsight|ed,2,False,excluded,drop: Sighted has a lexical adjective meaning able to see. [Oxford](https://www.oxfordlearnersdictionaries.com/us/definition/english/sighted),A ship can be sighted by a lookout in an eventive spotting passive; head and two tokens.,2
skin,trans,skinned,skinned,head,head,3.54,4.91,4.96,2,Ġsk|inned,2,True,unpaired,,A rabbit can be skinned by a hunter without a particle; head and two tokens.,2
slaughter,trans,slaughtered,slaughtered,head,head,3.53,3.84,4.06,3,Ġsl|aught|ered,3,True,das_train,,An animal can be slaughtered by a butcher without a particle; head and 3 tokens.,1
tape,trans,taped,taped,head,head,3.5,4.44,4.59,2,Ġt|aped,2,True,unpaired,,An interview can be taped by a reporter without a particle; head and 2 tokens.,1
televise,trans,televised,televised,head,head,3.53,2.22,3.57,2,Ġtele|vised,2,True,das_train,,A match can be televised by a broadcaster without a particle; head and 2 tokens.,1
accord,trans,accorded,accorded,near_head,tail,3.02,3.81,5.3,1,Ġaccorded,1,False,excluded,doubtful: Granting sense usually specifies a recipient; common accord with is intransitive.,Respect can be accorded by a teacher without an obligatory recipient phrase; tail and single token.,2
acquit,trans,acquitted,acquitted,near_head,gap,3.44,2.58,3.52,2,Ġacqu|itted,2,True,das_train,,A defendant was acquitted by a jury without an obligatory charge phrase or causative alternation; participle Zipf 3.44; lemma-sum 3.52; BPE 2.,5
archive,trans,archived,archived,near_head,gap,3.4,3.98,4.4,2,Ġarch|ived,2,True,das_train,,A letter was archived by a librarian in an eventive passive without a particle; participle Zipf 3.40; lemma-sum 4.40; BPE 2.,5
assassinate,trans,assassinated,assassinated,near_head,gap,3.39,3.2,3.64,2,Ġassass|inated,2,True,unpaired,,A ruler was assassinated by a conspirator without a particle or causative alternation; participle Zipf 3.39; lemma-sum 3.64; BPE 2.,5
author,trans,authored,authored,near_head,gap,3.49,4.95,5.09,1,Ġauthored,1,True,unpaired,,A manuscript was authored by a novelist without a particle or causative alternation; participle Zipf 3.49; lemma-sum 5.09; BPE 1.,5
banish,trans,banished,banished,near_head,gap,3.39,3.07,3.61,2,Ġban|ished,2,True,unpaired,,A courtier was banished by a monarch without an obligatory destination or causative alternation; participle Zipf 3.39; lemma-sum 3.61; BPE 2.,5
baptize,trans,baptized,baptized,near_head,gap,3.46,2.68,3.56,2,Ġbapt|ized,2,True,das_train,,A child was baptized by a priest in an eventive passive without a particle; participle Zipf 3.46; lemma-sum 3.56; BPE 2.,5
cache,trans,cached,cached,near_head,tail,2.6,3.63,3.77,1,Ġcached,1,True,unpaired,,Supplies can be cached by a hiker without an obligatory location phrase; tail and single token.,2
censor,trans,censored,censored,near_head,gap,3.38,3.36,3.82,2,Ġcens|ored,2,True,das_train,,A letter was censored by an official in an eventive passive without a particle; participle Zipf 3.38; lemma-sum 3.82; BPE 2.,5
chair,trans,chaired,chaired,near_head,gap,3.43,4.69,4.8,2,Ġcha|ired,2,True,unpaired,,A meeting was chaired by a professor without a particle or causative alternation; participle Zipf 3.43; lemma-sum 4.80; BPE 2.,5
clone,trans,cloned,cloned,near_head,tail,3.07,3.68,4.01,1,Ġcloned,1,False,excluded,doubtful: Biological cells clone introduces a technical patient-subject use.,A lamb can be cloned by a scientist in an eventive passive; tail and single token.,2
coin,trans,coined,coined,near_head,gap,3.39,4.19,4.56,1,Ġcoined,1,True,unpaired,,A phrase was coined by a writer without a particle or causative alternation; participle Zipf 3.39; lemma-sum 4.56; BPE 1.,5
compute,trans,computed,computed,near_head,gap,3.31,3.41,4.22,1,Ġcomputed,1,True,unpaired,,A total was computed by an accountant without a particle or causative alternation; participle Zipf 3.31; lemma-sum 4.22; BPE 1.,5
confiscate,trans,confiscated,confiscated,near_head,gap,3.48,2.93,3.63,2,Ġconfisc|ated,2,True,unpaired,,A weapon was confiscated by an officer without a particle or causative alternation; participle Zipf 3.48; lemma-sum 3.63; BPE 2.,5
congratulate,trans,congratulated,congratulated,near_head,gap,3.21,3.59,3.85,2,Ġcongrat|ulated,2,True,das_train,,A winner was congratulated by a spectator without an obligatory on phrase or causative alternation; participle Zipf 3.21; lemma-sum 3.85; BPE 2.,5
conserve,trans,conserved,conserved,near_head,tail,3.15,3.37,3.69,1,Ġconserved,1,True,unpaired,,A painting can be conserved by a specialist without a particle; tail and single token.,2
contradict,trans,contradicted,contradicted,near_head,tail,3.14,3.35,3.78,2,Ġcontrad|icted,2,True,das_train,,A witness was contradicted by a lawyer without a particle or causative alternation; participle Zipf 3.14; lemma-sum 3.78; BPE 2.,5
convey,trans,conveyed,conveyed,near_head,gap,3.4,3.83,4.09,1,Ġconveyed,1,True,unpaired,,A message was conveyed by a messenger without an obligatory recipient or causative alternation; participle Zipf 3.40; lemma-sum 4.09; BPE 1.,5
copyright,trans,copyrighted,copyrighted,near_head,tail,3.19,4.24,4.3,1,Ġcopyrighted,1,True,unpaired,,A photograph can be copyrighted by a photographer in an eventive passive; tail and single token.,2
counterfeit,trans,counterfeited,counterfeited,near_head,xtail,1.96,3.39,3.54,3,Ġcounter|fe|ited,3,True,das_train,,A banknote can be counterfeited by a forger without a particle; xtail and multiple tokens.,2
curate,trans,curated,curated,near_head,gap,3.44,3.03,3.65,2,Ġcur|ated,2,True,das_train,,An exhibition was curated by a historian in an eventive passive without a particle; participle Zipf 3.44; lemma-sum 3.65; BPE 2.,5
deceive,trans,deceived,deceived,near_head,gap,3.39,3.38,3.82,2,Ġde|ceived,2,True,das_train,,A customer was deceived by a vendor without a particle or causative alternation; participle Zipf 3.39; lemma-sum 3.82; BPE 2.,5
denounce,trans,denounced,denounced,near_head,gap,3.47,3.24,3.81,1,Ġdenounced,1,True,unpaired,,A policy was denounced by a speaker without a particle or causative alternation; participle Zipf 3.47; lemma-sum 3.81; BPE 1.,5
dictate,trans,dictated,dictated,near_head,gap,3.39,3.58,3.96,1,Ġdictated,1,True,das_train,,A letter was dictated by a manager without an obligatory recipient or causative alternation; participle Zipf 3.39; lemma-sum 3.96; BPE 1.,5
discredit,trans,discredited,discredited,near_head,tail,3.15,3.36,3.63,2,Ġdisc|redited,2,True,das_train,,A witness can be discredited by a lawyer through deliberate argument; tail and multiple tokens.,2
disqualify,trans,disqualified,disqualified,near_head,gap,3.44,2.94,3.62,2,Ġdis|qualified,2,True,das_train,,A contestant was disqualified by a referee without an obligatory competition phrase or causative alternation; participle Zipf 3.44; lemma-sum 3.62; BPE 2.,5
duplicate,trans,duplicated,duplicated,near_head,tail,3.08,3.59,3.82,1,Ġduplicated,1,False,excluded,drop: Patient-subject DNA duplicates supplies a causative alternation. [Merriam-Webster](https://www.merriam-webster.com/dictionary/duplicate),A key can be duplicated by a locksmith without a particle; tail and single token.,2
elaborate,trans,elaborated,elaborated,near_head,tail,3.15,4.06,4.15,1,Ġelaborated,1,False,excluded,drop: Common elaborate on is intransitive; dictionary also lists become elaborate. [Merriam-Webster](https://www.merriam-webster.com/dictionary/elaborate),A plan can be elaborated by an architect without a particle; tail and single token.,2
encrypt,trans,encrypted,encrypted,near_head,gap,3.42,2.76,3.55,1,Ġencrypted,1,True,unpaired,,A message was encrypted by a programmer in an eventive passive without a particle; participle Zipf 3.42; lemma-sum 3.55; BPE 1.,5
envision,trans,envisioned,envisioned,near_head,gap,3.37,3.17,3.67,1,Ġenvisioned,1,True,das_train,,A future was envisioned by a planner without a particle or causative alternation; participle Zipf 3.37; lemma-sum 3.67; BPE 1.,5
escort,trans,escorted,escorted,near_head,gap,3.49,4.0,4.22,1,Ġescorted,1,True,unpaired,,A visitor was escorted by a guard without an obligatory destination or causative alternation; participle Zipf 3.49; lemma-sum 4.22; BPE 1.,5
evict,trans,evicted,evicted,near_head,gap,3.35,2.97,3.54,2,Ġev|icted,2,True,das_train,,A tenant was evicted by a landlord without an obligatory source phrase or causative alternation; participle Zipf 3.35; lemma-sum 3.54; BPE 2.,5
evoke,trans,evoked,evoked,near_head,tail,3.12,3.27,3.71,1,Ġevoked,1,True,unpaired,,A memory can be evoked by a storyteller without a particle; tail and single token.,2
facilitate,trans,facilitated,facilitated,near_head,gap,3.48,3.99,4.24,1,Ġfacilitated,1,True,das_train,,A meeting was facilitated by a moderator without a particle or causative alternation; participle Zipf 3.48; lemma-sum 4.24; BPE 1.,5
forfeit,trans,forfeited,forfeited,near_head,tail,3.07,3.32,3.57,2,Ġforfe|ited,2,False,excluded,doubtful: Deposit-loss sense often lacks volitional agency; deliberate forfeiting a match is cleaner.,A deposit was forfeited by a renter without a particle or causative alternation; participle Zipf 3.07; lemma-sum 3.57; BPE 2.,5
format,trans,formatted,formatted,near_head,tail,3.01,4.47,4.58,1,Ġformatted,1,False,excluded,doubtful: Computing the disk formats allows a patient subject; check middle versus causative alternation.,A manuscript can be formatted by an editor without a particle; tail and 1 token.,1
grade,trans,graded,graded,near_head,gap,3.45,4.8,4.94,1,Ġgraded,1,True,unpaired,,An essay was graded by a teacher in an eventive passive without a particle; participle Zipf 3.45; lemma-sum 4.94; BPE 1.,5
grasp,trans,grasped,grasped,near_head,tail,3.02,3.97,4.09,1,Ġgrasped,1,True,das_train,,A rope can be grasped by a sailor without a particle; tail and 1 token.,1
grate,trans,grated,grated,near_head,tail,3.12,3.17,3.67,1,Ġgrated,1,False,excluded,doubtful: Common grate on one's nerves and abrasive-sound uses are intransitive; vegetable-grating passive is clean.,A carrot can be grated by a cook without an ordinary spontaneous alternation; tail and single token.,2
grip,trans,gripped,gripped,near_head,tail,3.14,4.11,4.29,1,Ġgripped,1,True,unpaired,,A handle can be gripped by a climber without a particle; tail and 1 token.,1
haul,trans,hauled,hauled,near_head,gap,3.43,3.88,4.12,1,Ġhauled,1,True,unpaired,,A crate was hauled by a worker without an obligatory destination or causative alternation; participle Zipf 3.43; lemma-sum 4.12; BPE 1.,5
hoard,trans,hoarded,hoarded,near_head,tail,2.5,3.23,3.57,2,Ġho|arded,2,True,unpaired,,A supply was hoarded by a collector without a particle or causative alternation; participle Zipf 2.50; lemma-sum 3.57; BPE 2.,5
hug,trans,hugged,hugged,near_head,gap,3.43,4.09,4.36,1,Ġhugged,1,True,das_train,,A child was hugged by a parent without a particle or causative alternation; participle Zipf 3.43; lemma-sum 4.36; BPE 1.,5
image,trans,imaged,imaged,near_head,tail,2.67,4.94,5.18,1,Ġimaged,1,True,unpaired,,An organ can be imaged by a radiologist without a particle; tail and 1 token.,1
infer,trans,inferred,inferred,near_head,tail,3.12,3.16,3.52,1,Ġinferred,1,True,das_train,,A conclusion can be inferred by a researcher without an obligatory from phrase; tail and 1 token.,1
inhale,trans,inhaled,inhaled,near_head,tail,3.08,3.25,3.64,1,Ġinhaled,1,False,excluded,doubtful: Ordinary breathing can be intransitive; smoke-taking passive is nevertheless natural.,Smoke can be inhaled by a smoker without a causative alternation; tail and single token.,2
inscribe,trans,inscribed,inscribed,near_head,gap,3.38,2.19,3.43,2,Ġin|scribed,2,True,unpaired,,A motto was inscribed by an artisan without an obligatory surface phrase or causative alternation; participle Zipf 3.38; lemma-sum 3.43; BPE 2.,5
institute,trans,instituted,instituted,near_head,gap,3.48,4.8,4.86,1,Ġinstituted,1,True,unpaired,,A policy was instituted by a director without a particle or causative alternation; participle Zipf 3.48; lemma-sum 4.86; BPE 1.,5
interrogate,trans,interrogated,interrogated,near_head,tail,3.18,2.9,3.5,2,Ġinterrog|ated,2,True,unpaired,,A suspect can be interrogated by a detective without an obligatory topic phrase; tail and multiple tokens.,2
loot,trans,looted,looted,near_head,gap,3.21,3.49,3.89,2,Ġloot|ed,2,True,das_train,,A shop was looted by a robber without a particle or causative alternation; participle Zipf 3.21; lemma-sum 3.89; BPE 2.,5
lynch,trans,lynched,lynched,near_head,tail,2.83,3.94,4.02,2,Ġlyn|ched,2,True,das_train,,A prisoner was lynched by a mob without a particle or causative alternation; participle Zipf 2.83; lemma-sum 4.02; BPE 2.,5
mine,trans,mined,mined,near_head,gap,3.41,5.04,5.21,2,Ġm|ined,2,True,unpaired,,An ore deposit was mined by a prospector without a particle or spontaneous alternation; participle Zipf 3.41; lemma-sum 5.21; BPE 2.,5
minimize,trans,minimized,minimized,near_head,tail,3.05,3.8,4.0,1,Ġminimized,1,False,excluded,drop: Patient-subject the window minimized is natural in the ordinary computing sense.,A risk can be minimized by a planner without a particle; tail and single token.,2
mock,trans,mocked,mocked,near_head,gap,3.43,3.85,4.16,2,Ġmock|ed,2,True,das_train,,A speaker was mocked by a heckler without a particle or causative alternation; participle Zipf 3.43; lemma-sum 4.16; BPE 2.,5
obey,trans,obeyed,obeyed,near_head,tail,3.02,3.83,3.97,2,Ġobey|ed,2,True,das_train,,An order was obeyed by a soldier without a particle or causative alternation; participle Zipf 3.02; lemma-sum 3.97; BPE 2.,5
pardon,trans,pardoned,pardoned,near_head,tail,3.11,3.82,3.95,3,Ġp|ard|oned,3,True,das_train,,A prisoner was pardoned by a governor without an obligatory offense phrase or causative alternation; participle Zipf 3.11; lemma-sum 3.95; BPE 3.,5
pen,trans,penned,penned,near_head,gap,3.38,4.38,4.51,2,Ġpenn|ed,2,True,das_train,,A poem was penned by an author without a particle or causative alternation; participle Zipf 3.38; lemma-sum 4.51; BPE 2.,5
persecute,trans,persecuted,persecuted,near_head,gap,3.42,2.79,3.57,2,Ġpersec|uted,2,True,unpaired,,A dissident was persecuted by a ruler without a particle or causative alternation; participle Zipf 3.42; lemma-sum 3.57; BPE 2.,5
probe,trans,probed,probed,near_head,tail,2.88,3.99,4.17,1,Ġprobed,1,True,das_train,,A wound can be probed by a surgeon without a particle; tail and 1 token.,1
quantify,trans,quantified,quantified,near_head,tail,2.97,3.24,3.52,1,Ġquantified,1,True,unpaired,,A loss can be quantified by an accountant without a particle; tail and 1 token.,1
raid,trans,raided,raided,near_head,gap,3.47,4.19,4.45,2,Ġra|ided,2,True,unpaired,,A warehouse was raided by an officer without a particle or causative alternation; participle Zipf 3.47; lemma-sum 4.45; BPE 2.,5
ratify,trans,ratified,ratified,near_head,gap,3.41,2.94,3.58,2,Ġrat|ified,2,True,das_train,,A treaty was ratified by a council without a particle or causative alternation; participle Zipf 3.41; lemma-sum 3.58; BPE 2.,5
recite,trans,recited,recited,near_head,tail,3.14,3.28,3.7,1,Ġrecited,1,True,das_train,,A poem can be recited by a pupil without a particle; tail and 1 token.,1
refurbish,trans,refurbished,refurbished,near_head,gap,3.39,2.57,3.51,3,Ġref|urb|ished,3,False,excluded,doubtful: Refurbished has a prominent product-condition adjective reading.,A cabinet was refurbished by a carpenter in an eventive passive without a particle; participle Zipf 3.39; lemma-sum 3.51; BPE 3.,5
regain,trans,regained,regained,near_head,gap,3.49,3.73,4.01,1,Ġregained,1,True,das_train,,A title was regained by a champion without a particle or causative alternation; participle Zipf 3.49; lemma-sum 4.01; BPE 1.,5
relegate,trans,relegated,relegated,near_head,gap,3.47,2.47,3.55,1,Ġrelegated,1,True,unpaired,,A team was relegated by a league without an obligatory destination or causative alternation; participle Zipf 3.47; lemma-sum 3.55; BPE 1.,5
renounce,trans,renounced,renounced,near_head,tail,3.0,3.19,3.5,2,Ġren|ounced,2,True,unpaired,,A claim was renounced by an heir without a particle or causative alternation; participle Zipf 3.00; lemma-sum 3.50; BPE 2.,5
repeal,trans,repealed,repealed,near_head,gap,3.36,3.87,4.05,2,Ġrepe|aled,2,True,das_train,,A statute was repealed by a legislature without a particle or causative alternation; participle Zipf 3.36; lemma-sum 4.05; BPE 2.,5
rewrite,trans,rewrote,rewritten,near_head,tail,3.19,3.47,5.37,1,Ġrewritten,2,False,excluded,not_tail_xtail_single_token,A manuscript can be rewritten by an author without a particle; tail and 1 token.,1
ridicule,trans,ridiculed,ridiculed,near_head,tail,3.19,3.34,3.64,2,Ġridic|uled,2,True,das_train,,A speaker can be ridiculed by a heckler without a particle; tail and multiple tokens.,2
rinse,trans,rinsed,rinsed,near_head,tail,2.77,3.48,3.63,1,Ġrinsed,1,True,unpaired,,A plate can be rinsed by a dishwasher without an obligatory out particle; tail and 1 token.,1
sabotage,trans,sabotaged,sabotaged,near_head,tail,2.92,3.62,3.78,2,Ġsabot|aged,2,True,das_train,,A machine can be sabotaged by a rival without a particle; tail and multiple tokens.,2
sample,trans,sampled,sampled,near_head,gap,3.41,4.53,4.81,1,Ġsampled,1,True,unpaired,,A wine was sampled by a critic without a particle or causative alternation; participle Zipf 3.41; lemma-sum 4.81; BPE 1.,5
sequence,trans,sequenced,sequenced,near_head,tail,2.87,4.35,4.51,1,Ġsequenced,1,True,unpaired,,A genome can be sequenced by a researcher without a particle; tail and 1 token.,1
shun,trans,shunned,shunned,near_head,tail,3.11,3.24,3.56,2,Ġsh|unned,2,True,das_train,,A visitor was deliberately shunned by a host without a particle or causative alternation; participle Zipf 3.11; lemma-sum 3.56; BPE 2.,5
signal,trans,signaled,signaled,near_head,tail,3.1,4.62,4.84,1,Ġsignaled,1,True,unpaired,,A retreat can be signaled by a commander without a particle; tail and 1 token.,1
simulate,trans,simulated,simulated,near_head,gap,3.49,3.44,3.87,1,Ġsimulated,1,False,excluded,doubtful: Simulated commonly means artificial as an adjective; accident-staging passive remains eventive.,An accident was simulated by an investigator without a particle or causative alternation; participle Zipf 3.49; lemma-sum 3.87; BPE 1.,5
snatch,trans,snatched,snatched,near_head,gap,3.48,3.53,3.9,1,Ġsnatched,1,True,das_train,,A bag was snatched by a thief without a particle or causative alternation; participle Zipf 3.48; lemma-sum 3.90; BPE 1.,5
solicit,trans,solicited,solicited,near_head,tail,2.93,3.06,3.53,2,Ġsolic|ited,2,True,das_train,,A donation can be solicited by a volunteer without an obligatory source phrase; tail and multiple tokens.,2
summarize,trans,summarized,summarized,near_head,gap,3.35,3.23,3.78,1,Ġsummarized,1,True,unpaired,,A report was summarized by an editor without a particle or causative alternation; participle Zipf 3.35; lemma-sum 3.78; BPE 1.,5
taunt,trans,taunted,taunted,near_head,tail,2.74,2.96,3.53,2,Ġta|unted,2,True,das_train,,A player was taunted by a spectator without a particle or causative alternation; participle Zipf 2.74; lemma-sum 3.53; BPE 2.,5
thwart,trans,thwarted,thwarted,near_head,tail,3.15,3.06,3.51,2,Ġthwart|ed,2,True,das_train,,A plan was thwarted by a rival without a particle or causative alternation; participle Zipf 3.15; lemma-sum 3.51; BPE 2.,5
tow,trans,towed,towed,near_head,gap,3.38,3.72,4.0,2,Ġto|wed,2,True,das_train,,A vehicle was towed by a mechanic without an obligatory destination or causative alternation; participle Zipf 3.38; lemma-sum 4.00; BPE 2.,5
transplant,trans,transplanted,transplanted,near_head,tail,3.06,3.76,3.93,1,Ġtransplanted,1,True,das_train,,A shrub can be transplanted by a gardener without an obligatory destination phrase; tail and single token.,2
trick,trans,tricked,tricked,near_head,gap,3.42,4.48,4.68,2,Ġtrick|ed,2,True,das_train,,A customer was tricked by a salesman without an obligatory into phrase or causative alternation; participle Zipf 3.42; lemma-sum 4.68; BPE 2.,5
underestimate,trans,underestimated,underestimated,near_head,gap,3.39,3.69,3.93,1,Ġunderestimated,1,True,das_train,,A rival was underestimated by a contestant without a particle or causative alternation; participle Zipf 3.39; lemma-sum 3.93; BPE 1.,5
validate,trans,validated,validated,near_head,gap,3.38,3.4,3.8,1,Ġvalidated,1,True,unpaired,,A ticket was validated by a clerk in an eventive passive without a particle; participle Zipf 3.38; lemma-sum 3.80; BPE 1.,5
visualize,trans,visualized,visualized,near_head,tail,2.8,3.27,3.5,1,Ġvisualized,1,True,unpaired,,A landscape can be visualized by an artist without a particle; tail and 1 token.,1
waive,trans,waived,waived,near_head,gap,3.48,3.24,3.74,1,Ġwaived,1,True,unpaired,,A fee was waived by a clerk without a particle or causative alternation; participle Zipf 3.48; lemma-sum 3.74; BPE 1.,5
withhold,trans,withheld,withheld,near_head,gap,3.36,3.28,3.82,1,Ġwithheld,1,True,das_train,,A document was withheld by an official without an obligatory from phrase or causative alternation; participle Zipf 3.36; lemma-sum 3.82; BPE 1.,5
worship,trans,worshipped,worshipped,near_head,gap,3.28,4.29,4.39,2,Ġworsh|ipped,2,True,unpaired,,An idol was worshipped by a devotee without a particle or causative alternation; participle Zipf 3.28; lemma-sum 4.39; BPE 2.,5
abbreviate,trans,abbreviated,abbreviated,tail,tail,3.19,2.23,3.26,1,Ġabbreviated,1,False,excluded,doubtful: Abbreviated has a common shortened adjective reading alongside eventive editorial passives.,A title can be abbreviated by an editor without a particle; tail and 1 token.,1
admonish,trans,admonished,admonished,tail,tail,2.66,2.29,2.98,2,Ġadmon|ished,2,True,unpaired,,A pupil can be admonished by a teacher without an obligatory topic phrase; tail and multiple tokens.,2
adulterate,trans,adulterated,adulterated,tail,tail,2.41,1.65,2.53,3,Ġadul|ter|ated,3,True,unpaired,,Milk can be adulterated by a vendor without an obligatory with phrase; tail and multiple tokens.,2
append,trans,appended,appended,tail,tail,2.84,2.64,3.12,1,Ġappended,1,True,unpaired,,A note can be appended by an editor without an obligatory to phrase; tail and 1 token.,1
apportion,trans,apportioned,apportioned,tail,tail,2.46,2.2,2.73,3,Ġapp|ortion|ed,3,True,unpaired,,Food can be apportioned by a cook without an obligatory recipient phrase; tail and multiple tokens.,2
appraise,trans,appraised,appraised,tail,tail,2.78,2.54,3.06,2,Ġapp|raised,2,True,unpaired,,A necklace can be appraised by a jeweler without a particle; tail and multiple tokens.,2
arraign,trans,arraigned,arraigned,tail,tail,2.73,1.77,2.79,3,Ġar|ra|igned,3,True,unpaired,,A defendant can be arraigned by a prosecutor without an obligatory charge phrase; tail and multiple tokens.,2
ascertain,trans,ascertained,ascertained,tail,tail,2.79,3.29,3.45,1,Ġascertained,1,True,unpaired,,A cause can be ascertained by an investigator without a particle; tail and 1 token.,1
assail,trans,assailed,assailed,tail,tail,2.52,2.11,2.78,2,Ġass|ailed,2,True,unpaired,,A traveler can be assailed by a robber without a particle; tail and multiple tokens.,2
bequeath,trans,bequeathed,bequeathed,tail,tail,3.02,2.47,3.17,3,Ġbe|que|athed,3,True,unpaired,,A necklace can be bequeathed by a grandmother with the recipient understood; tail and multiple tokens.,2
berate,trans,berated,berated,tail,tail,2.67,2.44,3.11,2,Ġb|erated,2,True,unpaired,,A clerk can be berated by a customer without an obligatory topic phrase; tail and multiple tokens.,2
bludgeon,trans,bludgeoned,bludgeoned,tail,tail,2.42,2.38,2.88,3,Ġbl|udge|oned,3,True,eval,,A victim can be bludgeoned by an attacker without an obligatory instrument phrase; tail and multiple tokens.,2
calibrate,trans,calibrated,calibrated,tail,tail,3.17,2.79,3.38,1,Ġcalibrated,1,True,unpaired,,A thermometer can be calibrated by a technician without a particle; tail and 1 token.,1
commandeer,trans,commandeered,commandeered,tail,tail,2.61,2.24,2.86,2,Ġcommand|eered,2,True,unpaired,,A truck can be commandeered by a soldier without a particle; tail and multiple tokens.,2
computerize,trans,computerized,computerized,tail,tail,3.18,1.48,3.19,1,Ġcomputerized,1,False,excluded,drop: Computerized commonly describes a system state; organizational patient subjects can also computerize. [Collins](https://www.collinsdictionary.com/us/dictionary/english/computerize),A catalogue can be computerized by a librarian in an eventive conversion passive; tail and single token.,2
corroborate,trans,corroborated,corroborated,tail,tail,2.92,2.92,3.36,1,Ġcorroborated,1,True,unpaired,,An account can be corroborated by a witness without a particle; tail and 1 token.,1
decode,trans,decoded,decoded,tail,tail,2.78,3.02,3.46,1,Ġdecoded,1,True,unpaired,,A message can be decoded by an analyst without a particle; tail and 1 token.,1
deduce,trans,deduced,deduced,tail,tail,2.94,2.97,3.31,1,Ġdeduced,1,True,unpaired,,A conclusion can be deduced by a detective without an obligatory from phrase; tail and 1 token.,1
deface,trans,defaced,defaced,tail,tail,2.74,2.32,3.01,2,Ġdef|aced,2,True,unpaired,,A poster can be defaced by a vandal without a particle; tail and multiple tokens.,2
defraud,trans,defrauded,defrauded,tail,tail,2.67,2.85,3.2,3,Ġdef|ra|uded,3,True,eval,,A customer can be defrauded by a merchant without an obligatory of phrase; tail and multiple tokens.,2
deprecate,trans,deprecated,deprecated,tail,tail,2.67,1.88,3.06,1,Ġdeprecated,1,False,excluded,doubtful: Software-support sense competes with intended criticism; deprecated often describes a current status. [Merriam-Webster](https://www.merriam-webster.com/dictionary/deprecate),A proposal can be deprecated by a critic in the verbal-disapproval sense; tail and single token.,2
desecrate,trans,desecrated,desecrated,tail,tail,2.64,2.3,2.93,3,Ġdes|ec|rated,3,True,unpaired,,A grave can be desecrated by a vandal without a particle; tail and multiple tokens.,2
disavow,trans,disavowed,disavowed,tail,tail,2.56,2.6,2.97,3,Ġdis|av|owed,3,True,eval,,A statement can be disavowed by its author in an eventive public denial; tail and multiple tokens.,2
disparage,trans,disparaged,disparaged,tail,tail,2.41,2.58,3.17,2,Ġdispar|aged,2,True,eval,,A painting can be disparaged by a critic without a particle; tail and multiple tokens.,2
dissect,trans,dissected,dissected,tail,tail,2.91,2.9,3.36,1,Ġdissected,1,True,unpaired,,A specimen can be dissected by a researcher without a particle; tail and 1 token.,1
disseminate,trans,disseminated,disseminated,tail,tail,3.0,3.03,3.46,1,Ġdisseminated,1,False,excluded,drop: Patient-subject information disseminates permits a spreading alternation. [Merriam-Webster](https://www.merriam-webster.com/dictionary/disseminate),A rumor can be disseminated by a neighbor without a particle; tail and single token.,2
elicit,trans,elicited,elicited,tail,tail,2.91,3.1,3.45,1,Ġelicited,1,True,unpaired,,A response can be elicited by an interviewer without an obligatory from phrase; tail and 1 token.,1
elucidate,trans,elucidated,elucidated,tail,tail,2.5,2.7,3.04,1,Ġelucidated,1,True,unpaired,,A mechanism can be elucidated by a researcher without a particle; tail and 1 token.,1
embezzle,trans,embezzled,embezzled,tail,tail,2.56,2.01,2.91,4,Ġem|be|zz|led,4,True,unpaired,,Money can be embezzled by a treasurer without a particle; tail and multiple tokens.,2
encapsulate,trans,encapsulated,encapsulated,tail,tail,2.91,2.51,3.25,1,Ġencapsulated,1,True,unpaired,,A specimen can be encapsulated by a technician without an obligatory in phrase; tail and 1 token.,1
entomb,trans,entombed,entombed,tail,tail,2.44,1.66,2.55,3,Ġent|om|bed,3,True,unpaired,,A body can be entombed by an undertaker in an eventive burial passive; tail and multiple tokens.,2
enumerate,trans,enumerated,enumerated,tail,tail,2.8,2.4,3.05,1,Ġenumerated,1,True,unpaired,,The options can be enumerated by a clerk without a particle; tail and 1 token.,1
excise,trans,excised,excised,tail,tail,2.58,3.26,3.37,1,Ġexcised,1,True,unpaired,,A tumor can be excised by a surgeon without an obligatory from phrase; tail and 1 token.,1
exemplify,trans,exemplified,exemplified,tail,tail,3.13,2.73,3.46,1,Ġexemplified,1,False,excluded,doubtful: Common illustrate-by-being-an-example sense is nonagentive; intentional demonstration requires careful subjects.,A principle can be exemplified by a teacher through a deliberate demonstration; tail and single token.,2
exonerate,trans,exonerated,exonerated,tail,tail,2.92,2.61,3.16,2,Ġexon|erated,2,True,unpaired,,A suspect can be exonerated by a judge without an obligatory of phrase; tail and multiple tokens.,2
expend,trans,expended,expended,tail,tail,2.97,2.9,3.33,1,Ġexpended,1,True,unpaired,,A budget can be expended by an administrator without an obligatory on phrase; tail and 1 token.,1
extradite,trans,extradited,extradited,tail,tail,2.8,2.59,3.03,2,Ġextrad|ited,2,True,unpaired,,A fugitive can be extradited by an official without an obligatory destination phrase; tail and multiple tokens.,2
falsify,trans,falsified,falsified,tail,tail,2.92,2.55,3.21,2,Ġfals|ified,2,True,unpaired,,A record can be falsified by a clerk without a particle; tail and multiple tokens.,2
hypothesize,trans,hypothesized,hypothesized,tail,tail,3.02,2.5,3.18,1,Ġhypothesized,1,True,unpaired,,A mechanism can be hypothesized by a scientist without a particle; tail and 1 token.,1
immobilize,trans,immobilized,immobilized,tail,tail,2.67,2.35,2.91,1,Ġimmobilized,1,True,unpaired,,A limb can be immobilized by a clinician without a particle; tail and 1 token.,1
immunize,trans,immunized,immunized,tail,tail,2.48,2.06,2.7,1,Ġimmunized,1,True,unpaired,,A child can be immunized by a physician without an obligatory against phrase; tail and 1 token.,1
impound,trans,impounded,impounded,tail,tail,2.84,2.47,3.05,2,Ġimp|ounded,2,True,unpaired,,A car can be impounded by an officer without a particle; tail and multiple tokens.,2
individualize,trans,individualized,individualized,tail,tail,3.05,1.87,3.09,1,Ġindividualized,1,False,excluded,doubtful: Individualized commonly describes tailored care or instruction as an adjective. [Merriam-Webster](https://www.merriam-webster.com/dictionary/individualize),A lesson can be individualized by a teacher through deliberate revision; tail and single token.,2
inoculate,trans,inoculated,inoculated,tail,tail,2.57,2.26,2.81,1,Ġinoculated,1,True,unpaired,,A patient can be inoculated by a nurse without an obligatory against phrase; tail and 1 token.,1
irradiate,trans,irradiated,irradiated,tail,tail,2.93,1.94,3.02,1,Ġirradiated,1,True,unpaired,,A sample can be irradiated by a technician without a particle; tail and 1 token.,1
maul,trans,mauled,mauled,tail,tail,2.83,2.9,3.26,2,Ġma|uled,2,True,unpaired,,A visitor can be mauled by a dog without a particle; tail and multiple tokens.,2
mince,trans,minced,minced,tail,tail,3.0,3.02,3.36,1,Ġminced,1,True,unpaired,,Meat can be minced by a cook without a particle or causative alternation; tail and 1 token.,1
misquote,trans,misquoted,misquoted,tail,tail,2.43,2.02,2.69,3,Ġmis|qu|oted,3,True,unpaired,,A speaker can be misquoted by a reporter without a particle; tail and multiple tokens.,2
misrepresent,trans,misrepresented,misrepresented,tail,tail,2.96,2.65,3.3,2,Ġmisrepresent|ed,2,True,unpaired,,A position can be misrepresented by a debater without a particle; tail and multiple tokens.,2
murmur,trans,murmured,murmured,tail,tail,2.54,2.92,3.39,1,Ġmurmured,1,False,excluded,drop: Common quiet sound-production use is intransitive; speech-object sense does not ensure transitive predominance.,A warning can be murmured by a guide in the transitive speech sense; tail and single token.,2
mutter,trans,muttered,muttered,tail,tail,2.83,2.77,3.4,1,Ġmuttered,1,False,excluded,drop: Common muttering is intransitive; speech-object sense does not ensure transitive predominance.,An apology can be muttered by a child in the transitive speech sense; tail and single token.,2
notarize,trans,notarized,notarized,tail,tail,2.47,1.49,2.53,3,Ġnot|ar|ized,3,True,unpaired,,A document can be notarized by a solicitor without a particle; tail and multiple tokens.,2
overrule,trans,overruled,overruled,tail,tail,3.12,2.73,3.33,1,Ġoverruled,1,True,unpaired,,An objection can be overruled by a judge without a particle; tail and 1 token.,1
pillage,trans,pillaged,pillaged,tail,tail,2.53,2.76,3.12,2,Ġpill|aged,2,True,eval,,A village can be pillaged by an invader without a particle; tail and multiple tokens.,2
plagiarize,trans,plagiarized,plagiarized,tail,tail,2.68,2.1,2.91,3,Ġplag|iar|ized,3,True,unpaired,,An essay can be plagiarized by a student without a particle; tail and multiple tokens.,2
postulate,trans,postulated,postulated,tail,tail,2.8,2.6,3.17,1,Ġpostulated,1,True,unpaired,,A mechanism can be postulated by a scientist without a particle; tail and 1 token.,1
proffer,trans,proffered,proffered,tail,tail,2.42,2.3,2.77,1,Ġproffered,1,True,unpaired,,A document can be proffered by a lawyer without an obligatory to phrase; tail and 1 token.,1
randomise,trans,randomised,randomised,tail,tail,2.58,1.11,2.59,1,Ġrandomised,1,True,unpaired,,An item order can be randomised by a researcher without a particle; tail and 1 token.,1
ransack,trans,ransacked,ransacked,tail,tail,2.75,2.07,2.92,3,Ġr|ans|acked,3,True,unpaired,,A house can be ransacked by a burglar without a particle; tail and multiple tokens.,2
raze,trans,razed,razed,tail,tail,2.79,2.52,3.06,2,Ġra|zed,2,True,eval,,A building can be razed by a developer without an obligatory to phrase; tail and multiple tokens.,2
reprimand,trans,reprimanded,reprimanded,tail,tail,2.93,2.9,3.3,3,Ġre|prim|anded,3,True,unpaired,,A worker can be reprimanded by a supervisor without an obligatory topic phrase; tail and multiple tokens.,2
repudiate,trans,repudiated,repudiated,tail,tail,2.62,2.45,2.95,3,Ġrep|ud|iated,3,True,eval,,An agreement can be repudiated by a tenant without a particle; tail and multiple tokens.,2
requisition,trans,requisitioned,requisitioned,tail,tail,2.52,2.69,3.02,3,Ġrequ|isition|ed,3,True,eval,,A vehicle can be requisitioned by an officer without a particle; tail and multiple tokens.,2
revile,trans,reviled,reviled,tail,tail,2.65,1.98,2.77,2,Ġrev|iled,2,True,unpaired,,A politician can be reviled by a heckler through deliberate verbal abuse; tail and multiple tokens.,2
scold,trans,scolded,scolded,tail,tail,2.96,2.81,3.41,2,Ġsc|olded,2,True,unpaired,,A child can be scolded by a parent without an obligatory topic phrase; tail and multiple tokens.,2
secrete,trans,secreted,secreted,tail,tail,2.95,2.72,3.27,1,Ġsecreted,1,False,excluded,doubtful: Concealment sense competes with biological secretion and commonly specifies a hiding location.,A document can be secreted by a courier in the concealment sense without a particle; tail and 1 token.,1
serialize,trans,serialized,serialized,tail,tail,2.59,1.78,2.69,1,Ġserialized,1,False,excluded,doubtful: Computing the object serializes supplies a technical patient-subject frame.,A novel can be serialized by a publisher without a particle; tail and single token.,2
sheathe,trans,sheathed,sheathed,tail,tail,2.52,1.82,2.81,2,Ġshe|athed,2,True,unpaired,,A sword can be sheathed by a soldier without an ordinary spontaneous alternation; tail and multiple tokens.,2
subtract,trans,subtracted,subtracted,tail,tail,2.71,3.1,3.41,1,Ġsubtracted,1,True,unpaired,,A fee can be subtracted by a clerk without an obligatory from phrase; tail and 1 token.,1
superimpose,trans,superimposed,superimposed,tail,tail,2.92,2.1,3.04,1,Ġsuperimposed,1,False,excluded,doubtful: A base surface is normally understood; isolated bare passive can feel incomplete.,An image can be superimposed by an artist with the underlying surface understood; tail and single token.,2
transcribe,trans,transcribed,transcribed,tail,tail,3.16,2.69,3.38,1,Ġtranscribed,1,True,unpaired,,A recording can be transcribed by a secretary without a particle; tail and 1 token.,1
truncate,trans,truncated,truncated,tail,tail,3.03,2.24,3.13,1,Ġtruncated,1,False,excluded,doubtful: Truncated has a common shortened adjective reading alongside eventive editing passives. [Merriam-Webster](https://www.merriam-webster.com/dictionary/truncate),A quotation can be truncated by an editor without a particle; tail and single token.,2
usurp,trans,usurped,usurped,tail,tail,2.78,2.7,3.15,3,Ġus|ur|ped,3,True,unpaired,,A throne can be usurped by a rival without a particle; tail and multiple tokens.,2
vandalize,trans,vandalized,vandalized,tail,tail,2.87,2.19,3.06,3,Ġv|andal|ized,3,True,unpaired,,A car can be vandalized by a teenager without a particle; tail and multiple tokens.,2
besmirch,trans,besmirched,besmirched,xtail,xtail,1.91,2.0,2.36,4,Ġbes|m|irc|hed,4,True,eval,,A reputation can be besmirched by a rival without a particle; xtail and multiple tokens.,2
browbeat,trans,browbeat,browbeaten,xtail,xtail,1.65,1.92,2.25,3,Ġbrow|be|aten,2,True,eval,,A witness can be browbeaten by a lawyer without an obligatory into phrase; xtail and multiple tokens.,2
cajole,trans,cajoled,cajoled,xtail,xtail,2.19,2.19,2.66,4,Ġc|aj|ol|ed,4,True,eval,,A child can be cajoled by a parent with the requested action understood; xtail and multiple tokens.,2
centrifuge,trans,centrifuged,centrifuged,xtail,xtail,2.08,2.81,3.02,1,Ġcentrifuged,1,True,unpaired,,A sample can be centrifuged by a technician without a particle; xtail and 1 token.,1
despoil,trans,despoiled,despoiled,xtail,xtail,1.82,1.58,2.14,3,Ġdes|po|iled,3,True,eval,,A village can be despoiled by an invader without an obligatory of phrase; xtail and multiple tokens.,2
eulogize,trans,eulogized,eulogized,xtail,xtail,2.04,1.68,2.35,4,Ġe|ul|og|ized,4,True,unpaired,,A poet can be eulogized by a friend in an eventive speech passive; xtail and multiple tokens.,2
pilfer,trans,pilfered,pilfered,xtail,xtail,2.12,2.06,2.63,2,Ġpil|fered,2,True,eval,,A wallet can be pilfered by a thief without a particle; xtail and multiple tokens.,2
pretreat,trans,pretreated,pretreated,xtail,xtail,1.97,1.16,2.03,1,Ġpretreated,1,True,unpaired,,A sample can be pretreated by a technician without an obligatory with phrase; xtail and 1 token.,1
transfect,trans,transfected,transfected,xtail,xtail,2.16,0.0,2.16,1,Ġtransfected,1,True,unpaired,,A cell can be transfected by a researcher without an obligatory with phrase; xtail and 1 token.,1
waylay,trans,waylaid,waylaid,xtail,xtail,2.18,1.59,2.31,2,Ġway|laid,2,True,unpaired,,A traveler can be waylaid by a robber without a particle; xtail and multiple tokens.,2
