group,mlp,readout,step1_active,n_pairs,d_base,d_base_lo,d_base_hi,d_cf,d_cf_lo,d_cf_hi,d_extra,d_extra_lo,d_extra_hi,S,S_lo,S_hi,S_extra,S_extra_lo,S_extra_hi,PE_heads,PE_heads_lo,PE_heads_hi,PE_mlps,PE_mlps_lo,PE_mlps_hi,PE_carry,PE_carry_lo,PE_carry_hi,S_halfB,S_halfB_lo,S_halfB_hi,B_heads,B_heads_lo,B_heads_hi,B_fixed,B_fixed_lo,B_fixed_hi,B_fixed_aux,B_fixed_aux_lo,B_fixed_aux_hi,B_fixed_adv,B_fixed_adv_lo,B_fixed_adv_hi,B_fixed_val,B_fixed_val_lo,B_fixed_val_hi,B_fixed_pat,B_fixed_pat_lo,B_fixed_pat_hi,B_new,B_new_lo,B_new_hi,B_new_aux,B_new_aux_lo,B_new_aux_hi,frame
all,11,by,-0.24905315041542053,64,0.16718708436213392,0.1423204520811442,0.19029655667432416,-0.2751880427031541,-0.29556706377241887,-0.25633713438171546,-0.2973669241806047,-0.31651150051615645,-0.2772692292577671,-0.442375127065288,-0.47129549032873236,-0.4116599311963521,-0.46455400854273865,-0.4959891546367648,-0.4331851834158817,-0.40346479766441784,-0.4302336530226374,-0.37843173536659463,0.00033630896110800005,-0.02856919223213137,0.030084084733495282,0.02300676033155609,0.017109375570740753,0.02940164167591518,-0.4419256990680248,-0.4716403221932539,-0.41384226805774166,0.4015376369677393,0.3762729245510705,0.4271903272767851,0.26949182427867874,0.2536768215555338,0.2856269530511415,0.1567940304993482,0.1465498074009219,0.16679289365529631,0.09106004150591648,0.0833562322008107,0.09924040850205762,0.24730271286247135,0.23308228572313086,0.2608864453325467,0.11234630327712891,0.10294604860748167,0.12238422207756872,0.25476711733413554,0.23822164949491206,0.27220143843596134,0.1404990378130048,0.13161503997337293,0.15012651874047475,adverb
all,13,by,-0.1370573341846466,64,0.17640799095653534,0.15015663078370153,0.2021566289110006,-0.14308400195336873,-0.17461104663740157,-0.11139329496773727,-0.11408653987699655,-0.14639534794150788,-0.07962778180637993,-0.31949199290990404,-0.35529318631172085,-0.28641349244856956,-0.2904945308335318,-0.32788326321978634,-0.2554991563438069,-0.3450451407572027,-0.371090109987571,-0.31944946639163097,0.017605864621975137,-0.023606834570279428,0.059968915140984985,0.016071290444771326,0.012084904159956318,0.020199384742063942,-0.30844152426187665,-0.34104149635703923,-0.27468037121322925,0.3436098826435066,0.3182947352748071,0.3698916211204083,0.11022587397354729,0.09957241737980582,0.1207308659798118,0.07711631708336363,0.07021944477484125,0.08458388747162454,0.03439189842431006,0.030756272180843192,0.03809635509283051,0.12122804856955782,0.11066217335463344,0.13249089960452365,0.05493895978650112,0.04914590667747362,0.0609298821053777,0.13333908744558373,0.12028241925545757,0.14620309295133463,0.08185117693701492,0.07453839297346254,0.08926522828565941,adverb
all,14,by,-0.4507887065410614,64,0.47384293655363297,0.43411600563095276,0.5124202524054161,-0.2910734156544606,-0.33589119869652706,-0.24676557689049536,-0.2599846644429929,-0.2990994274301648,-0.22161872742613012,-0.7649163522080936,-0.8253972036520362,-0.7004413757023732,-0.7338276009966258,-0.791352312791021,-0.6777964515233251,-0.5986169728317143,-0.6341679048058627,-0.5628643678185818,0.06740325139092374,0.01476142120901336,0.11976977738371934,0.017517720190479216,0.013160743098629855,0.022339848193927148,-0.7504009685421202,-0.8111894726012936,-0.6883859774134737,0.5930828515594452,0.5595019897274334,0.6283689129403425,0.14809661967559032,0.1364995760366826,0.16009983659509905,0.12041460976002921,0.11089442767377079,0.12996517142810413,0.05580178383188207,0.050186848262260886,0.061917035005538405,0.18480493820050298,0.17178052445838587,0.19852962655036677,0.052112850497675375,0.046505900701655785,0.05807124036744236,0.18278585302493816,0.17046888061087634,0.19523376809055842,0.11533344503657184,0.10679233678019742,0.1240273929218873,adverb
all,16,by,-0.470443457365036,64,0.17093490692208954,0.14366824183201385,0.20097085151390812,-0.358927450877818,-0.4003436286598914,-0.31357169245597516,-0.2982921042905686,-0.34479497217585703,-0.24977650050284603,-0.5298623577999075,-0.5712210690979582,-0.48512605512401535,-0.4692270112126582,-0.5162977623596318,-0.4257238207163782,-0.33674202989778335,-0.36857891546099214,-0.30767205133458947,0.022621730479028455,-0.016458461448154948,0.06366454361194772,-0.002422944287523264,-0.004541447345955168,-0.00037805521475721903,-0.5339785907620606,-0.5814758960956312,-0.4860208457089572,0.3397516171708775,0.3065300020603815,0.3724117340172183,0.0945775354747469,0.0880592047653397,0.10143182028826318,0.04038126061591704,0.03612443818621162,0.045040787900068886,0.02340487166351129,0.020697214123916858,0.026359263515905854,0.06775720589665102,0.06108225399328413,0.07457805160862122,0.05544756413693464,0.05149793608282844,0.05954571324852182,0.1088100902112587,0.10120113718645049,0.11646516682177395,0.036437589400700555,0.03253210933162326,0.04040942384941763,adverb
all,17,by,-0.39640554785728455,64,0.08366252074219563,0.04578305451163478,0.11939262951316695,-0.3295809420454681,-0.3675921065633913,-0.29322970707295265,-0.348677591980989,-0.38875363365992793,-0.3083275341842565,-0.4132434627876638,-0.4573787615613939,-0.3740217495231029,-0.43234011272318473,-0.48600824944861126,-0.38490034568726983,-0.2146379619213037,-0.2503952467835152,-0.18326360212225554,0.023955362422413938,-0.01893842529884148,0.0671391839547774,0.0008013664065337298,-0.0008135825522488622,0.0022802870710381157,-0.4084258733835855,-0.4497318787429851,-0.3709841498402387,0.2071533309565541,0.17554330897379733,0.24079099040746552,0.0731766510072499,0.0646073294752269,0.08192210250136686,0.05601437014055988,0.051322999905788466,0.060667340109202744,0.01641658705149445,0.01367804283288244,0.01913016656425752,0.07517594594201274,0.06857139385329464,0.0820215285394179,0.04059258810604091,0.035490420928116675,0.04561299795975391,0.08496483056896736,0.07769366997277245,0.09243302086605538,0.04827413126187256,0.044567803244637196,0.05202030847613886,adverb
all,15,Obar,0.2558610141277313,64,-0.04392043795243536,-0.056955840401392524,-0.030843838586662484,0.18063072556383367,0.15300277543234633,0.2067476037326593,0.23631779261986466,0.20816305327814302,0.2651246626350919,0.22455116351626903,0.20097665534500664,0.24851287201431646,0.2802382305723,0.25466439292147464,0.30525806864625304,-0.009018527526422803,-0.017064906740034375,-0.0012050303055746539,0.31267179769645104,0.2860504190933765,0.33890935536881917,0.003363371678788201,0.0021356503812046666,0.004738408988272989,0.22060116447947603,0.19387164237698412,0.24492198881844976,-0.005856660777102418,-0.013223050346862934,0.002466200494337337,-0.0036508840976367026,-0.006872136421298546,-0.00022767001158428347,-0.013502173434129648,-0.016065245866500467,-0.011064675679328865,-0.002101018328971916,-0.0032011608163574823,-0.000964543516092379,-0.018674042143802548,-0.022386474023366295,-0.01512196734015564,-0.0019417876658059854,-0.003694264761338383,-0.0002028234817175136,-0.009552285260371333,-0.012401352561860448,-0.006634180340987158,-0.01616084599488932,-0.018384583261777096,-0.013958085931795804,adverb
all,18,Obar,0.4507789611816406,64,0.0342132542158589,0.02395916282446439,0.043921225759817474,0.29385605830179895,0.26704578209750507,0.32249363473273746,0.29195189648304654,0.26362861128885334,0.3213273154706833,0.2596428040859401,0.23461178040331154,0.2836128695358183,0.2577386422671876,0.23240803084178097,0.2808429613902837,0.013232536286505617,0.004915881841667089,0.021828882731979662,0.21015943919068736,0.18402294026919805,0.23625288740660222,0.0017605013708703,0.0009853360914486807,0.002625293648995784,0.2581617327222033,0.2337922280851926,0.28230930547139527,0.012598125675141868,0.004831073843891299,0.020862466247150994,0.00026160194208255257,-0.0017631821045648375,0.002409571249333926,0.00025363126731133825,-0.0005938198483715881,0.0010450037166426476,0.001787506845283442,0.0013575158546384168,0.0022464027531788355,0.00010658813212388094,-0.0011100967980754758,0.0013552621797304897,-0.0009070212464787934,-0.0021776761989195075,0.0003940748026729692,-0.0015884048122081118,-0.003681810074686938,0.00046405467833672505,-0.0010270302727930333,-0.0017301879817223451,-0.0002862935273102894,adverb
all,21,Obar,0.27566659450531006,64,-0.03189198157648302,-0.041406850785350176,-0.02271944015710585,0.14615951918451908,0.119840839785655,0.17450188998854413,0.1625368340292879,0.13489642675018243,0.19270340815228124,0.17805150076100212,0.1540688714684244,0.20128354137502652,0.1944288156057709,0.16996351301166848,0.22060700934793276,0.002109087939303561,-0.003117334728259801,0.007621152625155889,0.21737294681364425,0.19477360937261562,0.2408585730942715,0.001332402018319647,0.0006800600682049518,0.00197337852194218,0.18046703886188048,0.15669524943726845,0.20389841776612433,0.0027690203872036442,-0.002918062361958169,0.008451529977433044,0.0037729230322764724,0.0026512300421701503,0.004866183092895967,0.0031525650957142694,0.00257831093997808,0.0037356314361023228,0.001861410140783974,0.0014585265162056424,0.00225893607610848,0.0051516803046229,0.004192013444806303,0.006094198796892186,0.0026024633916663558,0.0019270337323834348,0.003304272556944847,0.0034522371692512054,0.002388519685519418,0.004513860841116724,0.0031094256352190916,0.002540400306143986,0.0036505613866738167,adverb
all,22,Obar,0.18373548984527588,64,-0.038687308869680956,-0.05368927110502883,-0.023224103493650575,0.18925915828736756,0.1573807225974381,0.22278554255016983,0.17246462913954866,0.13831958093858115,0.2071005697506481,0.2279464671570485,0.20068555753844286,0.2560822990420639,0.21115193800922963,0.1823203446556069,0.24214706659784788,-0.05118380710413657,-0.05821639424342923,-0.04471423565690316,0.3166243469368981,0.28784373530097795,0.34687649034894175,0.003853116263098804,0.002906434982442075,0.004840434043582287,0.22647129767888902,0.19909074087988085,0.2562580655986831,-0.0547112271789951,-0.06194524504015374,-0.04782701788002608,0.006638965599656701,0.005737091249451071,0.007457734216384212,0.005689243782973117,0.005104664398211099,0.006337530487564372,0.0012385312370443975,0.0008707015204795091,0.0015860609943040911,0.007545557576304965,0.006714136621288457,0.008355680173813563,0.0025886633652275476,0.0018579138480599056,0.0032843075853528723,0.006315645972657724,0.0055667034119494295,0.007076445274463748,0.004509746281067556,0.0039513618364125,0.005116276656661535,adverb
single-token,11,by,-0.24905315041542053,10,0.17105831413694733,0.10907761637948943,0.24565410052878273,-0.25089817489098887,-0.31222685579715265,-0.19345699154958898,-0.24874262082513238,-0.30795416754256005,-0.19473081935994632,-0.42195648902793625,-0.5052167048973493,-0.353448535226862,-0.4198009349620797,-0.4987741472463581,-0.35331614775896364,-0.37252790165421784,-0.421424176680647,-0.3344262000593287,7.57788261126352e-05,-0.0866776537042063,0.08777947688995157,0.013932297803164356,0.0019628027828636763,0.025459015053971776,-0.4097984572183847,-0.48761943810925423,-0.3389530606037949,0.36732296349550425,0.33024157037088064,0.41376486900821957,0.22849273006406792,0.1996881912928879,0.26315367193901423,0.1535374735369957,0.13317779094099408,0.17919008738428913,0.1106855851495506,0.08837753192993468,0.1317741081634364,0.2352272796592651,0.20746420585669026,0.26634661745981864,0.09284678222962785,0.06443961006573291,0.12526593469260075,0.19957026415224696,0.17070265234889873,0.23845837034932388,0.13428966725753183,0.11741785572767435,0.15703529744780143,adverb
single-token,13,by,-0.1370573341846466,10,0.1847254234710677,0.11348407852694775,0.25783351572421925,-0.24235130386593942,-0.31362286078255586,-0.16614449342096138,-0.2078632509044987,-0.272516847841216,-0.13337611766013263,-0.4270767273370071,-0.534123250770652,-0.336325674907487,-0.3925886743755663,-0.4748220161503292,-0.3188090710423345,-0.28142490241198626,-0.30486951622372416,-0.2601719363241489,-0.12716215593111266,-0.22652864301276882,-0.01896424224994861,0.013137702224883793,0.0024188380699452423,0.0235319269429447,-0.4143183176880524,-0.5288827257164432,-0.317686457218153,0.27611471600091914,0.2530784344027211,0.2999867367521091,0.07657702715349447,0.06576864211937555,0.08813727817217146,0.07251475794686937,0.06174711099976644,0.08524386028034592,0.040108614495884466,0.030644051266550662,0.05066184837691799,0.11383719236740153,0.09574927247512478,0.1331006588758887,0.027298394267768374,0.013510070110812265,0.039771390709958096,0.07914923957879443,0.06584190328085215,0.09145613609521104,0.07518391892944834,0.0646946545870582,0.0873684743362852,adverb
single-token,14,by,-0.4507887065410614,10,0.5257281972052483,0.4505785248673666,0.6045483460043031,-0.24450705592715286,-0.31104673243473185,-0.1665760354338392,-0.22951290320272233,-0.29903747694918287,-0.15661696229802072,-0.7702352531324012,-0.847648451460248,-0.6859263566177627,-0.7552411004079708,-0.8252034454144523,-0.6796080469828516,-0.6335106889936002,-0.7066431348675916,-0.557100662068041,0.06198372020754176,-0.058648410957593045,0.18853384198498982,0.00908083577903205,0.0016237842501954185,0.016692110779636678,-0.7650621525282645,-0.8474398240835743,-0.6846764043750889,0.6213714564075884,0.5552698437276079,0.6891231143076509,0.15216391017650424,0.12944963440520557,0.17790325176237015,0.14158220641416241,0.12197639622963069,0.1645044124626244,0.06941140887251115,0.054695324590206436,0.08418429258782859,0.20999695106661495,0.18638216937840996,0.23827181584213228,0.056565222919656724,0.0422991340598525,0.07123758716033386,0.1715507514431721,0.1431759896451112,0.19850722881574082,0.13001348805228646,0.11319051062829644,0.15053499855069016,adverb
single-token,16,by,-0.470443457365036,10,0.22039900821285446,0.17680966339708623,0.2674376559721214,-0.37071509104200684,-0.4804314798153488,-0.25582654662874166,-0.39019949886265964,-0.48190755956081455,-0.28942616431864515,-0.5911140992548612,-0.7310746917382425,-0.44788151816054445,-0.6105985070755141,-0.7405610431741269,-0.4803577638989997,-0.40966228755916756,-0.5022972011201758,-0.31284057250060876,0.045852676082327376,-0.06998934551332893,0.15579984547967715,-0.003087157052197522,-0.009007250154044624,0.0018442389248352065,-0.6011030763361428,-0.7496750633190722,-0.4627991548066997,0.4152970730490229,0.32399550981427594,0.5173619801904968,0.08835530606129416,0.07184950205328623,0.10686767225364467,0.05522288586795151,0.0481465127316022,0.062136873094251574,0.03526872717124251,0.0262589175196315,0.04565824832669942,0.09052521210158815,0.07722641879047808,0.10399535458720652,0.046433796264421644,0.03734636452482309,0.0574692883791288,0.09905291263066274,0.08003456281622906,0.11889755875425705,0.048074140723623024,0.04207578971093906,0.05449285591228485,adverb
single-token,17,by,-0.39640554785728455,10,0.14737411420376112,0.05720291729066225,0.23106342229669463,-0.34474189127488225,-0.4602623680312126,-0.23982812308141524,-0.44054618249080385,-0.5800900794357837,-0.3186730036197099,-0.49211600547864337,-0.644923091396648,-0.3740237362068341,-0.5879202966945649,-0.7743767999202938,-0.43322581961012213,-0.4314741709165766,-0.5270507812593807,-0.3329963154820986,0.15605992322909504,0.032788150354081044,0.29041032279049145,-0.002654691523034128,-0.005964065365487929,0.00025908459801301674,-0.5011694093712903,-0.6316532950756624,-0.39044706038980637,0.42689143244899724,0.32475874639986546,0.5198368700855888,0.1005616291473826,0.08093632510130386,0.1237702703290486,0.06545275198584259,0.054961475168934126,0.07478523798826925,0.024678772036098064,0.017079362514508825,0.03231943498713026,0.09370381792771304,0.07883837135229706,0.10888375493238264,0.056068451040619346,0.043245830719183594,0.06948694434529129,0.09795916576493063,0.07939785517398028,0.11643230617781172,0.05132440390199322,0.0442699582495862,0.05776882221371037,adverb
single-token,15,Obar,0.2558610141277313,10,-0.049195679002579186,-0.09160134699679921,-0.005472744364542712,0.1251892091661179,0.05602332300807358,0.2141985011488771,0.18547288593321137,0.1116599092287421,0.2636469851070545,0.17438488816869707,0.0991569891997849,0.2597335405279712,0.2346685649357906,0.17081793133078718,0.30449965750083446,-0.008855208293650933,-0.02770548596854678,0.00853708675150213,0.26372811490789105,0.18489450196164278,0.35667115354458234,0.0009574516666263494,-0.0007335619459604897,0.002444943741148208,0.16672709157979723,0.09780575576914334,0.24522868054141378,-0.007348602949295321,-0.026925185890085964,0.008776296652818705,-0.001502817519597185,-0.01193044178149803,0.00933950819971122,-0.012754892183197855,-0.020541532093130525,-0.004383806132014041,0.0008162991427990221,-0.001633407086196383,0.00319584970303509,-0.014227186304308036,-0.025221973039254473,-0.003297768769636417,-0.003165621303855929,-0.009147192755546787,0.0031674646773549196,-0.00887684996376733,-0.01968686150589357,0.001828237342820163,-0.01660959642870618,-0.023787434704900093,-0.00984391398081558,adverb
single-token,18,Obar,0.4507789611816406,10,0.0655817908504064,0.03826972026653569,0.09263958581752828,0.35275242888839853,0.26212735195783465,0.45622742650899606,0.38299097182007485,0.2971827495173628,0.48620341831922065,0.2871706380379921,0.2031296288022999,0.3810549249280015,0.3174091809696684,0.2451169671822882,0.4044969659042442,-0.0004485919179429674,-0.02174598283961907,0.02079997398326609,0.2499448823043474,0.17239796174626812,0.3320616744131012,0.0017460127802484948,-0.00026992868623366165,0.00365537490891973,0.2854083456849667,0.2106496548410564,0.368449922685618,0.0022858281766654047,-0.020760031508121203,0.025527764826477676,0.0019116132541043434,-0.0015957229632069354,0.00538108823696133,0.002506892432407339,0.00029920159418718255,0.004448790177102498,0.0036418418081556325,0.002761663576785053,0.004591539400582748,0.0036646645858893602,0.0009776328916396555,0.006269830981704785,-0.004172833626328417,-0.007173226781476832,-0.0014863098554745624,-0.005855304100518878,-0.011320331830326288,-0.0010184101016906463,-0.0012263254051250278,-0.0034788891880276063,0.0005472759039739046,adverb
single-token,21,Obar,0.27566659450531006,10,-0.011413034058028623,-0.04376520154427898,0.017895420402889606,0.24591797880173488,0.15518981371268498,0.33427768703449606,0.26456156811126863,0.18411274310556125,0.34550624254943635,0.25733101285976356,0.1801262243282284,0.3354289519693487,0.2759746021692973,0.21182399123016765,0.3369798350957754,-0.02290646278185787,-0.03660022006555387,-0.009783377929095614,0.30604445916288625,0.23183519558181676,0.3721008397418666,0.0020412602507597424,0.00012256464282080042,0.004331761800547398,0.2558569858167168,0.1796869925601145,0.32926306961891766,-0.021894329551059983,-0.03575032207724925,-0.008760331473295727,0.0037209537473012165,0.0009811487152899664,0.006891999429487929,0.002104788375749127,0.0007088404610084023,0.0038981391833855777,0.0006439402514046573,-0.0006027394490428899,0.001906360706484976,0.0036380390616693585,0.0015031587474644437,0.00650034033080949,0.0012082676887054421,-0.0004840098197126949,0.0029850286077335282,0.0029222350612745454,0.00011609848919471887,0.005914337885373053,0.0014774930664942373,0.0002817689185902381,0.0028089787034678215,adverb
single-token,22,Obar,0.18373548984527588,10,-0.03286470023849759,-0.05612933371680549,-0.012742597352708154,0.21232122269084702,0.13838782232660948,0.2792351886517754,0.2054217203955752,0.11175830034828459,0.29971395123663036,0.24518592292934463,0.1781848486306652,0.3063448703532146,0.23828642063407282,0.15870383692467485,0.3259208166178208,-0.049182990604137444,-0.073786626457336,-0.02870586191454538,0.35297372847326325,0.2779645605661689,0.41844043650371515,0.001672755540640828,0.0002634371185099792,0.0030313859352496288,0.2411369367031965,0.18116104015746515,0.2976669136553311,-0.05036671464527185,-0.07301345119064818,-0.03223374457421079,0.005524991720021094,0.002817110991729809,0.007497090889097752,0.004002732531996672,0.002127764430282477,0.005562163357285372,-0.0007446735419634968,-0.001983827828641315,0.0002895365064461466,0.004343146834975253,0.001791492904396063,0.0064828410500432435,0.0032647474920511335,0.001712981903115873,0.004752024871493926,0.008460654559524099,0.006197094440238659,0.010807888394668574,0.0030075605345288134,0.0017262905004725641,0.004159537017549502,adverb
multi-token,11,by,-0.24905315041542053,54,0.16647018995939072,0.14318721588131866,0.19162212124869069,-0.2796861663720736,-0.29894407101465076,-0.26004075691833667,-0.3063714248019885,-0.3271623936584441,-0.28677275270439645,-0.4461563563314642,-0.47814513281731214,-0.4143897093851139,-0.4728416147613792,-0.50463018974209,-0.44051982351530716,-0.4091938524811216,-0.43747468434443104,-0.3799659176395458,0.0003845552824034331,-0.03158150087607256,0.030072330580076637,0.02468721635533233,0.018083420820299928,0.03133491241743281,-0.44787518829943956,-0.47804380884515674,-0.41711640381138837,0.4078736876107458,0.3786416491212333,0.4373930409647538,0.2770842491332363,0.25908456724114337,0.2949276836169863,0.1573970966034875,0.145998084758325,0.16865457250915392,0.08742568157191016,0.07913215020151744,0.09609013982828221,0.2495389041963984,0.23339614473341252,0.26643556139385727,0.1159573256933328,0.10639894147245867,0.12521194826405918,0.2649887568122631,0.2480096263638984,0.2819956631467243,0.14164892124920347,0.13151025231627167,0.15326205376781937,adverb
multi-token,13,by,-0.1370573341846466,54,0.17486772567606637,0.1443121146167407,0.20331875423228582,-0.12470116826585566,-0.15593411135575197,-0.09218471510877527,-0.09672048227931097,-0.1317946161308672,-0.06127585103250135,-0.29956889394192204,-0.3350264239443181,-0.26761138250033867,-0.27158820795537736,-0.3114454349490382,-0.23578372254753518,-0.35682666637668736,-0.388180862742936,-0.32858825792908014,0.04441475731699139,0.0033998066961909877,0.08658738365740783,0.016614547522528278,0.012465077352503752,0.02089405829904647,-0.28883471066443667,-0.3223208278861647,-0.2548393318164154,0.3561089875773191,0.3269403029957863,0.3869176794785561,0.11645714190318669,0.10508519930254313,0.1267753146018512,0.07796845766419588,0.06960514538306582,0.086192652147954,0.03333324729994444,0.029242731372657853,0.03742105113071487,0.12259672564403122,0.11055024472098753,0.13533139568552285,0.06005758303071089,0.05428628615449717,0.06606088123921039,0.1433742444579521,0.13027934365205165,0.15677990855892124,0.08308585434582355,0.07500256009995278,0.09174603986568888,adverb
multi-token,14,by,-0.4507887065410614,54,0.4642345549514819,0.4201841918958527,0.50741349551066,-0.29969681560396205,-0.34892390651450633,-0.2477540584241469,-0.2656275831911912,-0.31208458381624166,-0.22179573243775408,-0.763931370555444,-0.8326577305433882,-0.6931369046510035,-0.7298621381426732,-0.7973282917864407,-0.6666917091578881,-0.5921551735424762,-0.6318600357898833,-0.5513423309605142,0.0684068682767352,0.013994565173390813,0.12646799553506438,0.019080106192599058,0.013985974069707047,0.024588452613144296,-0.747685934470612,-0.8147261955419699,-0.6780223571846372,0.5878442210320113,0.5477556693375994,0.6262440359133233,0.14734341773097664,0.13403844069006793,0.16011377597416088,0.11649468445370825,0.10661477183728676,0.12651434008353912,0.05328148289843223,0.04715316378778197,0.05929806392459317,0.18013975063270443,0.16524890962916264,0.1945304177201115,0.051288337086197344,0.045091628018894346,0.057193353807698875,0.18486642739193188,0.16993804825841655,0.19991474009006466,0.11261491855218024,0.10348838668958908,0.12199278355714865,adverb
multi-token,16,by,-0.470443457365036,54,0.16177488816454055,0.13111169328824004,0.19704097480384775,-0.35674455455111637,-0.4031430727308762,-0.3127458592698477,-0.28127221640684813,-0.32986883112262105,-0.23175568660995494,-0.5185194427156569,-0.5642312587242767,-0.4740184077186002,-0.44304710457138863,-0.4894635093242224,-0.398608680161665,-0.32323827847900843,-0.35432867149104363,-0.29225633832790965,0.018319703515454585,-0.025988216494520402,0.0624045719653745,-0.0022999419236946978,-0.004487291053812381,-4.8668644955030526e-05,-0.5215481304705639,-0.5673070833346797,-0.4776286430311136,0.3257617179341839,0.295897287608918,0.3611378152970308,0.09572980018094188,0.08889217647256151,0.10298691679751425,0.03763281149516992,0.03278615745864353,0.042511758571417986,0.021207861384301804,0.018733600628496362,0.02381022431106437,0.06354090845129229,0.05673691594065186,0.07084106330842188,0.057116780409622245,0.0528721312333256,0.061419819894170516,0.11061697494840611,0.10242353731039142,0.11947083887111583,0.03428267248904825,0.029986276706523735,0.03855785691230406,adverb
multi-token,17,by,-0.39640554785728455,54,0.0718640775085724,0.0328034458351259,0.1143750789072834,-0.32677335885483594,-0.3661124703717463,-0.2897816211934699,-0.3316648900347271,-0.3698735140649954,-0.2960521552996664,-0.39863743636340837,-0.43721742110833106,-0.362010626022757,-0.4035289675432995,-0.4486960371258965,-0.3598154773339514,-0.1744831084036606,-0.19658868918134403,-0.1516805206240462,-0.0005084451343788549,-0.04023715780042884,0.03888868895206284,0.0014413771342314812,-0.0002111719268520336,0.003204550818737966,-0.3912511444969735,-0.4311982107897353,-0.35327901587341953,0.166461089939435,0.1463233962044606,0.1887066885924953,0.0681053587590772,0.05977023559273683,0.07690278089568438,0.05426652165069271,0.049357341088635744,0.05923312702513573,0.014886552795086376,0.01228085026936537,0.017524793826571006,0.07174485853725342,0.06461745240785594,0.07818561470858812,0.037726687562600454,0.03252347465319255,0.042700199103413015,0.08255847219934453,0.07393131967591542,0.09037623518860956,0.04770926595814652,0.04346302716877324,0.05193621593921305,adverb
multi-token,15,Obar,0.2558610141277313,54,-0.042943541461667976,-0.056644592740974796,-0.030027111986532174,0.19089767304489214,0.16184055536720834,0.21885921635059005,0.24573351608035598,0.21837643885385974,0.27490561758741744,0.2338412145065601,0.2088181495721434,0.25854475754263767,0.288677057542024,0.26252515008553773,0.31601224126515975,-0.009048771828787962,-0.017697311870123574,3.335297942813898e-05,0.3217354426572954,0.2952678589010786,0.3481011574100676,0.0038089124217811354,0.0024606627691418077,0.005199130387666797,0.23057784464608322,0.20591499233883748,0.25610272306504156,-0.005580375189659288,-0.014331303282312883,0.0029251635974237647,-0.004048674204681058,-0.007288660339683069,-0.0008080919667415856,-0.013640558850968869,-0.016177956109280137,-0.011098864657736076,-0.0026412623052257927,-0.003861721471447736,-0.001433408020968707,-0.019497533965931155,-0.023099842192193496,-0.015605530914769364,-0.0017151518069078472,-0.00347090745378179,-0.00015409761190271628,-0.009677365870853558,-0.012541021914625253,-0.006818072988529607,-0.016077744062701013,-0.018359702837162654,-0.013676003737674063,adverb
multi-token,18,Obar,0.4507789611816406,54,0.02840426595020196,0.01858060835042992,0.03798763472893584,0.28294932300798425,0.2563600755013663,0.3094043554486141,0.2750928084576709,0.24962764159453468,0.3003159562390413,0.25454505705778235,0.2285150738325576,0.2794648655455226,0.24668854250746894,0.2227449203509185,0.2688965055154555,0.01576607854658869,0.006838063864344321,0.025033887312505977,0.2027917645400096,0.17703807278886546,0.22837952836576525,0.0017631844432076714,0.0008553565941245408,0.002720038642711616,0.25311606365502487,0.22840740629621178,0.27736276555804845,0.014507810397081954,0.005834372539088266,0.023226116063232365,-4.395570829185338e-05,-0.002240002869856831,0.0022906914861915845,-0.0001636393188175508,-0.0009794465244097066,0.0006699771162215413,0.0014441114817885915,0.0010008140428841203,0.0018962868929124153,-0.0005523149148697261,-0.0018249360291244909,0.0008339084757946289,-0.0003022411761362704,-0.0017001770631299598,0.0012278497866092196,-0.0007982382773357476,-0.0029183602700152966,0.001424986452003068,-0.0009901237668056267,-0.001769012105314792,-0.00016144919045936316,adverb
multi-token,21,Obar,0.27566659450531006,54,-0.03568437926508569,-0.04495174782919391,-0.026268395070260263,0.12768573036651615,0.1029817859498695,0.15268834899506492,0.143643364754847,0.11589004276072404,0.17142448350697356,0.16337010963160184,0.14209970571559258,0.18563698249951416,0.17932774401993268,0.15484128461617638,0.20434656100436183,0.006741597332111234,0.0017195185133268215,0.011895621845085032,0.2009522963785994,0.18042169296671307,0.2210888964389152,0.0012011319752751844,0.0005242092214644353,0.0018486778401838068,0.16650593757394785,0.1442304580950828,0.18871509170116244,0.00733630741280802,0.0020975602887293742,0.012839385343837115,0.0037825469739385573,0.0025876334852379074,0.004955283693891738,0.0033465978216337404,0.002729185702616809,0.003937338697241162,0.0020868675277060694,0.0016603855102393776,0.002491850022869397,0.005431984238503185,0.004443525734138978,0.006447907955163651,0.0028606477811035625,0.0021493559387454333,0.0035150515028509466,0.003550385707765402,0.0024417325597656182,0.0046984966833764335,0.0034116353701681384,0.002809565584512317,0.003955371087379534,adverb
multi-token,22,Obar,0.18373548984527588,54,-0.0397655697273075,-0.05595087018972736,-0.021124310730016613,0.18498840562005656,0.15082294485252573,0.22071438776328237,0.1663614640921363,0.12918003184494875,0.20418599601802948,0.22475397534736405,0.1944797759682835,0.2564887885490384,0.20612703381944383,0.17564943633864677,0.23694196488631988,-0.05155432867821049,-0.05899504715888215,-0.044814387557482,0.30989297998571946,0.2782544555712019,0.3433031056382555,0.004256886767257688,0.003188436767031186,0.0053787759300956695,0.22375543860031352,0.1907581503198055,0.25595307661166994,-0.05551576653709199,-0.06373280689942037,-0.04815791245621813,0.00684525705884848,0.005928921068868264,0.007845431351616467,0.006001560681302087,0.005413779137159135,0.006628515000167132,0.0016057913813051188,0.001325984992563806,0.001896652323497378,0.008138596602477132,0.007371523774400261,0.00898159173136935,0.002463462601000958,0.001691802158943366,0.0033092933879195225,0.005918422160275063,0.0051887466212388106,0.006689017427510523,0.004787928826722878,0.004172412509674684,0.005406301753024312,adverb
all,11,by,-0.24905315041542053,64,0.03890453575835616,0.01867281459894709,0.06019849264711306,-0.22877890332801532,-0.24788389171427608,-0.20950314740993858,-0.26729669093125424,-0.28751056908950234,-0.24897838303095135,-0.2676834390863715,-0.2959328408920212,-0.2416081184090493,-0.3062012266896104,-0.33190424280868536,-0.2801794177142239,-0.24776893445892112,-0.2682108943312709,-0.225893706976716,-0.05083035304147272,-0.07728673371927836,-0.02277196562042104,0.014039042620565384,0.009648176352703194,0.018954211128392424,-0.26695401717096495,-0.2960382847129823,-0.23953882927483355,0.24709467594588203,0.22751295125078874,0.2670652990609511,0.18408733488340664,0.16960444576836498,0.198882742991209,0.16517063316786473,0.15321854970770965,0.17709742007784923,0.0,0.0,0.0,0.17298715385758262,0.1619489656224889,0.18518205122754947,0.08048204013888377,0.07023285260803211,0.09095807947286805,0.178689610960744,0.1661588322098799,0.1914909008380414,0.1610304115002773,0.15102432438704352,0.17173795870151706,got
all,13,by,-0.1370573341846466,64,0.16006996260215517,0.13094900073070023,0.18825471817491068,-0.10425157444205534,-0.13261226735797627,-0.07799978043912503,-0.08540986323330624,-0.11556309350640032,-0.05630955791865583,-0.26432153704421046,-0.2976467235618951,-0.23110725570243162,-0.2454798258354614,-0.2763700443749601,-0.21338968510632897,-0.2991779009943847,-0.32693698106582203,-0.2738320167916326,-0.05466008460106783,-0.08688305011367001,-0.023420429253094198,0.01066932127487603,0.007357087468937671,0.014068538161117066,-0.25597381411924003,-0.28975778621873743,-0.22275467509738592,0.2950453101737769,0.268940183026883,0.3246471492422529,0.10502728184804623,0.09272362378623702,0.11752953991097181,0.12985072112928273,0.1174884681685989,0.14196435783675726,0.0,0.0,0.0,0.13611979429729582,0.12384628874528228,0.1488833391081972,0.04749949694749151,0.039777987103255114,0.05488940080990853,0.09154794191640733,0.0804120933838149,0.10290298852442156,0.1274503339762984,0.11579482783678596,0.13943582822671863,got
all,14,by,-0.4507887065410614,64,0.35323673600971905,0.3126578993272586,0.3948826619021745,-0.30269792320923833,-0.3402458455192815,-0.26700055683346385,-0.28306866170685085,-0.3159041604404918,-0.2504547065069092,-0.6559346592189573,-0.7046142912962913,-0.6087106592437727,-0.6363053977165699,-0.6818966382658601,-0.5913716210924916,-0.48011403886886317,-0.5066349448247377,-0.4536547472092255,-0.19093002856762079,-0.23549982137765432,-0.14016247814504842,0.009827697983011625,0.0059340411682467795,0.014426312793506977,-0.6472803688355099,-0.693288513138076,-0.6015289558365635,0.4809332584581612,0.4548293657536613,0.5052820361664082,0.1843501549513893,0.17235156559285703,0.1963026974794117,0.24611353916199352,0.22893338556131318,0.2634555776803397,0.0,0.0,0.0,0.25078273420930686,0.2337853698991314,0.26799072176110816,0.051896974856929984,0.04514954039103925,0.05858993137419003,0.24758093966147257,0.23053225983845327,0.26424846008648145,0.2955033064002878,0.27498948986783384,0.31706822770096466,got
all,16,by,-0.470443457365036,64,0.18301130619907702,0.15981331796310436,0.20810472997640103,-0.30645071337818536,-0.3459775862444229,-0.2678629756745978,-0.26351453449210116,-0.30976004358924497,-0.21732514501895328,-0.48946201957726243,-0.5253502555647482,-0.4525426942054159,-0.4465258406911782,-0.4885857585220039,-0.4074929778414297,-0.2772844843240738,-0.29967286000065235,-0.2561369710476902,-0.039251754819302605,-0.08110561462648823,-0.0005013889090535771,-0.004355708144976361,-0.006596151935107288,-0.002144492536770708,-0.4904709379169182,-0.5280793521196887,-0.4523657082666037,0.2802330743252548,0.25869706188073843,0.3032075484961411,0.07853003839173861,0.07371742475972996,0.08322645894057826,0.053552446453120066,0.04783884511588105,0.059188789078092476,0.0,0.0,0.0,0.057191538804328965,0.052236276488948005,0.06216919353534774,0.04452263329179985,0.03998299793693963,0.04899721928745212,0.1746123417380453,0.1632316597157443,0.1862177131288582,0.17714156658381436,0.1627037949285776,0.19126800276203798,got
all,17,by,-0.39640554785728455,64,0.17938931703773547,0.15127379414420006,0.20504646501922077,-0.2840258301838293,-0.31529215426658286,-0.2510134857547664,-0.28365337923806233,-0.3154289180535985,-0.25229484818832687,-0.46341514722156485,-0.5043031415463525,-0.4260045882661324,-0.46304269627579786,-0.5048123505054314,-0.4227879409670395,-0.2726314829647196,-0.2979506807015831,-0.24840962092973148,-0.13104492552954194,-0.16729298673545662,-0.09459508895591617,-0.0009067145115900575,-0.002280469316115887,0.0005028115202761382,-0.46116406661737697,-0.49816178649078496,-0.42081116311743455,0.27048647851546687,0.24755888179833782,0.2966141399791782,0.07826496661636648,0.07205569633047207,0.08529662969627984,0.085239380841688,0.0773533581744598,0.09390793313982185,0.0,0.0,0.0,0.0862607728906214,0.07852596447833415,0.09495034950557717,0.03606797761883196,0.031768880436048086,0.040125873022577925,0.14710459711216084,0.13007974404521228,0.16565604582865895,0.17056988421618885,0.1504478630210576,0.1905926788417096,got
all,15,Obar,0.2558610141277313,64,0.04027736035799161,0.028702931503777437,0.05228700647152265,0.23258987229530015,0.2099570643148965,0.2539465064963995,0.2724334243539217,0.249206481769895,0.2941451336870342,0.19231251193730856,0.17526770259124552,0.21141978482115067,0.23215606399593017,0.21257224495199242,0.25178930018778634,-0.028808991880457595,-0.03735423349068567,-0.02003496223486016,0.19926098499356176,0.17736005339716207,0.221272895018401,0.003531556182127791,0.0022117839980210956,0.005052601724747394,0.19034983462812236,0.1721900512814905,0.208452955456975,-0.026905086298934837,-0.03499906501012253,-0.0179327971125622,-0.001986238622113761,-0.005097219051866762,0.0011108458505234553,-0.022100090715386028,-0.025151560244001208,-0.01901962273889858,0.0,0.0,0.0,-0.022691515689524593,-0.026115276700292015,-0.019588243230512753,0.009321041979486862,0.00722201647080242,0.011480035732605288,0.0017725117367222616,-0.000815534178257015,0.00443924356455084,-0.019381186472711018,-0.021932297176321065,-0.016963866265894592,got
all,18,Obar,0.4507789611816406,64,0.1014414738703453,0.08853576349464302,0.11381503881318145,0.32426987992948453,0.29711837363675225,0.3513122328320396,0.3238001937528503,0.29493272611019145,0.3524455455785008,0.22282840605913923,0.20018534896805107,0.2452926071794613,0.22235871988250497,0.19805442547160243,0.24573202496413515,-0.007736137409098413,-0.015644059516134057,0.00025634265479810767,0.1646534805566061,0.14320585784214554,0.18366701566440707,0.005582206342038232,0.003668295461547818,0.007424482187473411,0.22036429331881652,0.19839108352545703,0.2425124251291997,-0.007676046011988866,-0.015587493609208376,0.0005882401144346182,-0.0076450780836303436,-0.00949055271851138,-0.0058789123260585725,-0.00694424197332735,-0.008338297116559444,-0.005508292193689145,0.0,0.0,0.0,-0.008588951964842757,-0.010126492250744613,-0.0070894237828217225,-0.005661096159830924,-0.007080876314661452,-0.004257378843478308,0.0010742091286621443,-0.0013631768280768476,0.0034115528364502675,-0.0018391699601524297,-0.003871368109874072,0.0002694149137790176,got
all,21,Obar,0.27566659450531006,64,-0.011880049810195187,-0.022782572338573566,-0.000647901945610978,0.14898833643294018,0.12728005097681852,0.16959150149249816,0.15678564607811105,0.13328178348135467,0.17866799326023508,0.16086838624313538,0.14057054420548706,0.1796415080934927,0.1686656958883062,0.14872880108124015,0.18857801852826284,-0.004126026093084324,-0.009937558148113076,0.0016910291078073493,0.17021473669830983,0.153844886181557,0.18610302519219193,0.002489602814349086,0.0015887499996989356,0.003431059860318538,0.15987387842926673,0.14019518252703272,0.17925535283968047,-0.0037932548238070085,-0.009806711736252872,0.0025357029191239023,0.001953499825140039,0.0007356122971715572,0.0032429899354082282,0.0035580138229499973,0.0025035822525617153,0.004594421207495347,0.0,0.0,0.0,0.00427903254430931,0.0031869898560601463,0.005368470695187542,-0.0012541819282791589,-0.002175535923468027,-0.00033843537462631434,0.0029519134495553543,0.0012252849984803822,0.004616554126589573,0.009991855357168393,0.008217458465576992,0.011863372400179175,got
all,22,Obar,0.18373548984527588,64,-0.02892744375325729,-0.04835988014294308,-0.01014802022862393,0.13177659271145575,0.10348209072346068,0.16283849028258693,0.12159297754808901,0.09134462644043037,0.15402600908755906,0.16070403646471304,0.13718934493227897,0.18444868785339533,0.1505204213013463,0.1264642319417722,0.1755510917890763,-0.021034228154428583,-0.029450817251041383,-0.01356628256501468,0.224170178513184,0.1994391072421123,0.2510062379553222,0.002927955665250268,0.0020336013152399287,0.003847782996062221,0.16066369700843247,0.13650857777335967,0.18645497917307574,-0.02065472185281652,-0.028925749059746077,-0.012680583240738808,0.0043711592246042305,0.0034720035367066904,0.00530276256278816,0.0047817136378605,0.0036935659498913563,0.005897863083000098,0.0,0.0,0.0,0.0051671197363876015,0.004071078920638358,0.006265150250783227,0.00041444432946057246,-0.00029977818555868225,0.0011177109402124052,0.004855389295802648,0.003708990045741941,0.006046824879207634,0.007210052035216531,0.005920914329218579,0.008443733944370074,got
single-token,11,by,-0.24905315041542053,10,0.09411323256113431,0.0504934826304835,0.14003081161989328,-0.20035841233677792,-0.2676862994080737,-0.13601181603242238,-0.2150894006997802,-0.2686885728050681,-0.16044008800750859,-0.2944716448979122,-0.3803918066713921,-0.22005586210739697,-0.30920263326091446,-0.3871367916407888,-0.24295784632690307,-0.2610656292718645,-0.2890447161991305,-0.2317078088204964,-0.05431851781573893,-0.13387077841098277,0.017574086285465598,0.011226641839273742,0.005086467225263493,0.017580763923797878,-0.2928417258978956,-0.38833453917062183,-0.2173939222972538,0.2580388961739014,0.22661125256499395,0.28845347684705086,0.13641711841566911,0.11108904180076767,0.1616345597135291,0.14702755568014425,0.12367019528516206,0.17374299331488666,0.0,0.0,0.0,0.14545877489196332,0.1231026206996963,0.1693970797958674,0.041585757061334716,0.01766686058282613,0.06521573327537641,0.14169862595107469,0.1183421963833142,0.16637092946147794,0.1434682692542078,0.12347687681703255,0.16498043063755358,got
single-token,13,by,-0.1370573341846466,10,0.18293311792623934,0.10151048717548104,0.26446275714332207,-0.16953760248630434,-0.21847859603893083,-0.11968300688825834,-0.1410013873898994,-0.1940272457929261,-0.0943816471032965,-0.35247072041254374,-0.4318494443271755,-0.2629345150653715,-0.32393450531613877,-0.3860358381663933,-0.25629675200831675,-0.22642037479666843,-0.27369214935240727,-0.1814902206027283,-0.1628606415479426,-0.26587328016329953,-0.06275122375715152,0.01018310626734074,0.004832830484716679,0.016856162598858106,-0.35340063258795723,-0.4307539464251382,-0.2694680420247357,0.22639560579726434,0.18019055372228313,0.27911660473878025,0.05894751113404549,0.04282925054386777,0.07329874161255176,0.11881229175184467,0.09864926780677527,0.13780411116018765,0.0,0.0,0.0,0.11786213244967632,0.09678583734372459,0.1360550153145477,0.014737408065200682,0.00781948961980929,0.022701339093684436,0.0496600291292797,0.035263961498384074,0.061513060062750834,0.11123948333205735,0.09150704065756313,0.13110651295639558,got
single-token,14,by,-0.4507887065410614,10,0.4132682726682305,0.31547993858757256,0.5270056059720044,-0.2803514299943268,-0.3580767801286864,-0.1903249511631446,-0.26780416854148503,-0.3326845197943353,-0.19010455498904638,-0.6936197026625575,-0.8391202404878484,-0.548069740303923,-0.6810724412097157,-0.8221601507918221,-0.5478639483391308,-0.4842650275924316,-0.5704691425065164,-0.4143295558001182,-0.30570833589449,-0.40468945928507083,-0.1908316324646004,0.008432159506405848,0.004020460700813103,0.01325693163280161,-0.6860988822392085,-0.8230329318416166,-0.5592102485754228,0.48407230576232285,0.4146810051762221,0.5669755141716682,0.21215875274331691,0.18958362152756333,0.2319063674577537,0.3059539428924152,0.26844228890969307,0.3448048788138084,0.0,0.0,0.0,0.2937126337694149,0.26131460640904675,0.3267136730527738,0.04326039532488782,0.030183654751728815,0.05560732924411548,0.28307824378466184,0.24478426610337256,0.3185236418481315,0.34846248275225716,0.2951458636115906,0.40629551864627117,got
single-token,16,by,-0.470443457365036,10,0.15589005587892707,0.12383071431778558,0.1913636635955623,-0.3567194288707692,-0.46807210288895423,-0.23777117097602232,-0.39473527295512084,-0.5340441018061874,-0.2594226447793797,-0.5126094847496963,-0.621727223353774,-0.405071435341584,-0.5506253288340479,-0.6885349818900653,-0.415268220458497,-0.25161221777072273,-0.30565541079527514,-0.1987218183789436,-0.10251690467699622,-0.1997922169729718,-0.006872468391424239,-0.005088309915805571,-0.009719909006082094,-0.0008743889771743032,-0.5181996749699898,-0.6212118239022699,-0.41323653605929767,0.25946694876120363,0.21261161482417015,0.31486290626880725,0.066593256355891,0.05398015802567884,0.07695539775458739,0.08472367576610733,0.07050946913356074,0.09919859402886425,0.0,0.0,0.0,0.0801725142473145,0.06472739038748446,0.09405209848494557,0.019547645630762396,0.009109362987144534,0.02760565721435931,0.17987984747815886,0.15842331005034962,0.1979998445870974,0.2190035977480438,0.18971989374818551,0.2533524346149097,got
single-token,17,by,-0.39640554785728455,10,0.20983313724227357,0.1690400619977773,0.24641736552706126,-0.25525474172414325,-0.358709304066779,-0.1524002924184239,-0.33274556988875953,-0.430186314251303,-0.2372005436990454,-0.4650878789664169,-0.5846624058506453,-0.3491748237521571,-0.5425787071310332,-0.6665753013225212,-0.42560257288989833,-0.3823999864949178,-0.4527952141143328,-0.32199571436387003,-0.12252262508132854,-0.20469964327208082,-0.04031932079883951,-0.0033770088072628385,-0.006583776399839834,-0.0007660406170111644,-0.46834041389880954,-0.5839445431854704,-0.35676684533603875,0.3853911431612007,0.32489693276743464,0.4545790596723388,0.09541655608079727,0.07323832758942152,0.12200462096351977,0.11849787341056026,0.09655617089977178,0.1465042153296447,0.0,0.0,0.0,0.11161542852148229,0.08918499496156354,0.13902338550273083,0.036851349653217014,0.022206172324149804,0.05332318347828358,0.2205437315363638,0.18699807065351434,0.26109757466146133,0.26163653861866143,0.22222686121366084,0.311667731568462,got
single-token,15,Obar,0.2558610141277313,10,0.04232112519778758,0.011079686416698813,0.07302532312014977,0.1791059839796384,0.1302815471726865,0.24001182476342425,0.22810779052330635,0.1844954350141255,0.2780860635454261,0.13678485878185082,0.0880811634642378,0.18787251913372605,0.18578666532551877,0.14581420001369233,0.22410405873470196,-0.02180974347200292,-0.05344066692020719,0.007306107901354307,0.09836322145378429,0.046445249952856614,0.15901219620618864,0.0018971812971651657,0.0005271424218366292,0.003270724484579113,0.13446822567363204,0.08897345389908572,0.18555524957194575,-0.022328431352782948,-0.05310521615107324,0.005921090019207788,0.002557984467703565,-0.004772540247564726,0.009693921413037047,-0.01903772337030779,-0.026168496976775073,-0.01220363276284622,0.0,0.0,0.0,-0.01583021392244577,-0.023400123695734566,-0.008429626686384655,0.010258007658893944,0.006941019306620481,0.013801657366402438,0.0035768255231411056,-0.004678081392951784,0.010113901503042718,-0.01785304075643969,-0.02433622994430073,-0.011942751503735072,got
single-token,18,Obar,0.4507789611816406,10,0.13904303355446507,0.1259704253949672,0.1533907821632006,0.37860700406528197,0.31764606997508243,0.44134666141029344,0.38882907544583845,0.3169545844907286,0.46659168590291666,0.23956397051081693,0.17908986408446573,0.30189693684568486,0.24978604189137327,0.17989661965334547,0.32038872530874574,-0.02325141723567201,-0.04900114502835231,1.5692963819386445e-05,0.1836182970212748,0.1253645619819657,0.2438790235787348,0.0043889575342636825,0.0019062618031702617,0.007123362971494678,0.23389138943700175,0.1770509337163499,0.28965433484885283,-0.025091038388875768,-0.05126343165636984,-0.0014251402175955291,-0.006952024643587196,-0.010878850907776946,-0.003175112401345872,-0.004086764300442137,-0.0068121930378994,-0.0009087442844520518,0.0,0.0,0.0,-0.00655183697043842,-0.00924842970855349,-0.003506420661104358,-0.007667400809551636,-0.010939042933152683,-0.004790764028984606,-0.00559970309020459,-0.010831945677640056,-0.0002050344184460658,-0.005462330175713998,-0.012539880748251934,0.0005750491208983247,got
single-token,21,Obar,0.27566659450531006,10,0.014509635504423015,-0.04007077667870151,0.05957574507510121,0.20237843877831443,0.1372304274719792,0.25935637006559137,0.2089037502090735,0.13906985358086044,0.27691362627119104,0.1878688032738914,0.12715377284069265,0.2399794655371806,0.1943941147046505,0.13702324740588812,0.2486238820053632,-0.02843754234332733,-0.042771456059859395,-0.013982419813256215,0.20911032563495896,0.15429287108378653,0.2597926055103449,0.0032245403883651227,0.0011089520899815973,0.005476301692173873,0.1862004958358326,0.13180224068135016,0.23705092312371576,-0.02879854593309759,-0.04343667915111913,-0.013373022139636568,0.003207180214475046,0.00030780049198363835,0.006135443632067783,0.001761810645429577,-0.00039612604785167174,0.004197424603447877,0.0,0.0,0.0,0.0027549736355366662,0.00042343008577368566,0.005161278302696576,-0.00018373165561135716,-0.002824468123352801,0.002353132734940933,-0.0020275093618076718,-0.005750263496496199,0.0025110450133092803,0.005332787462121716,0.0019423413521718414,0.009777518403239198,got
single-token,22,Obar,0.18373548984527588,10,-0.020665021036257884,-0.05218656411187272,0.009498099751471917,0.13303016418592808,0.06574925302739192,0.2073480626957703,0.12958802126253754,0.05015466770818076,0.22562601240771113,0.15369518522218595,0.10807853207262778,0.2031821229628308,0.1502530422987954,0.09443529620144774,0.22002675238012592,-0.018431137514719444,-0.05006940608824005,0.0069847654167476516,0.2388395894139245,0.17923322976344755,0.30316652462716553,0.0013832864186521302,0.000636578253069327,0.002056823959817776,0.15723251985972628,0.11187166523534457,0.20619750052328772,-0.015024032647780239,-0.045813724757841436,0.010230729282637848,0.004598975631350393,0.001520298015117917,0.00815949163847133,0.0022203406377997916,-0.0007429502236373996,0.005700591014953786,0.0,0.0,0.0,0.00411202051851261,0.0013679215324005562,0.007718898783820388,0.001061351484451331,-0.0012172316530673457,0.0029673548991872973,0.005509271036541344,0.0022755988682971566,0.00877892240027768,0.00473686811588222,0.001412678925675051,0.007543384169437807,got
multi-token,11,by,-0.24905315041542053,54,0.028680703017100947,0.007204743499791844,0.0502941121109592,-0.23404195721528154,-0.2530406153759617,-0.21431014320305777,-0.2769647076407864,-0.2974386775678626,-0.25793252453327364,-0.2627226602323825,-0.2897416258949657,-0.2340520699914761,-0.3056454106578875,-0.33292798884097885,-0.2775384353192372,-0.24530658356763524,-0.2702749601949119,-0.22251635680994067,-0.05018439660179378,-0.08093369982697572,-0.020880656498943287,0.014559857580063836,0.009420758399391053,0.020023985170858533,-0.2621599970363481,-0.2887363664755176,-0.23474840536943592,0.2450679684962488,0.2223336321787606,0.26890063246618356,0.19291515274780252,0.17651429926766785,0.2082991722602157,0.16853046233225744,0.15626572241700087,0.1810581853161286,0.0,0.0,0.0,0.17808500181417883,0.16522040433208232,0.19133746498088183,0.08768505552361508,0.07806642559773695,0.09697683425260464,0.185539793369942,0.17201676551303352,0.19924076066967195,0.1642826600643643,0.15328912643304796,0.1761292499686702,got
multi-token,13,by,-0.1370573341846466,54,0.15583604494954695,0.12707917733395985,0.1844856287853331,-0.09216156924867586,-0.12430342025660643,-0.06134738295735407,-0.07511513653764082,-0.10780204951062902,-0.04310316692138731,-0.2479976141982229,-0.2828415505623839,-0.21378962407631288,-0.23095118148718782,-0.2647631538113582,-0.19554699826211927,-0.31265151695692467,-0.34445569263873443,-0.2826660231660898,-0.03462294442572066,-0.0646954179949767,-0.004958925736093459,0.010759361091086269,0.007103534310180116,0.014932709195805572,-0.2379318106991072,-0.2745860979314311,-0.20361440926469232,0.3077582183916495,0.2781937699664298,0.3386310962755731,0.11356057272100933,0.09982453900228389,0.12769944844830486,0.13189487471769717,0.11847149247238152,0.1458342622502337,0.0,0.0,0.0,0.13950084278759572,0.12488251114465015,0.15382316084964504,0.05356655044421204,0.045373912947600424,0.061497805737756726,0.09930496280291244,0.08682222081591638,0.11254743111837483,0.13045234335486158,0.11744546366309956,0.14460075273142486,got
multi-token,14,by,-0.4507887065410614,54,0.3421197847766614,0.30138860989985816,0.3833931083908747,-0.3068361626934812,-0.34807150726315633,-0.26809170196469995,-0.2858954197004371,-0.32227491896686866,-0.24969575892636406,-0.6489559474701425,-0.6989741872881364,-0.5970934575680936,-0.6280152044770985,-0.6771385979899257,-0.5804008265750606,-0.4793453372533875,-0.5082824966512881,-0.4508734541512961,-0.16967478647005246,-0.22302675484046494,-0.11811373306518176,0.01008613103423492,0.005518496262196466,0.015588421425014144,-0.6400917552422324,-0.6874935783688902,-0.5896982981937937,0.48035195340183495,0.4535905419670162,0.5072625405106972,0.17920041461955089,0.1665951629941842,0.19215543122215248,0.2350319829156191,0.21635657395529265,0.2536258484382181,0.0,0.0,0.0,0.24283275280928684,0.22563762476129381,0.26083903919607326,0.053496341436937794,0.04589708212015756,0.06117603041283009,0.24100736482384497,0.22329871932350115,0.259345921013771,0.2856960515202935,0.26476033664220466,0.30860223885178467,got
multi-token,16,by,-0.470443457365036,54,0.18803375996206775,0.15993665657154169,0.21699597551480368,-0.29714169199066987,-0.3369816215303691,-0.2594097841228788,-0.23921439773969008,-0.28082315945261876,-0.1980555141210866,-0.4851754519527376,-0.5245161450623326,-0.44752238013502776,-0.4272481577017577,-0.4664765689640084,-0.38787850010423186,-0.2820386077598796,-0.30775316710782546,-0.25849175343287323,-0.02753598632713712,-0.07314243062074376,0.014074377132839846,-0.004220041150378359,-0.006795590817358729,-0.0018128332928835655,-0.4853359866107939,-0.5247538654337355,-0.44499406437954875,0.2840786531334124,0.25988213061563853,0.30816918343771643,0.08074055358356223,0.07598991969604552,0.0858370141458988,0.04777999658034465,0.042988436029447956,0.052557016930896976,0.0,0.0,0.0,0.052935802611183504,0.048517360926706936,0.05756250322370073,0.04914763100680678,0.04528957795032264,0.05308713672999361,0.17363687771209835,0.16185814858790493,0.1863003538165373,0.16938933859043853,0.15411329399969373,0.18484064586792157,got
multi-token,17,by,-0.39640554785728455,54,0.17375157255541362,0.14210976228343564,0.2068052016975887,-0.28935380952821566,-0.3237188092422575,-0.25336252451709784,-0.27456223282126646,-0.3094520282593354,-0.24022699708095335,-0.4631053820836292,-0.5042770408656195,-0.42178451998668365,-0.44831380537668014,-0.48928313861787937,-0.40671549486471564,-0.2523039823109792,-0.27530566390846833,-0.22953983599352737,-0.13262312931624812,-0.17391447538532964,-0.09249869619472247,-0.000449252604983987,-0.001965614380086198,0.0010617900693330213,-0.45983511341711153,-0.5020179356085072,-0.42006117026457723,0.24920783691440504,0.22664400941969298,0.2705813970162883,0.07508874634517558,0.0691998707074091,0.08136414316892211,0.07908040073634129,0.07150232455239784,0.08659208214072336,0.0,0.0,0.0,0.08156546629231382,0.07497231782041903,0.08885702427820485,0.03592290872357546,0.03183922469800342,0.04015110423191889,0.13350475740397513,0.1167147731438876,0.15044192802344847,0.15370568895647174,0.13433605386010428,0.1736403797058292,got
multi-token,15,Obar,0.2558610141277313,54,0.03989888538765902,0.027793639238698566,0.05260750000413509,0.24249429605745973,0.2196872648685789,0.2649537957299563,0.2806418750632949,0.2565274277845827,0.30620361565775045,0.20259541066980075,0.18378523350347964,0.22205318880301728,0.24074298967563593,0.2204254112313442,0.2624566335478454,-0.030105148993134385,-0.03841590229923425,-0.021451423440168895,0.21794575601944646,0.19757913322650314,0.2375335029748703,0.0038342181978616124,0.002176536095073997,0.005517067883516845,0.20069828073080576,0.18213291776357313,0.2193292718941842,-0.027752614992666666,-0.035712896382665525,-0.01843139053306418,-0.0028277614165243773,-0.006169336335734447,0.000577208225316808,-0.0226671957792894,-0.026048850183891966,-0.019183770374137737,0.0,0.0,0.0,-0.02396212712787253,-0.027536082414348177,-0.020580239377505118,0.009147529816633698,0.006879861258910916,0.011328239430614674,0.0014383795540521048,-0.0014416912463384424,0.004098208411512257,-0.01966417642016867,-0.02236235894303849,-0.016899379401212868,got
multi-token,18,Obar,0.4507789611816406,54,0.09447822207698982,0.08123105503830398,0.1088191672856835,0.31420744953396645,0.2879246248842319,0.34298297508302994,0.31175780825414884,0.2820586061407467,0.34203407629492133,0.21972922745697668,0.19378818016344165,0.24469947661239153,0.21727958617715898,0.19265792261301595,0.2406647199657059,-0.004862937441214412,-0.012580864070042608,0.0032543960246067417,0.1611414775075934,0.1388961452626362,0.1823862400971469,0.005803178343477962,0.003806494414925824,0.00807036709686441,0.21785927551915257,0.1940164197421134,0.24402460071632243,-0.004451047423676474,-0.012248425152412536,0.004453700455329554,-0.0077734213132679645,-0.009916750224497414,-0.005768562603664579,-0.007473404505343129,-0.009037030434439217,-0.005844215177612732,0.0,0.0,0.0,-0.00896619548232504,-0.01061287774395274,-0.007195817033379112,-0.005289558261734495,-0.006842457673983418,-0.0037676373541935034,0.0023101187988226507,-0.00023556509258997431,0.0048705556603877796,-0.001168214364678065,-0.003193210905991797,0.0010085125654470772,got
multi-token,21,Obar,0.27566659450531006,54,-0.01676702857216152,-0.02576070844402398,-0.006914238389022915,0.13910128044305609,0.11764769141424497,0.15970851883893866,0.147134145313118,0.12271967346354765,0.17102275155953572,0.15586830901521764,0.1365510004934362,0.17638757713842945,0.16390117388527953,0.1418050983812964,0.18583818224112383,0.0003761065458495675,-0.005115794862192041,0.0058104680602529225,0.16301184985818964,0.14744776610074797,0.17928612485487885,0.0023535032636053752,0.0013919561589833622,0.0033528024132655583,0.1549985789095323,0.1346667825198147,0.17539807850961844,0.0008373546408764337,-0.004971023143024491,0.006902876776969843,0.001721336790078,0.000433789377987082,0.0030964057218027087,0.003890644041009335,0.0027574323744760563,0.005053843351855437,0.0,0.0,0.0,0.004561265675563502,0.003386186746137406,0.005771909086216901,-0.0014524134602546775,-0.002438385969676423,-0.00047941524429512825,0.003874028784992952,0.002209430327732196,0.005640565244124185,0.010854645708102961,0.008968348174679381,0.012957063542281615,got
multi-token,22,Obar,0.18373548984527588,54,-0.03045752203418311,-0.05436115568316683,-0.009467604006226487,0.13154444984581276,0.09939205572019752,0.16462265150130678,0.12011241389726522,0.08629073403538991,0.15288097852024884,0.16200197187999588,0.1361994027699367,0.18978075982605966,0.15056993593144832,0.12368685069562334,0.176550011281465,-0.021516281976596937,-0.02824372009658407,-0.013844305420675131,0.2214536209389728,0.19314649578647636,0.25105641793229955,0.0032140055257314035,0.0021607906281412154,0.004233630653318026,0.1612991001841188,0.13260023764663426,0.18990312591884081,-0.02169744207597138,-0.029770925631200137,-0.01354742480115364,0.004328971001132719,0.0034581467742884407,0.005253731170948233,0.005256041971205077,0.004192770536003528,0.006434923032206404,0.0,0.0,0.0,0.005362508480438526,0.004242295248804159,0.006489406495463351,0.0002946467081659875,-0.000394900232446243,0.0009700651842279091,0.004734300084554742,0.0034719108717700476,0.005931375494478899,0.0076680490573154785,0.006369253454098453,0.008950753576061482,got
all,11,by,-0.24905315041542053,64,0.17715696551057986,0.15677970211104247,0.19717787070070197,-0.23638366490621565,-0.2565803615494235,-0.21579472167933483,-0.27568416995489997,-0.2959175710135405,-0.2558685393231915,-0.41354063041679545,-0.44400935830316063,-0.38300775715592134,-0.4528411354654799,-0.4828832339166777,-0.42209050838500245,-0.3699331649365125,-0.3916330188358559,-0.3478250867657371,0.08581256160481707,0.05606870728694366,0.1174396909777935,0.033596627647699176,0.026272168242028857,0.0411769643756538,-0.41285207556845793,-0.4435363176555841,-0.38270020297132923,0.36779811161738973,0.34400267229734866,0.3909148104567292,0.28816278842175314,0.2711035479257516,0.3066050149438318,0.2421180051934228,0.22711477495158178,0.2584634247367145,0.0,0.0,0.0,0.2506837767148568,0.2348426228596865,0.26732545273572805,0.15217704138596627,0.14109958712964005,0.16317444813547843,0.28816278842175314,0.27075497102931356,0.30646698359677865,0.2421180051934228,0.22606531023936519,0.25812690786471787,plain
all,13,by,-0.1370573341846466,64,0.16006099246981836,0.13149660544729894,0.18902031362901686,-0.10791808590171045,-0.13687043695627749,-0.07793225515218764,-0.08884043391659169,-0.11862650539207234,-0.05707852753874388,-0.26797907837152884,-0.30767960029307656,-0.23230879029122084,-0.24890142638641005,-0.2846126018411543,-0.21302428710302101,-0.3066637819390359,-0.333033302425401,-0.2808413096974973,0.09691077430198426,0.058542238824201745,0.13388049576166916,0.02286624827029382,0.017780745343426965,0.02829497046838777,-0.2574090817983632,-0.2954387478275601,-0.220616667918379,0.3022984725324293,0.27574161391022955,0.32783876373312143,0.13033632600803127,0.11840080654438741,0.1422118827045203,0.16541703797972057,0.1506943763104502,0.17995228712353653,0.0,0.0,0.0,0.16905688148191247,0.15448867880331105,0.18417331687645247,0.07837581459337016,0.07011936759669085,0.086708100905686,0.13033632600803127,0.11854241071317677,0.14298743195886526,0.16541703797972057,0.15066439200691728,0.18053054769711818,plain
all,14,by,-0.4507887065410614,64,0.30134161772031265,0.263719616189964,0.33982483913232964,-0.31371209729995353,-0.3511971196395723,-0.2758492323102914,-0.29322363316451516,-0.32480621566988815,-0.25815600453709237,-0.6150537150202661,-0.6682613692908471,-0.5640183540306305,-0.5945652508848278,-0.6408542507143857,-0.5424078318688977,-0.4447074301060187,-0.4753608181369028,-0.4138815772880676,0.03347432491033978,-0.01720868735099067,0.08401818878620829,0.017175250823023236,0.012728754301556452,0.021720615608644862,-0.6002892837903696,-0.6552849892480991,-0.5467193416206234,0.441060397716709,0.4101037492596582,0.4737788031345577,0.14943830239816402,0.13769213470237182,0.16185959894427157,0.19700288101488495,0.17950467245586596,0.2153190914459629,0.0,0.0,0.0,0.2015236486487767,0.18389589473043813,0.22055561338540752,0.057057872431745975,0.05135447748258528,0.06281467305101848,0.14943830239816402,0.13787928517523504,0.16115324531092776,0.19700288101488495,0.17892526405490122,0.21513739407837457,plain
all,16,by,-0.470443457365036,64,0.15242161905377266,0.12851043481862548,0.1782507938987937,-0.31811187919829326,-0.35839227043108446,-0.2778022524729781,-0.2753451822119118,-0.3243002791304977,-0.22709760768416298,-0.47053349825206586,-0.5142244927311758,-0.42660672569341757,-0.42776680126568445,-0.4757222238562424,-0.3807243284287411,-0.3147464436744384,-0.34444041070143633,-0.2851263638609444,0.012075808255137743,-0.026037638153965197,0.048718921262446195,-0.0007615417024121308,-0.0027115488538334565,0.001092387476630565,-0.47554169222068765,-0.51973564015842,-0.43299463713294883,0.3169266919385364,0.2884180375738415,0.3466371938109411,0.11161824342878185,0.1041134920791365,0.1193126438522519,0.0804605091874063,0.0724188373059146,0.08876918419742871,0.0,0.0,0.0,0.08263411654422032,0.07420163112464079,0.0911834124665647,0.07584798911296195,0.07046269434519123,0.08131024808947228,0.11161824342878185,0.1042043241902868,0.11950859962742702,0.0804605091874063,0.07233735368524113,0.088526822396422,plain
all,17,by,-0.39640554785728455,64,0.1481457214705844,0.11191895095095412,0.18713238614803965,-0.29232024564707193,-0.32685398878798383,-0.257902591352656,-0.29282573039401116,-0.32942404274095716,-0.2576617414063959,-0.4404659671176564,-0.4870019206884449,-0.3974861007981109,-0.44097145186459563,-0.48813389574819505,-0.39735826708606065,-0.32052199361698186,-0.34978252609608307,-0.29317047122726564,0.008604486887874236,-0.03266793998672784,0.04651655569506268,-0.0002881915750750623,-0.002031267224876944,0.0014372909126634213,-0.43843641827180013,-0.4838471920991142,-0.3971032017985536,0.3165486067831847,0.2901615870100401,0.34630585900779015,0.11378162701803415,0.10653414020032997,0.12110153352492048,0.11743883924827361,0.10935189964681948,0.1258782612850142,0.0,0.0,0.0,0.11633517646578315,0.10891915200933508,0.12387632119490344,0.06600096306144998,0.06136771245555237,0.07049946269242637,0.11378162701803415,0.10661883084854497,0.12088183525882133,0.11743883924827361,0.10921002337064736,0.12542398645230307,plain
all,15,Obar,0.2558610141277313,64,-0.014636883473808539,-0.02763955119417982,-0.001014471099812933,0.23991587690288094,0.2167550445007439,0.2632174955950463,0.2811629631158171,0.25887478283597776,0.3048745009998593,0.25455276037668945,0.2347426757074019,0.27567483117232033,0.2957998465896257,0.2743881580181975,0.3188700073055686,-0.018713525423548528,-0.02631037108325047,-0.011089154658999194,0.3334188780827366,0.31043197270377076,0.35620287788639055,0.007189179519792276,0.005241651103557879,0.009091645755990637,0.25259218058367966,0.2323404945575438,0.27404712236945633,-0.015204803297968314,-0.02266656628002625,-0.007946272265169807,-0.0027988104088427055,-0.006105928237914147,0.0005585260809159188,-0.02842650845219402,-0.0324395365102893,-0.02462975543405414,0.0,0.0,0.0,-0.02822788745680857,-0.031977156059304096,-0.02452714036159377,-0.0024404402031024458,-0.004497659462473138,-0.0002033438802554494,-0.0027988104088427055,-0.006174232260855196,0.00030768166988673877,-0.02842650845219402,-0.03225928984642274,-0.024482670876607843,plain
all,18,Obar,0.4507789611816406,64,0.06115808122964496,0.048340503362254914,0.07416310571683515,0.3361939811097507,0.3077839981700547,0.3661596061780151,0.33554882818300535,0.3040483068045428,0.365863560201615,0.27503589988010574,0.2494222817536301,0.3005475742944064,0.2743907469533604,0.2499782523708082,0.29899693423957396,0.010250568956121836,0.0011648832641354744,0.019791915598613454,0.23558195727580625,0.2114155710137005,0.25842318843967504,0.004978368641464235,0.0035534724890370455,0.006582942892065581,0.274284860040942,0.24811112893912635,0.29884108190413167,0.01027600551342674,0.0013166870386357092,0.020531455925062725,0.002228620183569721,0.0001402144665445524,0.004345940442817266,0.00210006389902164,0.0005231444144992131,0.0037827718344969024,0.0,0.0,0.0,0.0010489770635289987,-0.0005194993302935745,0.0026684002864194568,-0.00024895915010078986,-0.0017909201474420502,0.0012970903020358346,0.002228620183569721,-1.987998635604971e-06,0.004280747692190939,0.00210006389902164,0.000566025953748527,0.0038053315462299327,plain
all,21,Obar,0.27566659450531006,64,-0.0343787336021048,-0.04454323993643894,-0.02464277602648973,0.15482439392271444,0.1313310044118386,0.17717648854803306,0.16307923279691056,0.13793806097266453,0.1888330462381781,0.18920312752481924,0.16885947193155568,0.20903603394655013,0.19745796639901536,0.17609581292267595,0.21877535842510243,-0.01038332586479576,-0.01599048262269328,-0.005246660855080069,0.23526635595815135,0.21482434178344922,0.2561479971623795,0.002534055179344255,0.0017712918160423699,0.0033071921655837898,0.19020231891826914,0.16909850227614315,0.20887929263536006,-0.009864395323860835,-0.015301956413988621,-0.004771466425376415,0.004143815532350402,0.0030362119656915424,0.005222789910753678,0.004629871719833297,0.003718177371955152,0.005513470628575848,0.0,0.0,0.0,0.0050918158192830515,0.004157809442707053,0.006021573427275235,0.0031903746970742275,0.0023513423127908563,0.004002591599087722,0.004143815532350402,0.0030636441804137346,0.0052251811337575985,0.004629871719833297,0.003724588032933549,0.005471345412361241,plain
all,22,Obar,0.18373548984527588,64,-0.021463115173334876,-0.03829888325619527,-0.005003618772774413,0.1377499815962863,0.10724460476183933,0.16979469284720858,0.12785211481085007,0.09423187067239579,0.16160046631557662,0.15921309676962114,0.13307238284794934,0.1854176584923848,0.14931522998418495,0.12325130056989905,0.17581263329938096,-0.03621156371629303,-0.042803511204075446,-0.029596021758860922,0.23051643650601816,0.20312692013185787,0.25937833953409456,0.003938765772883388,0.0030514163315107762,0.004839159543780996,0.15718858837159952,0.1304941545044403,0.18487877268166159,-0.038631183183560416,-0.04565485483773392,-0.03167127849783555,0.009887927653973765,0.008821643134029227,0.011062842205681076,0.009695747369270773,0.00882339372375426,0.010651033005951117,0.0,0.0,0.0,0.010372225173424544,0.009441988669935892,0.011270145738467541,0.004243370579368305,0.003403945068579073,0.005213534523911053,0.009887927653973765,0.008833751986013995,0.011054684607338659,0.009695747369270773,0.008827708331510819,0.010595205391948304,plain
single-token,11,by,-0.24905315041542053,10,0.15830729951695677,0.10170571153270884,0.20698560630882717,-0.21016820663427221,-0.27727873236943446,-0.14451752399326948,-0.22515928453789874,-0.2821229432960485,-0.16941751027716748,-0.3684755061512289,-0.46165907051442634,-0.28849808328756654,-0.38346658405485556,-0.4662220642282939,-0.30196082286134773,-0.34651004026176163,-0.37017532445343587,-0.3173909725380654,0.1353853851687289,0.030474957672429404,0.2402453416721901,0.012315996058260318,0.002251391245800876,0.024069592170313167,-0.36566111497752346,-0.46028687587405953,-0.29035754831973243,0.34397132840288,0.3159666532009825,0.36725804304497134,0.23057326722972898,0.21457709027266036,0.2452018804374078,0.20837064188325635,0.19202581307894195,0.22324701290293117,0.0,0.0,0.0,0.20719108064245995,0.19126610300729455,0.2229395829736197,0.1348559106507637,0.11477362270285467,0.15459055780899095,0.23057326722972898,0.21600026200413155,0.2464807720836822,0.20837064188325635,0.1928182471644725,0.22306471938994318,plain
single-token,13,by,-0.1370573341846466,10,0.16795814802757333,0.08539570205286248,0.26034463214794584,-0.17801503034015004,-0.2280643399535855,-0.12642167622431785,-0.1480940951304795,-0.20472122708202464,-0.096379669810706,-0.34597317836772334,-0.43653681556934293,-0.25147787712502784,-0.3160522431580528,-0.3895235751238073,-0.2412411917696767,-0.2729043022841129,-0.30811642025616576,-0.2386679492804946,0.03260666452737766,-0.07401187222035792,0.12431115668436077,0.010490605554626744,0.002009623719142837,0.019824207419267343,-0.3346140511240716,-0.4163017619266712,-0.24412042420080807,0.26542867575236107,0.23183612224209238,0.30106764934547126,0.08446799002381283,0.0704420684535873,0.0988038190738797,0.14928682604992544,0.12538095398147697,0.1756117848818976,0.0,0.0,0.0,0.14238067293909604,0.12195244434934804,0.16162438352881378,0.04436149680349934,0.03135322006140521,0.057424507729192144,0.08446799002381283,0.07096403256866782,0.0982868823243149,0.14928682604992544,0.12532234260157135,0.1753996681603362,plain
single-token,14,by,-0.4507887065410614,10,0.3491293960647647,0.28386358423025315,0.411442576808711,-0.2996658722219326,-0.3862541267024641,-0.19555476993425083,-0.28568739929519615,-0.3586131122495269,-0.19577993625965273,-0.6487952682866973,-0.7636874578763346,-0.5301742022788738,-0.6348167953599609,-0.7403647520003763,-0.5219243022057773,-0.48821539083553056,-0.5490553135772873,-0.42324806009849847,-0.08604982757984977,-0.19708296787191157,0.020818355837149603,0.004072374787268303,-0.0005049420552619041,0.009726624633978739,-0.6386318874714758,-0.7536605267858446,-0.5126848577780373,0.48320927629985305,0.42615684969847945,0.5417266101744262,0.1762757568675519,0.15546613502342096,0.19897136940114915,0.2594898800392934,0.21674039288353852,0.30041852483546844,0.0,0.0,0.0,0.2520576527539261,0.21300475927225535,0.28968720142142573,0.06793104165289218,0.05615224226885838,0.07973163953551321,0.1762757568675519,0.15651632183912526,0.20016046939088697,0.2594898800392934,0.2164517196791693,0.30087905127896303,plain
single-token,16,by,-0.470443457365036,10,0.14363101445805176,0.10742675506430431,0.1848607746118475,-0.3813177780118796,-0.5076187429282158,-0.24505484491807833,-0.4219166198700098,-0.5765321460922496,-0.2640886135626216,-0.5249487924699314,-0.6481753686765853,-0.3999792900463889,-0.5655476343280615,-0.712822336605299,-0.4163289133822739,-0.3216300868705129,-0.38724926421225175,-0.25164420128424353,-0.07844201308132552,-0.167098271550145,-0.005783402655826602,-0.00017103362518067444,-0.002840331001742359,0.002015067797227525,-0.5298183313408175,-0.6533716156071857,-0.4021681264000636,0.32386980817248007,0.2533004878239159,0.38587761106703966,0.0980942677869623,0.08033293102621634,0.11421947085291072,0.10696615892828258,0.08830051764851475,0.12506761023974625,0.0,0.0,0.0,0.10365520186892267,0.08611725378952396,0.11949486926265945,0.06012493257052002,0.05024824077168672,0.06761299173039707,0.0980942677869623,0.08015110648623683,0.11395053725018023,0.10696615892828258,0.08820079674793199,0.1252275065809611,plain
single-token,17,by,-0.39640554785728455,10,0.19442559028443251,0.1173438428741589,0.26280394654076605,-0.2731747930544532,-0.3871850269700248,-0.15355638275196318,-0.3556218344466723,-0.4663276660204851,-0.24957769870514812,-0.4676003833388857,-0.6211659076393677,-0.34186552129137343,-0.5500474247311049,-0.709290655090028,-0.41140312591392736,-0.4756127554633033,-0.5584584179265417,-0.3972132417287987,0.00836638614249213,-0.08285677372887108,0.09797970803980817,-0.0011157850652778166,-0.003744487554696714,0.001312719667361421,-0.46560644126416806,-0.616606574239167,-0.33694979022183813,0.47220143676771464,0.398307452495795,0.5560232532110323,0.14340839306548664,0.12594459305598416,0.16286764779042187,0.15753713429575872,0.13651605383864676,0.17738485090492528,0.0,0.0,0.0,0.14955949996747142,0.13048151532066435,0.1679918199951361,0.0754108296910515,0.06387383725630838,0.08515193239861796,0.14340839306548664,0.1257369483366943,0.16191114129283118,0.15753713429575872,0.13622263712961594,0.17872598883459243,plain
single-token,15,Obar,0.2558610141277313,10,-0.014886237480644582,-0.0452339881515691,0.01854479381969692,0.18890773816019582,0.13953299080901435,0.2566211067620621,0.24097974049881624,0.19531531962020673,0.3009291002935483,0.20379397564084037,0.15786538540291373,0.2535504989951823,0.25586597797946076,0.21274171970136246,0.3029412314176496,-0.02718078393159652,-0.05423171836594469,-0.0009484937130504242,0.26008977812134515,0.2147813635873444,0.31574585657841464,0.000679596669727321,-0.0009940456137518068,0.0029343934027231526,0.2010213305017432,0.1611495179265578,0.24683610816971235,-0.025323783843731112,-0.05088512343607819,0.0008838533241519241,-0.00083187870437644,-0.011365646445798896,0.00895359221612768,-0.025398001816903708,-0.03708337393945344,-0.013651447726858645,0.0,0.0,0.0,-0.023550971570964134,-0.034385000383194045,-0.011728946680229448,-0.0024549453059252062,-0.010423211530136279,0.005804448987072132,-0.00083187870437644,-0.01031906226521549,0.009466249717435612,-0.025398001816903708,-0.03703311362344999,-0.014085131658612214,plain
single-token,18,Obar,0.4507789611816406,10,0.0809693227272659,0.04854893809146699,0.1121156396578844,0.399910311981441,0.33250486677036334,0.4730752754460983,0.40951594138226166,0.33513419427550145,0.49258419149361005,0.31894098925417513,0.2686048864038539,0.374476896080064,0.3285466186549958,0.269949686656261,0.38734605081707923,-0.002144337881308419,-0.0285652159477178,0.021302190782713715,0.30301549638858255,0.24640561634061245,0.36044318878367076,0.00197899968426582,7.360604567111298e-05,0.0039514746468055015,0.31422713956648524,0.26481433170353713,0.3680547893405096,-0.0026136219549285343,-0.028176878051406673,0.01979317149187593,0.004119917776541493,0.002075237073823714,0.005967658054237306,0.005015287321931414,0.0030446136891474174,0.006921308739044544,0.0,0.0,0.0,0.004114732013953911,0.0021502437163417004,0.006013145653036768,-0.0039417417609066896,-0.006179589418407767,-0.0016708885092758204,0.004119917776541493,0.0021534900845143518,0.0059909464527933,0.005015287321931414,0.0029680474160128276,0.0070017607115168004,plain
single-token,21,Obar,0.27566659450531006,10,-0.02627300897308909,-0.06407067955948122,0.007066707994428655,0.21693325100422745,0.1459993274998147,0.2806039547382114,0.2241914795886007,0.14355049740726064,0.30255233969861667,0.24320625997731646,0.18656016498449962,0.29082680318890336,0.2504644885616898,0.19647986927332692,0.30552985064903093,-0.025469755901431766,-0.04388759827806741,-0.005511985822447609,0.2969983304992404,0.24377377646003465,0.3409417195500206,0.0014447431038277273,0.0001095199101190552,0.0028686926240066093,0.24373414359737344,0.1915263303750411,0.2887409768680762,-0.024323771349115984,-0.042729929437634935,-0.005882171751999856,0.004549641605520184,0.001619855442583069,0.007912501942494682,0.0016505463908230583,-0.0011669012864774348,0.004803739572811739,0.0,0.0,0.0,0.0021434838993689464,-0.0005922551236984497,0.005383004967513397,0.0034191344107968877,0.0012526432845269267,0.005635750878075091,0.004549641605520184,0.0015891534640329048,0.007974498049194517,0.0016505463908230583,-0.0012942020057875236,0.00472857163879857,plain
single-token,22,Obar,0.18373548984527588,10,-0.008404866479469756,-0.03925952058268199,0.016174912876183865,0.14380967788005458,0.0670935449105774,0.22874597928396762,0.1431792400174519,0.05642252604449047,0.24948979895159692,0.15221454435952433,0.07442121320740988,0.23751051190730318,0.15158410649692164,0.0767480124378632,0.2537604955177908,-0.039287727933110514,-0.05744459333425,-0.023057189575940742,0.26094721325253956,0.18726003791034332,0.34268774875139163,0.0008701052811831512,-0.00023689937404742525,0.002155912539137808,0.1509833138127388,0.07401722700811712,0.23433082555210907,-0.04063388183313384,-0.05703952731461286,-0.025123810516365967,0.008955553364979546,0.006577274760244166,0.0113449144061054,0.005405684715721433,0.0034510342873647756,0.007210364576371042,0.0,0.0,0.0,0.006603651053415945,0.005104788003860176,0.008071855910410819,0.0038395357396587395,0.0015166954774907277,0.006128400174942619,0.008955553364979546,0.006610725034988319,0.011355260265432755,0.005405684715721433,0.003388263515363048,0.00728138394885664,plain
multi-token,11,by,-0.24905315041542053,54,0.18064764439828784,0.1581733180243761,0.20190234395517617,-0.24123837940101997,-0.2612197551671832,-0.22083916879693025,-0.28504063021730763,-0.30509748967002726,-0.2657586333946156,-0.42188602379930784,-0.4536242868834732,-0.3907016084622559,-0.4656882746155954,-0.49674536200824715,-0.4342174588295071,-0.37427078061702196,-0.39912557801268705,-0.3485955439480326,0.07663240909298157,0.0475537953099994,0.10713785341183503,0.03753748534944711,0.029517332800655532,0.04586572425785069,-0.4215911423445569,-0.4527618198499049,-0.38953088529889457,0.3722104788793359,0.3460050750694165,0.40009106894258645,0.29882751456842427,0.27899335613149084,0.31904426618078857,0.24836751691752776,0.22929788419177122,0.26633305440498617,0.0,0.0,0.0,0.25873797969122664,0.2400560750076599,0.277193278837704,0.15538465818878158,0.14383444091943373,0.16743199889316307,0.29882751456842427,0.2789187099069477,0.31840876151150177,0.24836751691752776,0.23035325977266205,0.2654373520537503,plain
multi-token,13,by,-0.1370573341846466,54,0.15859855625541933,0.12829769858477075,0.18710439501987394,-0.09493717026496239,-0.12614996821835275,-0.06441488498274679,-0.07786753369179766,-0.11291809433474828,-0.04226922085779584,-0.25353572652038164,-0.2952496499361325,-0.21492688709156874,-0.23646608994721696,-0.27849228063175924,-0.19960239081487738,-0.3129155374306883,-0.3427887477251466,-0.2825047464085689,0.10881894277876325,0.06750772215376993,0.14631700440398043,0.025158033958380316,0.019212831521992244,0.031170588127697383,-0.2431118652565653,-0.2862915599772995,-0.2043367680769932,0.30912621267688645,0.2784576080963703,0.33858753327861574,0.13883046230140506,0.12633324470916568,0.15238237139029495,0.1684041142630159,0.15235607996736739,0.1847416844354851,0.0,0.0,0.0,0.17399692010095258,0.1570859120879104,0.1913204792526289,0.08467476233223514,0.07687882301568996,0.09287986082258604,0.13883046230140506,0.12570850020634813,0.15279230961277573,0.1684041142630159,0.15244482880457197,0.1858292150090952,plain
multi-token,14,by,-0.4507887065410614,54,0.29249202913800665,0.25065330537148384,0.33378034647151134,-0.31631325009217953,-0.36138375040062204,-0.27613487568922085,-0.29461923202920387,-0.3343830014540008,-0.2563965254771688,-0.6088052792301863,-0.6691197117372121,-0.5506762637677002,-0.5871112611672105,-0.6432539029639557,-0.5327409072861645,-0.43665040034129426,-0.47139346796471615,-0.40407083702498814,0.05560842722333784,0.0003251045644225821,0.10996289233972126,0.01960170934816304,0.01484360237547983,0.02462870486395034,-0.5931888016272018,-0.6546466710483131,-0.5343932177387262,0.4332550498309416,0.3979871076652644,0.4678555149790892,0.14446840342235145,0.1322390832900817,0.15680418868673351,0.18543121452888336,0.16693061412853233,0.20379029916504612,0.0,0.0,0.0,0.19216549974041572,0.174247346999582,0.21044464815776004,0.055044322575978154,0.048455227124937085,0.06144726736338138,0.14446840342235145,0.1322268066222857,0.15745148926532385,0.18543121452888336,0.1671343095477773,0.20450394024202947,plain
multi-token,16,by,-0.470443457365036,54,0.15404950879372098,0.1252394853990813,0.1834343179392532,-0.30640708312170317,-0.3464412382565851,-0.26633123187668656,-0.24820232338633802,-0.2953806386795592,-0.2048338455773662,-0.46045659191542404,-0.506131644685335,-0.41517381877353277,-0.40225183218005905,-0.44904771684741224,-0.35544439521048415,-0.3134716949344245,-0.3463876989824351,-0.2827204851048186,0.028838367761890197,-0.012178997210493724,0.0679520537878854,-0.0008708950500475854,-0.003087184469133059,0.0014235775133104901,-0.4654904627539969,-0.511108725234757,-0.41954603926123163,0.31564092967299123,0.2846353917644804,0.3493847750630899,0.11412268336245214,0.10600041008874608,0.12242059580727244,0.07555205553168846,0.06667492943133811,0.08443311550518758,0.0,0.0,0.0,0.07874132296557174,0.07028549794446598,0.08854910109496385,0.07875966625045118,0.07336588726281304,0.08449532644375397,0.11412268336245214,0.10624601832207121,0.12204233753570023,0.07555205553168846,0.06731155243905305,0.08432720446579584,plain
multi-token,17,by,-0.39640554785728455,54,0.1395753753939459,0.10207740548553208,0.18189196692239,-0.2958656998308902,-0.3300432086465074,-0.2598646850096038,-0.28119682223611103,-0.31758800830198486,-0.2464843950442298,-0.4354410752248362,-0.4809523066743404,-0.3898011107214237,-0.42077219763005685,-0.4724590162142116,-0.37663476595930595,-0.2918014821639594,-0.31417577386484274,-0.27100117107970156,0.008648579618500558,-0.035241461695468455,0.051146910758486236,-0.00013493352133381147,-0.002098206938201319,0.001921372194371467,-0.43340493253247275,-0.47959984447999415,-0.3906508358202882,0.2877240086379014,0.2657907251386053,0.3099772503936406,0.10829518886109851,0.10182018018869018,0.1151147702336709,0.1100132290542949,0.10255506530411633,0.11761446030407187,0.0,0.0,0.0,0.1101825239654705,0.10330572201968209,0.11793809635041438,0.06425839516707932,0.05929748376988289,0.06914073438303343,0.10829518886109851,0.1012045957086135,0.11527856690773222,0.1100132290542949,0.10252931767156988,0.11799628513523386,plain
multi-token,15,Obar,0.2558610141277313,54,-0.014590706805875943,-0.0285754707782737,0.00014872730716525233,0.24936182852189667,0.22601837389244517,0.2730043195194832,0.288604300637484,0.26283595614730987,0.3150795940864601,0.26395253532777263,0.24231622733631894,0.28566261423103295,0.30319500744336,0.2791999510959164,0.3272097905991753,-0.017145514588724826,-0.023833538032618503,-0.009802549580365335,0.3469983410385498,0.3232289581288641,0.3706232214026877,0.00839465782535986,0.006270876819577668,0.010569184573841227,0.26214233800626047,0.23986941968841377,0.28476842437516514,-0.013330918011715941,-0.020225294747062587,-0.005954196694246088,-0.0031630570207809034,-0.0064933364665365955,0.0001522331727671587,-0.02898734301428482,-0.03297941301457968,-0.025155096558607315,0.0,0.0,0.0,-0.029093982991224208,-0.03330254267976218,-0.025257107337292386,-0.0024377540729500833,-0.004577406055332554,-0.0002695089583309777,-0.0031630570207809034,-0.006483254006545936,0.00011716457579793644,-0.02898734301428482,-0.03295743620905273,-0.02514132973429542,plain
multi-token,18,Obar,0.4507789611816406,54,0.057489332804159604,0.04449273142867008,0.07089301763024622,0.3243946605779562,0.293250175438452,0.35627522490279845,0.3218512146275875,0.29142013501455866,0.35432126103703554,0.26690532777379655,0.23908932719117895,0.293974917182475,0.2643618818234279,0.236740130483074,0.29098426626139695,0.012545922074164481,0.003054932706204096,0.022559311628456147,0.22309426484751432,0.19755409689555664,0.24832549576954696,0.00553380733724172,0.003823066606985146,0.007255943648296153,0.2668881416102858,0.23838001015274898,0.2945032770632018,0.01266297356312216,0.003499004784324207,0.02329023764233382,0.0018783798885749481,-0.0005459099018462912,0.004380979615028984,0.001560207709593904,-0.0001683274893573464,0.0034077499547847333,0.0,0.0,0.0,0.0004812446653021631,-0.0014359948720078838,0.002345876999283748,0.0004348894815299326,-0.0013002053014533313,0.0021081031592932575,0.0018783798885749481,-0.0006102903863842256,0.0042816120049104685,0.001560207709593904,-0.0002292922669859958,0.0033063308987388456,plain
multi-token,21,Obar,0.27566659450531006,54,-0.035879793718589174,-0.0464909120716724,-0.026033502131552658,0.14332275372243425,0.12158148394592597,0.16717358126216347,0.1517621500577087,0.12741499556909094,0.176360771511877,0.17920254744102343,0.15773436709005695,0.20099151714652863,0.18764194377629786,0.16730067311640115,0.2085648758634984,-0.00758954252467798,-0.012521485428791003,-0.002787787477640022,0.22383450882091266,0.2045111046551985,0.24421254161808503,0.002735779637773242,0.0018445058293748168,0.0036337515098282124,0.18028901805176833,0.158069572092566,0.20123526288565877,-0.0071867330969617345,-0.0123178950953602,-0.0023366655028351324,0.004068662555837477,0.002923335175111415,0.0051808723884841845,0.005181598632612968,0.004384443368472646,0.005978152157351754,0.0,0.0,0.0,0.0056378032118597375,0.004765840176912248,0.006475285717039441,0.003148011787125587,0.0022985196910825178,0.004012965540389763,0.004068662555837477,0.0029180569502494785,0.005211774587417168,0.005181598632612968,0.004416109538534437,0.005924682867790659,plain
multi-token,22,Obar,0.18373548984527588,54,-0.023881309375902493,-0.042233857410668506,-0.006383097769110818,0.13662781561781068,0.1025867397333181,0.171336563623822,0.12501375829110903,0.09096157958894134,0.1612694288046848,0.1605091249937131,0.13638170522591864,0.18819001806307462,0.1488950676670115,0.1224264172502176,0.17614236707515196,-0.035641903676141645,-0.0432101892201792,-0.0284702741253953,0.22488110747888454,0.19680644504310918,0.25576493579913817,0.004507036234309357,0.0035215341419057356,0.00544460995386047,0.15833771328990706,0.13004208782619656,0.18764366550520303,-0.03826031306326903,-0.04673896079353362,-0.030195130145797933,0.010060589559343067,0.00882489049646899,0.011400066881627285,0.010490203416224357,0.009658091026772977,0.01135190406927776,0.0,0.0,0.0,0.011070109269722435,0.010159807075740835,0.012027986820434081,0.00431815480894415,0.0033429547623046257,0.0053636913729264045,0.010060589559343067,0.008854953414805633,0.011378678402547426,0.010490203416224357,0.009638609763103058,0.011331234589335104,plain
