exp,lemma,dPREP_halfA,lo95,hi95,kept
emb,appear,0.1387056807676951,0.06298459932828943,0.20201879190281027,True
emb,arrive,0.4978220562140147,0.3945963711788257,0.6062904998660086,True
emb,blush,0.997240424156189,0.8295258365571498,1.1759999267756938,True
emb,camp,-0.1680241972208023,-0.2373601829012235,-0.08886431542535632,False
emb,crawl,0.15108306209246317,0.09714780176679293,0.20693181827664375,True
emb,creep,-0.009461710850397745,-0.09059789739549161,0.05974100083112702,False
emb,cringe,0.6127472470204035,0.5455419362833103,0.6793570910890897,True
emb,decamp,0.20106937239567438,0.11979837895681461,0.2813591791316866,True
emb,defect,0.31876929601033527,0.19028678685426714,0.4375118384758631,True
emb,die,1.1009068042039871,0.9642089651276669,1.2622295338660476,True
emb,dine,0.12567880128820738,0.07017413542295495,0.18295820026348028,True
emb,emerge,0.07794569432735443,0.045068346957365675,0.10839581626156963,True
emb,emigrate,0.1989370957016945,0.1285034302001198,0.2810535597304503,True
emb,faint,0.9880472868680954,0.8257034486780565,1.1342560009409985,True
emb,frolic,-0.01482770343621572,-0.04226705953478813,0.010007379638652001,False
emb,hitchhike,0.27717039982477826,0.16121133354802925,0.39431475773453706,True
emb,kneel,0.3897169480721156,0.3227616562197606,0.44998666048049923,True
emb,languish,0.1431213766336441,0.11061958074569701,0.1730518529812495,True
emb,limp,0.5109440187613169,0.34188534940282506,0.7006745656331378,True
emb,linger,0.33646094302336377,0.30570802353322507,0.3656564755986134,True
emb,loiter,0.2437160760164261,0.16363945044577122,0.323861609523495,True
emb,lounge,0.03899030387401581,-0.014434978614250818,0.0809844882537921,False
emb,lumber,0.06699103116989136,0.02304717476169268,0.11282801888883112,True
emb,lurk,0.020519420504570007,-0.029382435729106267,0.06852416483064488,False
emb,mosey,0.1451219121615092,0.11189113159974416,0.1805285615225633,True
emb,nap,0.4113261153300603,0.31694560473163924,0.49990266126890975,True
emb,perish,0.4229577953616778,0.31226628726969163,0.509741900799175,True
emb,reappear,0.18752662340799967,0.13045171226064364,0.25330592418710385,True
emb,reemerge,0.2647855430841446,0.20912719729046025,0.315160775060455,True
emb,remain,-0.11273892223834991,-0.19610979991654554,-0.030920332918564483,False
emb,saunter,0.037746548652648926,-0.01999682622651259,0.09627499865988891,False
emb,shudder,0.5838159074385961,0.47393219694495203,0.6993446669230858,True
emb,skulk,-0.0731179416179657,-0.12431038475284974,-0.024192321238418444,False
emb,sleep,-0.2809315659105778,-0.5001287076622247,-0.08939398378133781,False
emb,slog,0.4862714136640231,0.44604435010502735,0.5272354559352,True
emb,slouch,0.1486238737901052,0.08789766319096089,0.20323923950393993,True
emb,slump,0.2386859953403473,0.16779122340182465,0.30705306728680926,True
emb,sneeze,0.2554992238680522,0.08366815124948819,0.4270293014744917,True
emb,sulk,0.7889577299356461,0.6985334859540065,0.8782633514453967,True
emb,tarry,0.33359698951244354,0.277739850183328,0.38467452637851235,True
emb,thrive,0.2204401350269715,0.18400635270712276,0.2596215628553181,True
emb,tiptoe,0.036579484740893044,-0.007067279020945232,0.07908075687785941,False
emb,toddle,0.19540235896905264,0.15724332903822263,0.23584366229673223,True
emb,toil,0.3157660911480586,0.28465734161436557,0.34775302285949383,True
emb,totter,0.36783995230992633,0.30729387725392976,0.42974062189459794,True
emb,tremble,0.7294916113217672,0.6045931385209162,0.8527586537102858,True
emb,vanish,0.7421131829420725,0.676387144625187,0.803991558154424,True
emb,waddle,0.15014134844144186,0.09700967396299044,0.20135677481691042,True
emb,whiz,0.21910120050112405,0.1711564635237058,0.2730925286809603,True
emb,writhe,0.008803755044937134,-0.07327592459817726,0.100434162095189,False
mat,appear,0.3085965116818746,0.20754037313163282,0.39889927171170714,True
mat,arrive,0.9539710928996404,0.8631782747805118,1.0848872182269889,True
mat,blush,0.7997411688168844,0.5735237009823322,1.026982047160466,True
mat,camp,0.06992109616597493,-0.241563950975736,0.39109829862912443,False
mat,crawl,0.3609306365251541,0.29324181998769444,0.43293835259974,True
mat,creep,0.1237987478574117,-0.017838848009705543,0.2674022212624549,False
mat,cringe,1.0687210063139598,1.006901518628001,1.1322984778632719,True
mat,decamp,0.6888764152924219,0.5310734007507563,0.8735132180154321,True
mat,defect,0.7800625910361608,0.6547266023854414,0.9098547765364249,True
mat,die,1.792120337486267,1.5611428479353586,2.008788235982259,True
mat,dine,0.25548505038022995,0.1646179232125481,0.34374107917149854,True
mat,emerge,0.25086188564697903,0.21837860513478516,0.28428996056318284,True
mat,emigrate,0.599602056046327,0.4768741173669696,0.7114524219185113,True
mat,faint,0.9138531982898712,0.7730555507043998,1.0368911556899547,True
mat,frolic,0.43315722544987995,0.3740792223562797,0.4917533074816068,True
mat,hitchhike,0.36176253855228424,0.3137978404760361,0.41735163306196527,True
mat,kneel,0.7117625375588735,0.645375815158089,0.7792740989476442,True
mat,languish,0.3794454907377561,0.32955851008494697,0.42822668651739754,True
mat,limp,0.5981257160504659,0.48492209787170093,0.7141594943900903,True
mat,linger,0.7426493316888809,0.6470981575548649,0.8452917793144781,True
mat,loiter,0.95447971423467,0.6835620105266571,1.3257637873291968,True
mat,lounge,0.23576450844605765,0.1830220768849055,0.28395072296261786,True
mat,lumber,-0.32803834478060406,-0.6827693571647008,-0.03933219835162174,False
mat,lurk,0.21105080346266428,0.17953520069519677,0.2429962517072757,True
mat,mosey,0.1727405016620954,0.1314821474875013,0.2194073786959052,True
mat,nap,0.39540310204029083,0.1260952568302552,0.6605450441439947,True
mat,perish,1.2081205646197002,1.155288078635931,1.2658411001165708,True
mat,reappear,0.9412717918554941,0.7822947851071755,1.0930632439752421,True
mat,reemerge,0.689518411954244,0.6314256840695938,0.7548130066444476,True
mat,remain,-0.024280662337938946,-0.11061720562477906,0.0634595622618993,False
mat,saunter,0.17271952827771506,0.12181731437643369,0.22448835348089535,True
mat,shudder,0.7994504372278849,0.7194234733780225,0.8813113041222095,True
mat,skulk,0.2273415227731069,0.1266715690493584,0.31305527016520496,True
mat,sleep,0.41678252816200256,0.2508168210585912,0.5735452258338529,True
mat,slog,0.6553498605887095,0.3198005937039852,0.9205643922090527,True
mat,slouch,0.9130885104338328,0.7790293941895167,1.0347307041287424,True
mat,slump,0.3245868186155955,0.22850770875811577,0.433488052090009,True
mat,sneeze,1.0641859769821167,0.9160092301666737,1.2297874619563418,True
mat,sulk,1.2939333120981853,1.1882325393458208,1.3886075047155222,True
mat,tarry,0.5586477120717367,0.47804352877040707,0.6424457050859927,True
mat,thrive,0.7723029951254526,0.677197252213955,0.8746334383885064,True
mat,tiptoe,0.5075459331274033,0.4361676013718049,0.5753011933217447,True
mat,toddle,0.6076894650856653,0.5384211452056964,0.6942126460373402,True
mat,toil,0.3908043255408605,0.3272112353394429,0.4534657567739486,True
mat,totter,0.48625118533770245,0.42542814935247103,0.5467905762294928,True
mat,tremble,0.6315237830082575,0.5374554795523484,0.7347278330475091,True
mat,vanish,1.0383038769165676,0.9354054914166531,1.1507765358934798,True
mat,waddle,0.5476306974887848,0.4332614322503408,0.6562133808930715,True
mat,whiz,-0.14060316483179727,-0.5077540857096513,0.18547476803263022,False
mat,writhe,0.192028080423673,0.0538571897894144,0.3486369178940852,True
