exp,set,cls,quantity,est,lo95,hi95,lo90,hi90
emb,"half B, kept I",T,fill - nofill O,-1.9510173106905795,-2.1716403906795914,-1.7281756501305119,-2.138827117246651,-1.7586648154359474
emb,"half B, kept I",T,fill - nofill PREP,2.6766128543319203,2.4995896423294113,2.8534640215969875,2.5267742139129137,2.833022324450361
emb,"half B, kept I",T,fill - nofill num,3.677011265507283,3.380474326942328,3.9746262916885073,3.4284367333886756,3.9372303443931567
emb,"half B, kept I",T,fill - nofill L,1.0003984133777382,0.7739901971540546,1.2404569219868138,0.8085058013035816,1.200040748242125
emb,"half B, kept I",T,fill - nofill END,3.17273975074666,2.982492877034552,3.3713806226544967,3.008126350998317,3.333815177258268
emb,"half B, kept I",I,fill - nofill O,-1.3170134598373349,-1.571735527487392,-1.0676087645192942,-1.5261042021660722,-1.109603632782769
emb,"half B, kept I",I,fill - nofill PREP,0.35980046631242985,0.2638610163811021,0.46290035601506313,0.2761697999830557,0.44513158224300187
emb,"half B, kept I",I,fill - nofill num,-0.19288901437042108,-0.5488986852586779,0.1647466960243688,-0.4785623835956948,0.11103952313080802
emb,"half B, kept I",I,fill - nofill L,-0.5526894797117281,-0.9793297719687989,-0.11469534893448542,-0.8979971635672781,-0.1825782980164912
emb,"half B, kept I",I,fill - nofill END,-0.3912759094666213,-0.7150146389364177,-0.06418465368895458,-0.6551457424703826,-0.11680842403672703
emb,"all contexts, kept I",T,fill - nofill O,-1.958569943635438,-2.1586117811998906,-1.754485723167166,-2.1295596709141047,-1.7860845313120466
emb,"all contexts, kept I",T,fill - nofill PREP,2.6604639339090888,2.4785500312686755,2.8446317256967166,2.5059010125157783,2.815991053473696
emb,"all contexts, kept I",T,fill - nofill num,3.6456817590028234,3.379401618988492,3.9079231648817188,3.422667519235104,3.8699474983198465
emb,"all contexts, kept I",T,fill - nofill L,0.9852178271555303,0.796108066143011,1.1622409500697122,0.8272229833938414,1.141959377638293
emb,"all contexts, kept I",T,fill - nofill END,3.1528230915373223,2.9587555253901665,3.339695411883061,2.990846244965054,3.307694615008978
emb,"all contexts, kept I",I,fill - nofill O,-1.3247397967383396,-1.565930278115293,-1.0980461868401776,-1.522161731353173,-1.1288070809573698
emb,"all contexts, kept I",I,fill - nofill PREP,0.3668814974908645,0.28079572646026935,0.46288468077416633,0.2954315429664829,0.44384089277492056
emb,"all contexts, kept I",I,fill - nofill num,-0.22629639506340027,-0.5296333089980305,0.09744151831946818,-0.4852669267700268,0.048611031625515326
emb,"all contexts, kept I",I,fill - nofill L,-0.5931778978078793,-0.9587975157281526,-0.21275392034942836,-0.9099617679277039,-0.2805695037938591
emb,"all contexts, kept I",I,fill - nofill END,-0.41656880628349424,-0.7030929710047368,-0.12314454813479872,-0.6560280694984472,-0.16642997736732174
emb,"half B, all I",T,fill - nofill O,-1.9510173106905795,-2.1864286619086264,-1.7187074594387088,-2.151529107242823,-1.754108339532882
emb,"half B, all I",T,fill - nofill PREP,2.6766128543319203,2.495729265996963,2.8515222212733145,2.5250870560137733,2.8240069615883088
emb,"half B, all I",T,fill - nofill num,3.677011265507283,3.3811168802093787,3.96689546593705,3.4250568958292202,3.9219469700078933
emb,"half B, all I",T,fill - nofill L,1.0003984133777382,0.7662674584384984,1.2200096442452018,0.800545215302106,1.1754760432683822
emb,"half B, all I",T,fill - nofill END,3.17273975074666,2.978211996767599,3.3622667093556253,3.007419184946789,3.3322551951046644
emb,"half B, all I",I,fill - nofill O,-1.1819438123703003,-1.4105819962720074,-0.9581566062172254,-1.3808392032186192,-0.9987060688237349
emb,"half B, all I",I,fill - nofill PREP,0.26838882680982357,0.17324669373439003,0.36473517348555234,0.1903566613271832,0.3485744539101919
emb,"half B, all I",I,fill - nofill num,0.062209188540776575,-0.2564178044199944,0.387037660102049,-0.20392432113488518,0.33701130205392843
emb,"half B, all I",I,fill - nofill L,-0.20617963373661038,-0.5925929155846438,0.2019953463574249,-0.5315225449800491,0.14114607266585033
emb,"half B, all I",I,fill - nofill END,-0.1610475840171178,-0.45356586192051573,0.12893210006753586,-0.41110701781511305,0.08741612370808916
mat,"half B, kept I",T,fill - nofill O,-1.945748994208919,-2.2505072819648904,-1.6504597408796582,-2.201862353155589,-1.693412907433304
mat,"half B, kept I",T,fill - nofill PREP,2.535288521563106,2.3526542770541594,2.7125989196072307,2.378364311378894,2.691614963711713
mat,"half B, kept I",T,fill - nofill num,3.167253172060227,2.9365783755532786,3.4066697956959024,2.9664110007104263,3.371928031166207
mat,"half B, kept I",T,fill - nofill L,0.6319646516685966,0.41242421779477,0.8361530266877896,0.4470701755756665,0.8057436416312209
mat,"half B, kept I",T,fill - nofill END,2.220684582800985,2.0121475074393373,2.432399878144826,2.0451197836665234,2.397791815642853
mat,"half B, kept I",I,fill - nofill O,-0.9872733531174835,-1.203559280865722,-0.7893177361124093,-1.1716331317358548,-0.8172915957812908
mat,"half B, kept I",I,fill - nofill PREP,0.6083004126394237,0.5045690089215835,0.7232132465875257,0.5186282796716248,0.702721824593566
mat,"half B, kept I",I,fill - nofill num,-0.20688560273912218,-0.6077772721372269,0.16458799797075765,-0.5415173986995662,0.11227751790373407
mat,"half B, kept I",I,fill - nofill L,-0.8151860169790409,-1.252749309675009,-0.40039314247943736,-1.1850322849662216,-0.4599600238490989
mat,"half B, kept I",I,fill - nofill END,-0.9251727173725766,-1.1900100083538783,-0.6636240849947488,-1.1515882503931167,-0.7078276703534303
mat,"all contexts, kept I",T,fill - nofill O,-1.931654499632851,-2.202361363045133,-1.6956958940905758,-2.152598760805954,-1.733963787693929
mat,"all contexts, kept I",T,fill - nofill PREP,2.531565686512106,2.355146161269443,2.7239479191794564,2.377623162124564,2.694040328170519
mat,"all contexts, kept I",T,fill - nofill num,3.181450109155673,2.9792230516414406,3.404677808858783,3.0144270736489838,3.364716480527096
mat,"all contexts, kept I",T,fill - nofill L,0.6498844229012916,0.47118375949948205,0.8363780329829816,0.5063847793078742,0.8048647877484936
mat,"all contexts, kept I",T,fill - nofill END,2.19689006691084,2.0069708816449414,2.3944759090928907,2.0362486161689897,2.3630398466222498
mat,"all contexts, kept I",I,fill - nofill O,-0.9809453348318736,-1.1911260209425731,-0.8103729322994198,-1.1542648485137352,-0.8314696875269766
mat,"all contexts, kept I",I,fill - nofill PREP,0.6197973256309828,0.5236732255674347,0.7258945448048139,0.539266595252686,0.7089036177098752
mat,"all contexts, kept I",I,fill - nofill num,-0.1396204753054513,-0.4699937528040674,0.18501208257344035,-0.41868115859451116,0.13295865204599167
mat,"all contexts, kept I",I,fill - nofill L,-0.7594178031440135,-1.1415744908926662,-0.40066325277917997,-1.069868802014324,-0.4593358206086689
mat,"all contexts, kept I",I,fill - nofill END,-0.9133062026015033,-1.1497444258644074,-0.7020477075171141,-1.1130895792692903,-0.7393787552112784
mat,"half B, all I",T,fill - nofill O,-1.945748994208919,-2.2569125159561594,-1.6639727116937302,-2.209652307346088,-1.7018915044612388
mat,"half B, all I",T,fill - nofill PREP,2.535288521563106,2.3577688280176727,2.720032259851179,2.3897119945770355,2.6914100775366308
mat,"half B, all I",T,fill - nofill num,3.167253172060227,2.9115002971142516,3.408750296594961,2.957918233002694,3.3765877433214926
mat,"half B, all I",T,fill - nofill L,0.6319646516685966,0.40049414554692847,0.8384649671754746,0.4409277347390943,0.8083868641874888
mat,"half B, all I",T,fill - nofill END,2.220684582800985,2.0098249915799817,2.439122776724632,2.050019993890756,2.4042081556417676
mat,"half B, all I",I,fill - nofill O,-0.975429022113482,-1.1884710998336474,-0.7582796162366868,-1.155598161002,-0.7972865781287353
mat,"half B, all I",I,fill - nofill PREP,0.5383416044215362,0.424941439623634,0.6554179408500588,0.44376006041467203,0.6359131877720356
mat,"half B, all I",I,fill - nofill num,-0.02679955561955771,-0.43154777717093623,0.36175374589363735,-0.36315054931243257,0.3009712096651394
mat,"half B, all I",I,fill - nofill L,-0.5651411603887875,-1.0109441071252028,-0.1316069193234047,-0.9519688000132642,-0.1902291878163815
mat,"half B, all I",I,fill - nofill END,-0.7749804314970972,-1.062616337885459,-0.5092930044556658,-1.0120754222075146,-0.5445230295161406
