site,exp,cls,frame,z
4,emb,I,fill,-0.011930789856757353
4,emb,I,nofill,0.021682603781951304
4,emb,T,fill,0.8910919860188911
4,emb,T,nofill,0.9911585806683486
4,mat,I,fill,-0.002261728388267531
4,mat,I,nofill,0.020454800017634476
4,mat,T,fill,0.8301977735782038
4,mat,T,nofill,0.8432869835133885
6,emb,I,fill,0.001933110117281857
6,emb,I,nofill,0.036635105634435075
6,emb,T,fill,0.8470215105223208
6,emb,T,nofill,0.9672538070793046
6,mat,I,fill,-0.012377366809677461
6,mat,I,nofill,0.04996896788590841
6,mat,T,fill,0.8248574673567177
6,mat,T,nofill,0.8791982581741343
8,emb,I,fill,0.013669275369973309
8,emb,I,nofill,0.06712362486736542
8,emb,T,fill,0.815990886378026
8,emb,T,nofill,0.9966934901816414
8,mat,I,fill,0.005726710872221396
8,mat,I,nofill,0.040673958160886155
8,mat,T,fill,0.7825898612015715
8,mat,T,nofill,0.8852483896769004
10,emb,I,fill,-0.060599342347644435
10,emb,I,nofill,0.04690557146944919
10,emb,T,fill,0.7478475634547525
10,emb,T,nofill,1.0000029586130592
10,mat,I,fill,-0.03892317845228873
10,mat,I,nofill,0.04154491842893953
10,mat,T,fill,0.7571743844487007
10,mat,T,nofill,0.9107944708434664
12,emb,I,fill,-0.09113768956101244
12,emb,I,nofill,0.053293879639814794
12,emb,T,fill,0.7335925193749508
12,emb,T,nofill,1.0200841434846635
12,mat,I,fill,-0.043331261651011733
12,mat,I,nofill,0.06375079669984103
12,mat,T,fill,0.7621087704517682
12,mat,T,nofill,0.9379464914846533
14,emb,I,fill,-0.11046259608779292
14,emb,I,nofill,0.018722136997277126
14,emb,T,fill,0.5990098162038755
14,emb,T,nofill,1.0026043676464687
14,mat,I,fill,-0.09651260691520801
14,mat,I,nofill,0.02457633461168527
14,mat,T,fill,0.6189641118514306
14,mat,T,nofill,0.9434246107061205
16,emb,I,fill,-0.11128798933047288
16,emb,I,nofill,0.00046152518452052447
16,emb,T,fill,0.47864522930208186
16,emb,T,nofill,1.0109771048482235
16,mat,I,fill,-0.06927571688815988
16,mat,I,nofill,0.015094196648004526
16,mat,T,fill,0.5041468126848936
16,mat,T,nofill,0.9541957972020659
17,emb,I,fill,-0.0764765028999836
17,emb,I,nofill,-0.005089831757030853
17,emb,T,fill,0.44267192131671784
17,emb,T,nofill,1.0289213850282024
17,mat,I,fill,-0.034659720251818606
17,mat,I,nofill,0.010858542085643928
17,mat,T,fill,0.4748265891521997
17,mat,T,nofill,0.9613098431597277
