readout,site,ratio,ratio_lo,ratio_hi,dratio,dratio_lo,dratio_hi,ret_passive,ret_passive_lo,ret_passive_hi,ret_active,ret_active_lo,ret_active_hi,mean_of_pair_ratios
d8,4,0.7663177381321478,0.731455216604103,0.806780224674061,0.34791370512759545,0.3096618717953458,0.39019338744755383,0.7881402316519748,0.7337569440523676,0.8411912399894236,0.43031895920887936,0.39442947805421247,0.46330808046438066,0.3439690389055743
d8,5,0.6547833623181719,0.6223644253403827,0.6893167436676403,0.2363793293136196,0.20839927450335846,0.2675207534555912,0.8870104313677634,0.8362930571873181,0.9423598158727751,0.5667962308746648,0.5373787124412605,0.5939202844555208,0.6753684636801778
d8,6,0.5620256920500574,0.5297906889050408,0.594307898998958,0.14362165904550506,0.12293622364120453,0.16471286739550786,1.0121865168354012,0.9657939220844585,1.059136630840552,0.7535294681137856,0.7325520580771524,0.7747051989736351,0.5602570314303247
d8,7,0.46669676602603594,0.4369378507084475,0.495759884891385,0.048292733021483625,0.03778886387603944,0.0590451821364517,0.9849180071269816,0.9571042420515519,1.0151878940687489,0.8830009041411394,0.8677644787320815,0.8979719639589027,0.47102447637238115
d8,8,0.4184040330045523,0.38787699695481803,0.44732829759347825,0.0,0.0,0.0,1.0,1.0,1.0,1.0,1.0,1.0,0.4209079963827609
d8,9,0.45122397162168726,0.4203411782050015,0.4812139350399385,0.03281993861713495,0.024089550882914538,0.04182219855879858,1.1280917993157171,1.099462920084928,1.1588840371728384,1.046039634677894,1.0315428363247336,1.0615943941296657,0.45368260440938135
d8,10,0.4317426414745783,0.4008402446931187,0.46123776457784166,0.013338608470025992,0.0037193140209147157,0.02308508260470226,1.0578744437558871,1.0294067074311235,1.0893118220143208,1.0251916099095175,1.0095412895920468,1.0424925017239643,0.4360424728274348
d8,11,0.43625636346577423,0.40579326113715614,0.4648463489405621,0.01785233046122192,0.005970036006815643,0.029909010940103342,1.045133784987554,1.0093705978601328,1.0835544790731364,1.002365185447689,0.9846875461862603,1.0223921050925995,0.4399336160810876
d8,12,0.41113142173827094,0.3812002969656483,0.44130593550595126,-0.00727261126628137,-0.022687013400503813,0.00862220714690322,1.100683782745544,1.0551795694004291,1.1485480331530764,1.120154066104485,1.0960491251023836,1.1463449518937385,0.41781201668495527
d8,13,0.42396336037013777,0.3933679827919052,0.45470843371602887,0.005559327365585454,-0.010902125456170269,0.02269872799804997,1.1151237182722027,1.0627297721158309,1.1722433532350018,1.1005013749697254,1.0742878117594015,1.1281801073501734,0.42711700869874625
d8,14,0.39230134671475503,0.35932212433220134,0.42421544376722825,-0.026102686289797283,-0.04494902499009181,-0.0074655591578497126,1.0757833094678473,1.0148491127869719,1.1402134621039561,1.1473630643628945,1.116579144892867,1.1826100729553264,0.39471997929994473
d8,15,0.36823994470268767,0.336476894770196,0.40032906927091944,-0.05016408830186464,-0.070626948989948,-0.02960483500113475,1.0959536564492538,1.024958723733688,1.168456108291183,1.2452517344762315,1.2083821276105822,1.2841737081272757,0.37116297515492247
d8,16,0.3583413449488743,0.3276073356327226,0.38673600351605775,-0.06006268805567799,-0.0793437539918874,-0.04107112756755708,1.1161021391771158,1.0468670909004352,1.1874868842813082,1.3031754299614495,1.2598827503603163,1.3479022644472798,0.3614900151191006
d8,17,0.3424641204393557,0.31267282779527933,0.370891813519511,-0.07593991256519661,-0.09677305580589533,-0.05523657344656148,1.145624259376425,1.071625920648082,1.22432043591031,1.3996614004877366,1.356423025943889,1.4451629480824268,0.34990310067965047
d8,18,0.3217905258629806,0.2900976077713873,0.3517672494782797,-0.09661350714157169,-0.11821893937417638,-0.07556449153059719,1.1328620198615829,1.0557195249604043,1.214306681839746,1.4729894134596044,1.4251550356107716,1.5225529189135836,0.32814049447660265
d8,19,0.30427625801536773,0.27466412372617804,0.3343437809499887,-0.11412777498918458,-0.1354216043107771,-0.09159144823314523,1.158740804741256,1.0737493735583312,1.251155965010989,1.593360681746637,1.5408278671111262,1.6495362453183908,0.3129311292857242
d8,20,0.2875574656006973,0.2583125706013315,0.3168890826582612,-0.13084656740385503,-0.1525167032024329,-0.10761163117121866,1.1112367821273408,1.0235987064309275,1.2051047880399626,1.6168801261821697,1.5612336745704114,1.6771486423598423,0.29626122213951334
d8,21,0.27840281606186484,0.24685464672510737,0.30972626959996796,-0.14000121694268747,-0.16385842389860703,-0.1153480577786748,1.0538270005282708,0.9613957323502941,1.1536297638468302,1.5837679853501891,1.5279744555014876,1.642562134459641,0.28721579103215583
d8,22,0.26623198132917986,0.2340938558817044,0.29825076130261813,-0.15217205167537246,-0.17647587895164862,-0.1263153687674592,1.0369355219654783,0.9315125563216753,1.1444933382472506,1.6296239174195881,1.5676449733180107,1.6958491182868438,0.2754546213182216
d8,23,0.2515136371594595,0.21906763704502732,0.2833088459381152,-0.1668903958450928,-0.19292086349444482,-0.1396905745451649,0.9823423828352849,0.8803452735225358,1.0909220364483123,1.6341698979487191,1.572241616065918,1.7005870039402424,0.25934087111771054
d8perp17,4,0.8050196115175706,0.7631646040133506,0.8518706865630237,0.3215606522790084,0.28136025953465416,0.36687302771184366,0.7086535502720894,0.6479183740403758,0.7668137758507427,0.42558579067334773,0.38690923588626114,0.4616591598693401,0.8819396786586805
d8perp17,5,0.6930233671216183,0.6542957707930602,0.7327658448330866,0.20956440788305603,0.17955115326031854,0.24027711815713654,0.8250104269700278,0.7728108799607555,0.8776375629742227,0.5755342479150433,0.5430433102173917,0.606316042992604,0.6797756485892192
d8perp17,6,0.5997916798592957,0.5625814246730318,0.6372184978001895,0.11633272062073347,0.09492785245288317,0.13836240646476564,0.9440991155758,0.9021114197309122,0.9862906195018667,0.7609861743020466,0.7384426094239588,0.782793935638945,0.5768862094310143
d8perp17,7,0.5152024753038118,0.4818494637038849,0.5486656953708327,0.031743516065249555,0.02036724889213765,0.04386123894422296,0.9591524246740998,0.9307146393061363,0.9892807054023673,0.9000555222694461,0.8835844250369599,0.9176908087111735,0.509396853844245
d8perp17,8,0.48345895923856225,0.45091894387808534,0.5145786011094956,0.0,0.0,0.0,1.0,1.0,1.0,1.0,1.0,1.0,0.4783480877146422
d8perp17,9,0.5178638940262147,0.4848235149320268,0.5491397612532791,0.03440493478765244,0.02354836250424458,0.04488834130550867,1.083931174748862,1.0539568946350426,1.1141626734444383,1.0119188529559657,0.9968365627042579,1.0284942356731086,0.5145779068191697
d8perp17,10,0.4998193786760643,0.4664107105848303,0.5323906643676686,0.01636041943750205,0.0032530529685312294,0.029602693195305833,0.9609976755116203,0.9249983858651075,0.9976007693919169,0.929541662158396,0.9111479760626768,0.9494878698230385,0.49672195132621627
d8perp17,11,0.5007748227483951,0.46473375851400833,0.5356498402205403,0.017315863509832885,0.0013095139219731558,0.03335266608489077,0.907051375740677,0.8673047858171984,0.9476829133422661,0.8756872234206171,0.8534339771109337,0.8982756643966997,0.49476667982046807
d8perp17,12,0.5165956378821241,0.47769807745624515,0.554257070769706,0.0331366786435619,0.010819276356242476,0.05641614622867079,0.9458393269018679,0.8959884280933622,0.9972892908551542,0.88516910143794,0.8594456245285721,0.9119119973258517,0.5111048544609601
d8perp17,13,0.555079566138992,0.5111159018125955,0.5980355395747582,0.07162060690042976,0.04370450714178921,0.10139955986686308,0.8997673538196292,0.839138240048286,0.9608234568895575,0.7836724948465297,0.752775995770757,0.8138901597758633,0.5438679830920923
d8perp17,14,0.5673595035534917,0.5182910581502043,0.6147851851650404,0.08390054431492949,0.050827768622333534,0.11941772287677048,0.851397336359261,0.7842491131100752,0.920222214474231,0.725493567229767,0.690248542208758,0.7620390035372161,0.5593568256191317
d8perp17,15,0.6981609539754474,0.6342934696580899,0.7617969744866085,0.21470199473688517,0.16521089564636138,0.2679674133772565,0.8332366468614003,0.7635769758523763,0.906857370853485,0.5769954905057735,0.5359417142833884,0.6167706551031666,0.9937928013669106
d8perp17,16,0.7963844547466814,0.7257917264515834,0.8709898681248581,0.31292549550811916,0.25332912363231963,0.38158213913910394,0.8414236611738516,0.771504111541347,0.9183172350009903,0.510800788595511,0.4654469688697206,0.5550744108701781,1.0803264918445277
d8perp17,17,1.1457511081664258,0.9953100668009256,1.343298041288102,0.6622921489278635,0.5156518083378888,0.8512627124049919,0.7943137201601244,0.7165589064904245,0.8751250019940962,0.335167107166999,0.28264347674428436,0.3869717690342322,0.9642440072292946
d8perp17,18,1.2994034580809348,1.0947789220771371,1.5838196458154223,0.8159444988423725,0.6137626641191899,1.1054057033847018,0.7748023616308979,0.6864980382343017,0.8631999168992698,0.28827470101000957,0.23074493652567543,0.3421358496873825,0.7995366214449602
d8perp17,19,1.4985990847818595,1.2250988328937436,1.9227310229577759,1.0151401255432972,0.7465378695330483,1.4404411097206506,0.7875234301682396,0.6932867297402215,0.8817858720454737,0.2540607836955543,0.19204304251696097,0.3133972452293077,5.022180295782494
d8perp17,20,1.865632937782451,1.4257107027163687,2.8028689677627803,1.3821739785438887,0.9445551327201518,2.324395605258357,0.7411189366468847,0.6492096032636325,0.8364823333421412,0.19205310033236228,0.12338484026811762,0.2558549223202541,0.7470094919891288
d8perp17,21,3.8260204309851127,2.1611296061778424,17.919984100427417,3.3425614717465506,1.6664207239159554,17.45251412870326,0.6618769497540754,0.559677219195575,0.762597791119309,0.08363529339275098,0.013862175950745674,0.14906435242013194,0.7623825017737306
d8perp17,22,8.869935332167486,-86.57520408720254,94.4624417703471,8.386476372928923,-87.06168736367614,93.99193259008895,0.635079924320739,0.523585942149135,0.7474323227372871,0.034615255663919396,-0.038377131461570846,0.1031719329398554,4.331529788171905
d8perp17,23,22.91186800052104,-105.92488316976856,135.08967671218974,22.428409041282478,-106.39660192668565,134.60908103822254,0.5915613729506597,0.4762213288325208,0.7047731913967534,0.012482423767715365,-0.06037029720001976,0.08461664455688424,11.900026114494109
d17,4,0.7020222522142636,0.6610856804869032,0.7465299109790574,0.3949998007796282,0.34142873629780085,0.4504626355241137,1.0025301785305114,0.8859250850120254,1.1432715296106364,0.4384466049029129,0.39872826907389325,0.47666829700121793,-0.07805312456568742
d17,5,0.5865392502743295,0.5452556092930255,0.6312784049871124,0.2795167988396941,0.23698536346812987,0.32772467798022475,1.0543335119201542,0.9393350271576281,1.203620452745223,0.5518881461181241,0.5151720167970271,0.5860890198836173,0.6377810609919528
d17,6,0.49560171288868954,0.4546127986925008,0.5342194539570925,0.18857926145405413,0.15790121544796512,0.22080220399482234,1.195806187927033,1.0890714963517647,1.3251013999241104,0.7407951540726863,0.7124564470562775,0.7694682974089115,0.44255474232057124
d17,7,0.37914700658233697,0.3409099459753369,0.41573349169930124,0.07212455514770155,0.05601838270077827,0.08868608764809223,1.054403360505233,0.9934050463749295,1.1245926566294915,0.8538258219715967,0.8324047138279209,0.8748805074786797,0.20239165594022168
d17,8,0.3070224514346354,0.26713223242219697,0.3463542071630753,0.0,0.0,0.0,1.0,1.0,1.0,1.0,1.0,1.0,0.27908645167583285
d17,9,0.34671247362231433,0.30992933349617946,0.3857415794203448,0.03969002218767892,0.024644451321892368,0.05637713856771855,1.2471930043148882,1.17794049510543,1.3382264678344247,1.104420183088101,1.0819410737482076,1.1282246132154774,0.3399493542428077
d17,10,0.34065670541044896,0.30534339026243523,0.37872945755003457,0.033634253975813544,0.016844411332745342,0.05154037287943235,1.3191788595442493,1.2391952371630677,1.4194349103836015,1.1889316162147057,1.1613871239029123,1.2176705561472863,0.38763488253369005
d17,11,0.35695210977143876,0.32429622049058965,0.3914006258099314,0.04992965833680335,0.029894444421101375,0.07187975329399103,1.4174473955268894,1.318480687245629,1.5488228135791922,1.2191780416509141,1.1894020979462887,1.2540773642460719,0.3622882396927598
d17,12,0.30617841157659736,0.2767599013861705,0.3362377756064905,-0.0008440398580380482,-0.022506049954874294,0.024141759907874063,1.5182165130946883,1.4015526710226973,1.6767785634761032,1.522401769800362,1.4770299335625452,1.572305703226563,0.3171905675038159
d17,13,0.31690814502040804,0.28732851622081956,0.34713094532749755,0.009885693585772626,-0.013820364098558724,0.035862530547831645,1.6957416462183348,1.5541229507680787,1.8834433950666445,1.6428443553832612,1.5892555625545304,1.7003068495235205,0.3224778177861944
d17,14,0.2760198854084958,0.24429013776772948,0.30813095268928975,-0.0310025660261396,-0.05533332220971564,-0.004010768663109275,1.6807342907001108,1.5274943699491694,1.8697074472518744,1.8695144423283572,1.8039637053155935,1.9421872063003598,0.281372301210022
d17,15,0.23183896489260264,0.2017651489273593,0.26190769730144614,-0.07518348654203277,-0.10178366472554351,-0.04668625368516497,1.8041492158933472,1.6207376978053636,2.0260653683779317,2.3892201005730276,2.2980576959877292,2.4838958127286492,0.23813453720984762
d17,16,0.21429454672771753,0.18498339611629994,0.24480261313408977,-0.09272790470691789,-0.12043823777122434,-0.06427751787326864,1.8563428268080362,1.663522903136838,2.0698585814961654,2.6596053613714585,2.560791377102771,2.7618184490700712,0.21784249309623802
d17,17,0.19938312640992642,0.17223472239762927,0.2290238935885852,-0.10763932502470899,-0.1363119069077193,-0.07861071647015946,2.092361561646751,1.8681917845444642,2.3531045687589627,3.221947551487511,3.1002577351089755,3.3458569827073656,0.20749663899729198
d17,18,0.1839484105413628,0.15582952963280902,0.21632715867654367,-0.12307404089327262,-0.1529693820050681,-0.09295119965458122,2.09766679325475,1.8435186458900161,2.3897352005425248,3.5011490409876993,3.3670628960987976,3.6355016726769684,0.19219780706824982
d17,19,0.17056595989721646,0.14294054541411833,0.20272266299763483,-0.13645649153741896,-0.16828906408231398,-0.10499130022494665,2.1589536362456294,1.872231291418123,2.484775994901162,3.8861636772852384,3.7358677871862156,4.041244052679569,0.1789218685002007
d17,20,0.1596012418077079,0.1317406805692311,0.1921120274384727,-0.1474212096269275,-0.1799948430308254,-0.11494263731717379,2.1085019458538303,1.8038488269408441,2.461174958809239,4.056092727966969,3.8962209166712336,4.21937114703621,0.1689261256596269
d17,21,0.15602174498361035,0.12783405624457905,0.18922109783803134,-0.15100070645102506,-0.18285474022214884,-0.11903634027009262,2.1098939292905974,1.7846728963852125,2.464147118310553,4.151887972448343,3.990148668042471,4.3204058850053775,0.16280501253396845
d17,22,0.1492486916778705,0.12252318734960467,0.1811975571464941,-0.15777375975676491,-0.18937818341870913,-0.12523675533940504,2.1195744205509617,1.7920957674441764,2.492097102498845,4.36021868788142,4.186128394440748,4.539716533418837,0.15659317022637836
d17,23,0.1416539598313198,0.11503837043469269,0.17135983188915616,-0.16536849160331563,-0.19853447700687343,-0.1320552690768824,2.034861095428439,1.6967558298437002,2.4120982658147874,4.410381768298966,4.241670900416505,4.595075708007808,0.1492822248641993
own,4,0.7688142518323647,0.740427542194864,0.8025855837820188,0.3504102188278124,0.31406303479421516,0.38923805522580274,0.9796144610242773,0.9194471232849886,1.0460350909365543,0.5331257066388373,0.4992916067330478,0.5656602098588339,0.8539631924653168
own,6,0.5442234002595896,0.5123522110151417,0.5752653908150225,0.12581936725503728,0.10610200996287746,0.14635889389087325,1.0895246300637618,1.0425423250168318,1.1413119751222545,0.8376367114295876,0.8174813442541843,0.8587143588231544,0.543092047012109
own,8,0.4184040330045523,0.38787699695481803,0.44732829759347825,0.0,0.0,0.0,1.0,1.0,1.0,1.0,1.0,1.0,0.4209079963827609
own,10,0.42696691196839626,0.39641379856507697,0.45676826659564695,0.008562878963843945,-0.0011008999263714223,0.01846513145401918,1.1243806320968717,1.0921424541009706,1.15887136393618,1.1018310269821585,1.0854785521542791,1.1201058275187852,0.4324786859191262
own,12,0.38146790340758274,0.35260470771415564,0.4103766211014767,-0.03693612959696957,-0.05311450339590482,-0.021193550688799564,1.1441100159265665,1.0934191822590746,1.1999248723255063,1.2548899673824103,1.2290052957175115,1.284206958884968,0.39089225953847506
own,14,0.3185485235791758,0.28999712084201457,0.3462367838166117,-0.09985550942537652,-0.11808602963583116,-0.0819037481871546,1.059371722986525,0.999974535280765,1.121490216886873,1.3914533219877694,1.3588561170109532,1.429389006154829,0.3245749407091379
own,16,0.24854190042440474,0.22008287785945635,0.2773664336699229,-0.16986213258014757,-0.19403781834810047,-0.1471272630656822,1.0464940632994766,0.9552978992675278,1.1372580364354299,1.7617043076123042,1.7101646193710305,1.8153820853032123,0.2531779389308667
own,17,0.19938312640992642,0.17223472239762927,0.2290238935885852,-0.2190209065946259,-0.24361266613080945,-0.1941512163169283,0.9591717027993913,0.8559120794731497,1.0664106543793739,2.0128148054515065,1.9472286947172917,2.081070643033581,0.20749663899729198
