paradigm,metric,removed_band,removed_good_lemma,removed_bad_lemma,baseline_difference,after_difference,sign_change
passive_1,mean_margin,head,bet,appear,2.152186016180562,2.1575938922778013,0
passive_1,mean_margin,head,blame,struggle,2.152186016180562,2.2390201908961176,0
passive_1,mean_margin,head,celebrate,reply,2.152186016180562,2.0214557845011596,0
passive_1,mean_margin,head,confront,testify,2.152186016180562,2.1287096912279955,0
passive_1,mean_margin,head,crown,object,2.152186016180562,2.1548974377528074,0
passive_1,mean_margin,head,defend,participate,2.152186016180562,2.223324598731124,0
passive_1,mean_margin,head,earn,occur,2.152186016180562,2.0403486496821275,0
passive_1,mean_margin,head,exhibit,proceed,2.152186016180562,2.0992024762049555,0
passive_1,mean_margin,head,hate,listen,2.152186016180562,2.3285295659914853,0
passive_1,mean_margin,head,host,exist,2.152186016180562,1.9553516600147125,0
passive_1,mean_margin,head,impose,emerge,2.152186016180562,2.045962684811676,0
passive_1,mean_margin,head,include,happen,2.152186016180562,2.144223411740387,0
passive_1,mean_margin,head,insure,vanish,2.152186016180562,2.150131217898452,0
passive_1,mean_margin,head,introduce,arrive,2.152186016180562,2.235454228581511,0
passive_1,mean_margin,head,lease,apologize,2.152186016180562,2.1004209000483387,0
passive_1,mean_margin,head,lend,opt,2.152186016180562,2.1150850859895582,0
passive_1,mean_margin,head,load,respond,2.152186016180562,2.222972944439971,0
passive_1,mean_margin,head,measure,laugh,2.152186016180562,2.004777525128447,0
passive_1,mean_margin,head,rate,result,2.152186016180562,2.2381090015784144,0
passive_1,mean_margin,head,rob,belong,2.152186016180562,2.001940897168242,0
passive_1,mean_margin,head,score,remain,2.152186016180562,2.2105335933581225,0
passive_1,mean_margin,head,send,die,2.152186016180562,2.1172742444888,0
passive_1,mean_margin,head,sum,compete,2.152186016180562,2.4165883547678826,0
passive_1,mean_margin,head,target,lie,2.152186016180562,2.100134573639953,0
passive_1,mean_margin,head,thank,matter,2.152186016180562,2.230070360364043,0
passive_1,mean_margin,head,upgrade,complain,2.152186016180562,2.274723449410522,0
passive_1,mean_margin,xtail,blab,loll,2.152186016180562,2.132388172470397,0
passive_1,mean_margin,xtail,blaspheme,seethe,2.152186016180562,2.1864809502516804,0
passive_1,mean_margin,xtail,clout,grouse,2.152186016180562,2.0827931568147253,0
passive_1,mean_margin,xtail,crate,lumber,2.152186016180562,2.0694189422409437,0
passive_1,mean_margin,xtail,daub,resound,2.152186016180562,2.158224768232751,0
passive_1,mean_margin,xtail,debug,tingle,2.152186016180562,2.1834999732755866,0
passive_1,mean_margin,xtail,disabuse,sidle,2.152186016180562,2.1285325044430623,0
passive_1,mean_margin,xtail,disgorge,exult,2.152186016180562,2.185644533957918,0
passive_1,mean_margin,xtail,disquiet,goggle,2.152186016180562,2.1418756167392026,0
passive_1,mean_margin,xtail,doff,salivate,2.152186016180562,2.184960350585458,0
passive_1,mean_margin,xtail,edify,toddle,2.152186016180562,2.119329424108077,0
passive_1,mean_margin,xtail,espy,scram,2.152186016180562,2.0190660773612086,0
passive_1,mean_margin,xtail,extirpate,vegetate,2.152186016180562,2.0598318919489103,0
passive_1,mean_margin,xtail,filch,smolder,2.152186016180562,2.2120864519513974,0
passive_1,mean_margin,xtail,garland,banter,2.152186016180562,2.1461303822246727,0
passive_1,mean_margin,xtail,gull,desist,2.152186016180562,2.212415666175647,0
passive_1,mean_margin,xtail,guzzle,commiserate,2.152186016180562,2.1147884107562644,0
passive_1,mean_margin,xtail,heft,hibernate,2.152186016180562,2.1956642982941528,0
passive_1,mean_margin,xtail,immolate,vacillate,2.152186016180562,2.231878051523559,0
passive_1,mean_margin,xtail,incriminate,sulk,2.152186016180562,2.181867402910485,0
passive_1,mean_margin,xtail,lard,fizz,2.152186016180562,2.0556870840610575,0
passive_1,mean_margin,xtail,lather,slouch,2.152186016180562,2.12375525555127,0
passive_1,mean_margin,xtail,lug,drool,2.152186016180562,2.2031698598637632,0
passive_1,mean_margin,xtail,mistrust,coexist,2.152186016180562,2.171911116032483,0
passive_1,mean_margin,xtail,mulch,bustle,2.152186016180562,2.0514400458516464,0
passive_1,mean_margin,xtail,obviate,teem,2.152186016180562,2.255794723901843,0
passive_1,mean_margin,xtail,ogle,wallow,2.152186016180562,2.1237842527547945,0
passive_1,mean_margin,xtail,outshine,gape,2.152186016180562,2.086185695136596,0
passive_1,mean_margin,xtail,perm,fawn,2.152186016180562,2.281715028281326,0
passive_1,mean_margin,xtail,pigeonhole,hitchhike,2.152186016180562,2.115996137590397,0
passive_1,mean_margin,xtail,placate,crackle,2.152186016180562,2.1520739048992175,0
passive_1,mean_margin,xtail,prise,jut,2.152186016180562,2.0764640263573533,0
passive_1,mean_margin,xtail,rearm,totter,2.152186016180562,2.252830840522445,0
passive_1,mean_margin,xtail,recompense,leer,2.152186016180562,2.18987878559186,0
passive_1,mean_margin,xtail,redress,pant,2.152186016180562,2.1514973867273133,0
passive_1,mean_margin,xtail,regale,writhe,2.152186016180562,2.196134948179945,0
passive_1,mean_margin,xtail,reproach,whiz,2.152186016180562,2.1824444263533955,0
passive_1,mean_margin,xtail,reprove,remonstrate,2.152186016180562,2.025719808099737,0
passive_1,mean_margin,xtail,resupply,slog,2.152186016180562,2.2645029369634315,0
passive_1,mean_margin,xtail,shoo,quiver,2.152186016180562,2.09568694092172,0
passive_1,mean_margin,xtail,shoplift,eventuate,2.152186016180562,2.2641148613266457,0
passive_1,mean_margin,xtail,stopper,quack,2.152186016180562,2.1313368855887207,0
passive_1,mean_margin,xtail,suckle,defecate,2.152186016180562,2.0526985489104765,0
passive_1,mean_margin,xtail,sunder,eavesdrop,2.152186016180562,2.289843644451409,0
passive_1,mean_margin,xtail,swaddle,decamp,2.152186016180562,2.187702129964377,0
passive_1,mean_margin,xtail,tithe,putter,2.152186016180562,2.0285151043077194,0
passive_1,mean_margin,xtail,unlatch,burgeon,2.152186016180562,2.197075173422668,0
passive_1,mean_margin,xtail,wad,shimmer,2.152186016180562,2.073601468664558,0
passive_1,mean_margin,xtail,wag,bask,2.152186016180562,2.2618718307205894,0
passive_1,mean_margin,xtail,wallop,gloat,2.152186016180562,2.11899093176324,0
passive_1,accuracy,head,bet,appear,0.010000000000000009,0.010000000000000009,0
passive_1,accuracy,head,blame,struggle,0.010000000000000009,0.010000000000000009,0
passive_1,accuracy,head,celebrate,reply,0.010000000000000009,0.010000000000000009,0
passive_1,accuracy,head,confront,testify,0.010000000000000009,0.010000000000000009,0
passive_1,accuracy,head,crown,object,0.010000000000000009,0.010000000000000009,0
passive_1,accuracy,head,defend,participate,0.010000000000000009,0.010000000000000009,0
passive_1,accuracy,head,earn,occur,0.010000000000000009,0.010000000000000009,0
passive_1,accuracy,head,exhibit,proceed,0.010000000000000009,0.010000000000000009,0
passive_1,accuracy,head,hate,listen,0.010000000000000009,0.010000000000000009,0
passive_1,accuracy,head,host,exist,0.010000000000000009,0.010000000000000009,0
passive_1,accuracy,head,impose,emerge,0.010000000000000009,0.010000000000000009,0
passive_1,accuracy,head,include,happen,0.010000000000000009,0.010000000000000009,0
passive_1,accuracy,head,insure,vanish,0.010000000000000009,0.010000000000000009,0
passive_1,accuracy,head,introduce,arrive,0.010000000000000009,0.010000000000000009,0
passive_1,accuracy,head,lease,apologize,0.010000000000000009,0.010000000000000009,0
passive_1,accuracy,head,lend,opt,0.010000000000000009,0.010000000000000009,0
passive_1,accuracy,head,load,respond,0.010000000000000009,0.010000000000000009,0
passive_1,accuracy,head,measure,laugh,0.010000000000000009,0.010000000000000009,0
passive_1,accuracy,head,rate,result,0.010000000000000009,0.010000000000000009,0
passive_1,accuracy,head,rob,belong,0.010000000000000009,0.010000000000000009,0
passive_1,accuracy,head,score,remain,0.010000000000000009,0.010000000000000009,0
passive_1,accuracy,head,send,die,0.010000000000000009,0.010000000000000009,0
passive_1,accuracy,head,sum,compete,0.010000000000000009,0.010000000000000009,0
passive_1,accuracy,head,target,lie,0.010000000000000009,0.010000000000000009,0
passive_1,accuracy,head,thank,matter,0.010000000000000009,0.010000000000000009,0
passive_1,accuracy,head,upgrade,complain,0.010000000000000009,0.010000000000000009,0
passive_1,accuracy,xtail,blab,loll,0.010000000000000009,0.010204081632653073,0
passive_1,accuracy,xtail,blaspheme,seethe,0.010000000000000009,0.010204081632653073,0
passive_1,accuracy,xtail,clout,grouse,0.010000000000000009,0.010204081632653073,0
passive_1,accuracy,xtail,crate,lumber,0.010000000000000009,0.010204081632653073,0
passive_1,accuracy,xtail,daub,resound,0.010000000000000009,0.010204081632653073,0
passive_1,accuracy,xtail,debug,tingle,0.010000000000000009,0.010204081632653073,0
passive_1,accuracy,xtail,disabuse,sidle,0.010000000000000009,0.010204081632653073,0
passive_1,accuracy,xtail,disgorge,exult,0.010000000000000009,0.010204081632653073,0
passive_1,accuracy,xtail,disquiet,goggle,0.010000000000000009,0.010204081632653073,0
passive_1,accuracy,xtail,doff,salivate,0.010000000000000009,0.010204081632653073,0
passive_1,accuracy,xtail,edify,toddle,0.010000000000000009,0.010204081632653073,0
passive_1,accuracy,xtail,espy,scram,0.010000000000000009,0.0,1
passive_1,accuracy,xtail,extirpate,vegetate,0.010000000000000009,0.010204081632653073,0
passive_1,accuracy,xtail,filch,smolder,0.010000000000000009,0.010204081632653073,0
passive_1,accuracy,xtail,garland,banter,0.010000000000000009,0.010204081632653073,0
passive_1,accuracy,xtail,gull,desist,0.010000000000000009,0.010204081632653073,0
passive_1,accuracy,xtail,guzzle,commiserate,0.010000000000000009,0.010204081632653073,0
passive_1,accuracy,xtail,heft,hibernate,0.010000000000000009,0.010204081632653073,0
passive_1,accuracy,xtail,immolate,vacillate,0.010000000000000009,0.010204081632653073,0
passive_1,accuracy,xtail,incriminate,sulk,0.010000000000000009,0.010204081632653073,0
passive_1,accuracy,xtail,lard,fizz,0.010000000000000009,0.010204081632653073,0
passive_1,accuracy,xtail,lather,slouch,0.010000000000000009,0.010204081632653073,0
passive_1,accuracy,xtail,lug,drool,0.010000000000000009,0.010204081632653073,0
passive_1,accuracy,xtail,mistrust,coexist,0.010000000000000009,0.010204081632653073,0
passive_1,accuracy,xtail,mulch,bustle,0.010000000000000009,0.010204081632653073,0
passive_1,accuracy,xtail,obviate,teem,0.010000000000000009,0.010204081632653073,0
passive_1,accuracy,xtail,ogle,wallow,0.010000000000000009,0.010204081632653073,0
passive_1,accuracy,xtail,outshine,gape,0.010000000000000009,0.010204081632653073,0
passive_1,accuracy,xtail,perm,fawn,0.010000000000000009,0.010204081632653073,0
passive_1,accuracy,xtail,pigeonhole,hitchhike,0.010000000000000009,0.010204081632653073,0
passive_1,accuracy,xtail,placate,crackle,0.010000000000000009,0.010204081632653073,0
passive_1,accuracy,xtail,prise,jut,0.010000000000000009,0.010204081632653073,0
passive_1,accuracy,xtail,rearm,totter,0.010000000000000009,0.010204081632653073,0
passive_1,accuracy,xtail,recompense,leer,0.010000000000000009,0.010204081632653073,0
passive_1,accuracy,xtail,redress,pant,0.010000000000000009,0.010204081632653073,0
passive_1,accuracy,xtail,regale,writhe,0.010000000000000009,0.010204081632653073,0
passive_1,accuracy,xtail,reproach,whiz,0.010000000000000009,0.010204081632653073,0
passive_1,accuracy,xtail,reprove,remonstrate,0.010000000000000009,0.010204081632653073,0
passive_1,accuracy,xtail,resupply,slog,0.010000000000000009,0.010204081632653073,0
passive_1,accuracy,xtail,shoo,quiver,0.010000000000000009,0.010204081632653073,0
passive_1,accuracy,xtail,shoplift,eventuate,0.010000000000000009,0.010204081632653073,0
passive_1,accuracy,xtail,stopper,quack,0.010000000000000009,0.010204081632653073,0
passive_1,accuracy,xtail,suckle,defecate,0.010000000000000009,0.010204081632653073,0
passive_1,accuracy,xtail,sunder,eavesdrop,0.010000000000000009,0.010204081632653073,0
passive_1,accuracy,xtail,swaddle,decamp,0.010000000000000009,0.010204081632653073,0
passive_1,accuracy,xtail,tithe,putter,0.010000000000000009,0.010204081632653073,0
passive_1,accuracy,xtail,unlatch,burgeon,0.010000000000000009,0.010204081632653073,0
passive_1,accuracy,xtail,wad,shimmer,0.010000000000000009,0.010204081632653073,0
passive_1,accuracy,xtail,wag,bask,0.010000000000000009,0.010204081632653073,0
passive_1,accuracy,xtail,wallop,gloat,0.010000000000000009,0.010204081632653073,0
passive_2,mean_margin,head,bet,appear,1.7481153560315628,1.8589536038442747,0
passive_2,mean_margin,head,blame,struggle,1.7481153560315628,1.824527806381811,0
passive_2,mean_margin,head,celebrate,reply,1.7481153560315628,1.6071290675207273,0
passive_2,mean_margin,head,confront,testify,1.7481153560315628,1.7349621478124755,0
passive_2,mean_margin,head,crown,object,1.7481153560315628,1.6561304656072746,0
passive_2,mean_margin,head,defend,participate,1.7481153560315628,1.7435885325475828,0
passive_2,mean_margin,head,earn,occur,1.7481153560315628,1.6290665117307794,0
passive_2,mean_margin,head,exhibit,proceed,1.7481153560315628,1.779649795631994,0
passive_2,mean_margin,head,hate,listen,1.7481153560315628,1.8953120318456786,0
passive_2,mean_margin,head,host,exist,1.7481153560315628,1.7966092148824826,0
passive_2,mean_margin,head,impose,emerge,1.7481153560315628,1.6333368960424552,0
passive_2,mean_margin,head,include,happen,1.7481153560315628,1.8874688139959472,0
passive_2,mean_margin,head,insure,vanish,1.7481153560315628,1.9183919898077146,0
passive_2,mean_margin,head,introduce,arrive,1.7481153560315628,1.9265806499525207,0
passive_2,mean_margin,head,lease,apologize,1.7481153560315628,1.6311282626196038,0
passive_2,mean_margin,head,lend,opt,1.7481153560315628,1.7878529826208247,0
passive_2,mean_margin,head,load,respond,1.7481153560315628,1.6315189162298331,0
passive_2,mean_margin,head,measure,laugh,1.7481153560315628,1.5446231547399654,0
passive_2,mean_margin,head,rate,result,1.7481153560315628,1.8152880564733636,0
passive_2,mean_margin,head,rob,belong,1.7481153560315628,1.509280151466955,0
passive_2,mean_margin,head,score,remain,1.7481153560315628,1.7818137541814938,0
passive_2,mean_margin,head,send,die,1.7481153560315628,1.721679667572607,0
passive_2,mean_margin,head,sum,compete,1.7481153560315628,1.9857286444708002,0
passive_2,mean_margin,head,target,lie,1.7481153560315628,1.6887997141882076,0
passive_2,mean_margin,head,thank,matter,1.7481153560315628,1.8057738200231688,0
passive_2,mean_margin,head,upgrade,complain,1.7481153560315628,1.6558046046301023,0
passive_2,mean_margin,xtail,blab,loll,1.7481153560315628,1.7439001775442184,0
passive_2,mean_margin,xtail,blaspheme,seethe,1.7481153560315628,1.7609252579610448,0
passive_2,mean_margin,xtail,clout,grouse,1.7481153560315628,1.7171999357489147,0
passive_2,mean_margin,xtail,crate,lumber,1.7481153560315628,1.689025740994528,0
passive_2,mean_margin,xtail,daub,resound,1.7481153560315628,1.7164488712579171,0
passive_2,mean_margin,xtail,debug,tingle,1.7481153560315628,1.7785473246774046,0
passive_2,mean_margin,xtail,disabuse,sidle,1.7481153560315628,1.8012084482922388,0
passive_2,mean_margin,xtail,disgorge,exult,1.7481153560315628,1.7605798921004219,0
passive_2,mean_margin,xtail,disquiet,goggle,1.7481153560315628,1.771249371865924,0
passive_2,mean_margin,xtail,doff,salivate,1.7481153560315628,1.8236872489322238,0
passive_2,mean_margin,xtail,edify,toddle,1.7481153560315628,1.787039950718122,0
passive_2,mean_margin,xtail,espy,scram,1.7481153560315628,1.5839177771490904,0
passive_2,mean_margin,xtail,extirpate,vegetate,1.7481153560315628,1.6883284549837514,0
passive_2,mean_margin,xtail,filch,smolder,1.7481153560315628,1.7398155229166603,0
passive_2,mean_margin,xtail,garland,banter,1.7481153560315628,1.8229171881756763,0
passive_2,mean_margin,xtail,gull,desist,1.7481153560315628,1.7221568305121844,0
passive_2,mean_margin,xtail,guzzle,commiserate,1.7481153560315628,1.753236236506928,0
passive_2,mean_margin,xtail,heft,hibernate,1.7481153560315628,1.7418114450423268,0
passive_2,mean_margin,xtail,immolate,vacillate,1.7481153560315628,1.7770156817017009,0
passive_2,mean_margin,xtail,incriminate,sulk,1.7481153560315628,1.7354546009126208,0
passive_2,mean_margin,xtail,lard,fizz,1.7481153560315628,1.7323837127460964,0
passive_2,mean_margin,xtail,lather,slouch,1.7481153560315628,1.6510141786112316,0
passive_2,mean_margin,xtail,lug,drool,1.7481153560315628,1.741098793912534,0
passive_2,mean_margin,xtail,mistrust,coexist,1.7481153560315628,1.7807776407168072,0
passive_2,mean_margin,xtail,mulch,bustle,1.7481153560315628,1.7111988006212382,0
passive_2,mean_margin,xtail,obviate,teem,1.7481153560315628,1.8355267530602228,0
passive_2,mean_margin,xtail,ogle,wallow,1.7481153560315628,1.7301949274023425,0
passive_2,mean_margin,xtail,outshine,gape,1.7481153560315628,1.6638758625759609,0
passive_2,mean_margin,xtail,perm,fawn,1.7481153560315628,1.8298649726321958,0
passive_2,mean_margin,xtail,pigeonhole,hitchhike,1.7481153560315628,1.7285344251146881,0
passive_2,mean_margin,xtail,placate,crackle,1.7481153560315628,1.7404694697839114,0
passive_2,mean_margin,xtail,prise,jut,1.7481153560315628,1.6764108047497972,0
passive_2,mean_margin,xtail,rearm,totter,1.7481153560315628,1.814100039628741,0
passive_2,mean_margin,xtail,recompense,leer,1.7481153560315628,1.7893653473988325,0
passive_2,mean_margin,xtail,redress,pant,1.7481153560315628,1.8170506825709065,0
passive_2,mean_margin,xtail,regale,writhe,1.7481153560315628,1.7430969244819972,0
passive_2,mean_margin,xtail,reproach,whiz,1.7481153560315628,1.750276354730783,0
passive_2,mean_margin,xtail,reprove,remonstrate,1.7481153560315628,1.6702343855737878,0
passive_2,mean_margin,xtail,resupply,slog,1.7481153560315628,1.8182391826520004,0
passive_2,mean_margin,xtail,shoo,quiver,1.7481153560315628,1.7397214309597953,0
passive_2,mean_margin,xtail,shoplift,eventuate,1.7481153560315628,1.8537799175627203,0
passive_2,mean_margin,xtail,stopper,quack,1.7481153560315628,1.7456194252460433,0
passive_2,mean_margin,xtail,suckle,defecate,1.7481153560315628,1.6403707849736566,0
passive_2,mean_margin,xtail,sunder,eavesdrop,1.7481153560315628,1.831040562197079,0
passive_2,mean_margin,xtail,swaddle,decamp,1.7481153560315628,1.8134262081502195,0
passive_2,mean_margin,xtail,tithe,putter,1.7481153560315628,1.687484976512482,0
passive_2,mean_margin,xtail,unlatch,burgeon,1.7481153560315628,1.7727451032367796,0
passive_2,mean_margin,xtail,wad,shimmer,1.7481153560315628,1.6742479751761312,0
passive_2,mean_margin,xtail,wag,bask,1.7481153560315628,1.795279994835096,0
passive_2,mean_margin,xtail,wallop,gloat,1.7481153560315628,1.7138722057701825,0
passive_2,accuracy,head,bet,appear,0.040000000000000036,0.040000000000000036,0
passive_2,accuracy,head,blame,struggle,0.040000000000000036,0.040000000000000036,0
passive_2,accuracy,head,celebrate,reply,0.040000000000000036,0.040000000000000036,0
passive_2,accuracy,head,confront,testify,0.040000000000000036,0.040000000000000036,0
passive_2,accuracy,head,crown,object,0.040000000000000036,0.040000000000000036,0
passive_2,accuracy,head,defend,participate,0.040000000000000036,0.040000000000000036,0
passive_2,accuracy,head,earn,occur,0.040000000000000036,0.040000000000000036,0
passive_2,accuracy,head,exhibit,proceed,0.040000000000000036,0.040000000000000036,0
passive_2,accuracy,head,hate,listen,0.040000000000000036,0.040000000000000036,0
passive_2,accuracy,head,host,exist,0.040000000000000036,0.040000000000000036,0
passive_2,accuracy,head,impose,emerge,0.040000000000000036,0.040000000000000036,0
passive_2,accuracy,head,include,happen,0.040000000000000036,0.040000000000000036,0
passive_2,accuracy,head,insure,vanish,0.040000000000000036,0.040000000000000036,0
passive_2,accuracy,head,introduce,arrive,0.040000000000000036,0.040000000000000036,0
passive_2,accuracy,head,lease,apologize,0.040000000000000036,0.040000000000000036,0
passive_2,accuracy,head,lend,opt,0.040000000000000036,0.040000000000000036,0
passive_2,accuracy,head,load,respond,0.040000000000000036,0.040000000000000036,0
passive_2,accuracy,head,measure,laugh,0.040000000000000036,0.040000000000000036,0
passive_2,accuracy,head,rate,result,0.040000000000000036,0.040000000000000036,0
passive_2,accuracy,head,rob,belong,0.040000000000000036,0.040000000000000036,0
passive_2,accuracy,head,score,remain,0.040000000000000036,0.040000000000000036,0
passive_2,accuracy,head,send,die,0.040000000000000036,0.040000000000000036,0
passive_2,accuracy,head,sum,compete,0.040000000000000036,0.040000000000000036,0
passive_2,accuracy,head,target,lie,0.040000000000000036,0.040000000000000036,0
passive_2,accuracy,head,thank,matter,0.040000000000000036,0.040000000000000036,0
passive_2,accuracy,head,upgrade,complain,0.040000000000000036,0.040000000000000036,0
passive_2,accuracy,xtail,blab,loll,0.040000000000000036,0.04081632653061229,0
passive_2,accuracy,xtail,blaspheme,seethe,0.040000000000000036,0.04081632653061229,0
passive_2,accuracy,xtail,clout,grouse,0.040000000000000036,0.04081632653061229,0
passive_2,accuracy,xtail,crate,lumber,0.040000000000000036,0.04081632653061229,0
passive_2,accuracy,xtail,daub,resound,0.040000000000000036,0.04081632653061229,0
passive_2,accuracy,xtail,debug,tingle,0.040000000000000036,0.04081632653061229,0
passive_2,accuracy,xtail,disabuse,sidle,0.040000000000000036,0.04081632653061229,0
passive_2,accuracy,xtail,disgorge,exult,0.040000000000000036,0.04081632653061229,0
passive_2,accuracy,xtail,disquiet,goggle,0.040000000000000036,0.04081632653061229,0
passive_2,accuracy,xtail,doff,salivate,0.040000000000000036,0.04081632653061229,0
passive_2,accuracy,xtail,edify,toddle,0.040000000000000036,0.04081632653061229,0
passive_2,accuracy,xtail,espy,scram,0.040000000000000036,0.020408163265306145,0
passive_2,accuracy,xtail,extirpate,vegetate,0.040000000000000036,0.04081632653061229,0
passive_2,accuracy,xtail,filch,smolder,0.040000000000000036,0.04081632653061229,0
passive_2,accuracy,xtail,garland,banter,0.040000000000000036,0.04081632653061229,0
passive_2,accuracy,xtail,gull,desist,0.040000000000000036,0.04081632653061229,0
passive_2,accuracy,xtail,guzzle,commiserate,0.040000000000000036,0.04081632653061229,0
passive_2,accuracy,xtail,heft,hibernate,0.040000000000000036,0.04081632653061229,0
passive_2,accuracy,xtail,immolate,vacillate,0.040000000000000036,0.04081632653061229,0
passive_2,accuracy,xtail,incriminate,sulk,0.040000000000000036,0.04081632653061229,0
passive_2,accuracy,xtail,lard,fizz,0.040000000000000036,0.04081632653061229,0
passive_2,accuracy,xtail,lather,slouch,0.040000000000000036,0.04081632653061229,0
passive_2,accuracy,xtail,lug,drool,0.040000000000000036,0.04081632653061229,0
passive_2,accuracy,xtail,mistrust,coexist,0.040000000000000036,0.04081632653061229,0
passive_2,accuracy,xtail,mulch,bustle,0.040000000000000036,0.04081632653061229,0
passive_2,accuracy,xtail,obviate,teem,0.040000000000000036,0.04081632653061229,0
passive_2,accuracy,xtail,ogle,wallow,0.040000000000000036,0.04081632653061229,0
passive_2,accuracy,xtail,outshine,gape,0.040000000000000036,0.04081632653061229,0
passive_2,accuracy,xtail,perm,fawn,0.040000000000000036,0.04081632653061229,0
passive_2,accuracy,xtail,pigeonhole,hitchhike,0.040000000000000036,0.04081632653061229,0
passive_2,accuracy,xtail,placate,crackle,0.040000000000000036,0.04081632653061229,0
passive_2,accuracy,xtail,prise,jut,0.040000000000000036,0.04081632653061229,0
passive_2,accuracy,xtail,rearm,totter,0.040000000000000036,0.04081632653061229,0
passive_2,accuracy,xtail,recompense,leer,0.040000000000000036,0.04081632653061229,0
passive_2,accuracy,xtail,redress,pant,0.040000000000000036,0.04081632653061229,0
passive_2,accuracy,xtail,regale,writhe,0.040000000000000036,0.04081632653061229,0
passive_2,accuracy,xtail,reproach,whiz,0.040000000000000036,0.04081632653061229,0
passive_2,accuracy,xtail,reprove,remonstrate,0.040000000000000036,0.04081632653061229,0
passive_2,accuracy,xtail,resupply,slog,0.040000000000000036,0.04081632653061229,0
passive_2,accuracy,xtail,shoo,quiver,0.040000000000000036,0.04081632653061229,0
passive_2,accuracy,xtail,shoplift,eventuate,0.040000000000000036,0.04081632653061229,0
passive_2,accuracy,xtail,stopper,quack,0.040000000000000036,0.04081632653061229,0
passive_2,accuracy,xtail,suckle,defecate,0.040000000000000036,0.030612244897959218,0
passive_2,accuracy,xtail,sunder,eavesdrop,0.040000000000000036,0.04081632653061229,0
passive_2,accuracy,xtail,swaddle,decamp,0.040000000000000036,0.04081632653061229,0
passive_2,accuracy,xtail,tithe,putter,0.040000000000000036,0.04081632653061229,0
passive_2,accuracy,xtail,unlatch,burgeon,0.040000000000000036,0.04081632653061229,0
passive_2,accuracy,xtail,wad,shimmer,0.040000000000000036,0.030612244897959218,0
passive_2,accuracy,xtail,wag,bask,0.040000000000000036,0.04081632653061229,0
passive_2,accuracy,xtail,wallop,gloat,0.040000000000000036,0.04081632653061229,0
