band,paradigm,good_lemma,bad_lemma,bad_active_class,n_frames,good_lemma_zipf,bad_lemma_zipf,mean_lemma_zipf,mean_form_zipf,mean_margin,accuracy,verb_margin,suffix_margin,by_margin,good_verb_tokens,bad_verb_tokens
head,passive_1,bet,appear,simple_intransitive,2,4.79,4.85,4.82,4.8100000000000005,9.195039987564087,1.0,3.59375,5.601289987564087,0.5253292322158813,1,1
head,passive_1,blame,struggle,simple_intransitive,2,4.63,4.62,4.625,3.955,7.159382522106171,1.0,4.3115234375,2.8478590846061707,0.6057007312774658,1,1
head,passive_1,celebrate,reply,optional_preposition,2,4.49,4.5,4.495,4.26,12.598492681980133,1.0,8.8828125,3.715680181980133,0.8756301999092102,1,1
head,passive_1,confront,testify,clausal_complement,2,3.8,3.84,3.82,3.83,9.917145013809204,1.0,7.7734375,2.143707513809204,2.507928431034088,1,1
head,passive_1,crown,object,optional_preposition,2,4.56,4.56,4.56,3.575,9.262451350688934,1.0,7.4765625,1.7858888506889343,0.5255951881408691,1,1
head,passive_1,defend,participate,optional_preposition,2,4.47,4.42,4.445,4.005,7.551772326231003,1.0,4.92578125,2.625991076231003,1.8274249732494354,1,1
head,passive_1,earn,occur,simple_intransitive,2,4.48,4.47,4.475,4.5600000000000005,12.126171052455902,1.0,9.664062738418579,2.462108314037323,2.2646936774253845,1,1
head,passive_1,exhibit,proceed,simple_intransitive,2,4.16,4.18,4.17,3.865,10.654825389385223,1.0,8.67187488079071,1.982950508594513,-2.101450562477112,1,1
head,passive_1,hate,listen,optional_preposition,2,5.11,5.06,5.085,4.205,4.921648144721985,1.0,0.921875,3.999773144721985,4.600743532180786,1,1
head,passive_1,host,exist,simple_intransitive,2,4.77,4.73,4.75,4.27,14.251095794141293,1.0,10.26562511920929,3.985470674932003,2.9745640382170677,1,1
head,passive_1,impose,emerge,simple_intransitive,2,3.92,3.89,3.9050000000000002,4.16,11.985820174217224,1.0,10.911133050918579,1.074687123298645,0.4733637571334839,1,1
head,passive_1,include,happen,simple_intransitive,2,5.21,5.19,5.2,5.115,9.52930200099945,1.0,7.49609375,2.0332082509994507,-0.7148947715759277,1,1
head,passive_1,insure,vanish,simple_intransitive,2,3.4,3.39,3.395,3.705,9.381606847047806,1.0,4.2890625,5.092544347047806,3.156557261943817,1,1
head,passive_1,introduce,arrive,simple_intransitive,2,4.37,4.38,4.375,4.755,7.2485315799713135,1.0,4.265625,2.9829065799713135,1.0377780199050903,1,1
head,passive_1,lease,apologize,optional_preposition,2,4.17,4.16,4.165,3.625,10.624364793300629,1.0,8.404296875,2.2200679183006287,5.597915887832642,1,1
head,passive_1,lend,opt,optional_preposition,2,3.92,3.9,3.91,3.75,10.257760144770145,1.0,6.58984375,3.6679163947701454,0.4317512512207031,1,1
head,passive_1,load,respond,optional_preposition,2,4.58,4.53,4.555,4.255,7.560563683509827,1.0,7.6796876192092896,-0.11912393569946289,-0.5934911966323853,1,1
head,passive_1,measure,laugh,simple_intransitive,2,4.65,4.66,4.655,4.245,13.015449166297913,1.0,10.3125,2.7029491662979126,4.414840519428253,1,1
head,passive_1,rate,result,preferred_preposition,2,5.14,5.18,5.16,4.335,7.182162255048752,1.0,6.4921875,0.6899747550487518,-0.2345949411392212,1,1
head,passive_1,rob,belong,preferred_preposition,2,4.35,4.38,4.365,3.945,13.08636486530304,1.0,9.64599609375,3.4403687715530396,0.5586693286895752,1,1
head,passive_1,score,remain,simple_intransitive,2,4.83,4.83,4.83,4.625,7.87154746055603,1.0,5.6328125,2.2387349605560303,5.102262914180756,1,1
head,passive_1,send,die,simple_intransitive,2,5.11,5.07,5.09,5.18,10.203031182289124,1.0,10.929687142372131,-0.7266559600830078,1.339990496635437,1,1
head,passive_1,sum,compete,simple_intransitive,2,4.34,4.39,4.365,3.54,2.7201784253120422,1.0,2.3671875,0.35299092531204224,-1.7612344026565552,1,1
head,passive_1,target,lie,simple_intransitive,2,4.82,4.84,4.83,4.215,10.631522953510284,1.0,7.2734375,3.3580854535102844,5.505738854408264,1,1
head,passive_1,thank,matter,simple_intransitive,2,5.48,5.38,5.43,3.585,7.38312828540802,1.0,6.564453125,0.81867516040802,1.1653706431388855,1,1
head,passive_1,upgrade,complain,simple_intransitive,2,4.24,4.23,4.235,3.96,6.266801059246063,1.0,7.1328125,-0.8660114407539368,-0.06000840663909912,1,1
head,passive_2,bet,appear,simple_intransitive,2,4.79,4.85,4.82,4.8100000000000005,4.119079232215881,1.0,3.59375,0.5253292322158813,0.0,1,1
head,passive_2,blame,struggle,simple_intransitive,2,4.63,4.62,4.625,3.955,4.979724168777466,1.0,4.3115234375,0.6682007312774658,0.0,1,1
head,passive_2,celebrate,reply,optional_preposition,2,4.49,4.5,4.495,4.26,10.414692640304565,1.0,8.8828125,1.5318801403045654,0.0,1,1
head,passive_2,confront,testify,clausal_complement,2,3.8,3.84,3.82,3.83,7.218865633010864,1.0,7.7734375,-0.5545718669891357,0.0,1,1
head,passive_2,crown,object,optional_preposition,2,4.56,4.56,4.56,3.575,9.18965768814087,1.0,7.4765625,1.7130951881408691,0.0,1,1
head,passive_2,defend,participate,optional_preposition,2,4.47,4.42,4.445,4.005,7.003206014633179,1.0,4.92578125,2.0774247646331787,0.0,1,1
head,passive_2,earn,occur,simple_intransitive,2,4.48,4.47,4.475,4.5600000000000005,9.866256535053253,1.0,9.664062738418579,0.20219379663467407,0.0,1,1
head,passive_2,exhibit,proceed,simple_intransitive,2,4.16,4.18,4.17,3.865,6.101674437522888,1.0,8.67187488079071,-2.5702004432678223,0.0,1,1
head,passive_2,hate,listen,optional_preposition,2,5.11,5.06,5.085,4.205,3.210118532180786,1.0,0.921875,2.288243532180786,0.0,1,1
head,passive_2,host,exist,simple_intransitive,2,4.77,4.73,4.75,4.27,5.677688956260681,1.0,10.26562511920929,-4.587936162948608,0.0,1,1
head,passive_2,impose,emerge,simple_intransitive,2,3.92,3.89,3.9050000000000002,4.16,9.759496927261353,1.0,10.911133050918579,-1.1516361236572266,0.0,1,1
head,passive_2,include,happen,simple_intransitive,2,5.21,5.19,5.2,5.115,3.4061989784240723,1.0,7.49609375,-4.089894771575928,0.0,1,1
head,passive_2,insure,vanish,simple_intransitive,2,3.4,3.39,3.395,3.705,2.633119583129883,1.0,4.2890625,-1.6559429168701172,0.0,1,1
head,passive_2,introduce,arrive,simple_intransitive,2,4.37,4.38,4.375,4.755,2.428403079509735,1.0,4.265625,-1.837221920490265,0.0,1,1
head,passive_2,lease,apologize,optional_preposition,2,4.17,4.16,4.165,3.625,9.814712762832642,1.0,8.404296875,1.4104158878326416,0.0,1,1
head,passive_2,lend,opt,optional_preposition,2,3.92,3.9,3.91,3.75,5.896594762802124,1.0,6.58984375,-0.693248987197876,0.0,1,1
head,passive_2,load,respond,optional_preposition,2,4.58,4.53,4.555,4.255,9.804946422576904,1.0,7.6796876192092896,2.1252588033676147,0.0,1,1
head,passive_2,measure,laugh,simple_intransitive,2,4.65,4.66,4.655,4.245,11.977340459823608,1.0,10.3125,1.6648404598236084,0.0,1,1
head,passive_2,rate,result,preferred_preposition,2,5.14,5.18,5.16,4.335,5.2107179164886475,1.0,6.4921875,-1.2814695835113525,0.0,1,1
head,passive_2,rob,belong,preferred_preposition,2,4.35,4.38,4.365,3.945,12.860915541648865,1.0,9.64599609375,3.2149194478988647,0.0,1,1
head,passive_2,score,remain,simple_intransitive,2,4.83,4.83,4.83,4.625,6.0475754737854,1.0,5.6328125,0.4147629737854004,0.0,1,1
head,passive_2,send,die,simple_intransitive,2,5.11,5.07,5.09,5.18,7.550927639007568,1.0,10.929687142372131,-3.378759503364563,0.0,1,1
head,passive_2,sum,compete,simple_intransitive,2,4.34,4.39,4.365,3.54,0.9497032165527344,1.0,2.3671875,-1.4174842834472656,0.0,1,1
head,passive_2,target,lie,simple_intransitive,2,4.82,4.84,4.83,4.215,8.372926473617554,1.0,7.2734375,1.0994889736175537,0.0,1,1
head,passive_2,thank,matter,simple_intransitive,2,5.48,5.38,5.43,3.585,5.44857382774353,1.0,6.564453125,-1.1158792972564697,0.0,1,1
head,passive_2,upgrade,complain,simple_intransitive,2,4.24,4.23,4.235,3.96,9.19780421257019,1.0,7.1328125,2.0649917125701904,0.0,1,1
tail,passive_1,approximate,muse,released_inventory,2,3.64,3.59,3.615,2.675,5.69698828458786,1.0,5.666280746459961,0.03070753812789917,2.7280754446983337,1,2
tail,passive_1,audit,interact,released_inventory,2,4.04,4.05,4.045,3.12,14.751344006508589,1.0,4.5749240927398205,10.176419913768768,5.317363917827606,2,2
tail,passive_1,awe,glow,released_inventory,2,3.8,3.91,3.855,2.63,13.097552314400673,1.0,10.306978315114975,2.790573999285698,1.3610214591026306,2,2
tail,passive_1,blurt,stagnate,released_inventory,2,2.48,2.49,2.4850000000000003,2.635,8.815699783503078,1.0,6.2947560822358355,2.5209437012672424,-1.4923523664474487,3,2
tail,passive_1,bribe,correspond,released_inventory,2,3.5,3.5,3.5,3.045,12.227982252137735,1.0,7.857487213099375,4.37049503903836,0.7582239508628845,2,1
tail,passive_1,christen,dwindle,released_inventory,2,2.63,2.61,2.62,2.92,14.705261321156286,1.0,9.092287392704748,5.612973928451538,1.1833914518356323,2,3
tail,passive_1,coerce,emigrate,released_inventory,2,2.86,2.89,2.875,3.115,16.615692943392787,1.0,6.207747697888408,10.40794524550438,3.6902068853378296,3,2
tail,passive_1,commemorate,brag,released_inventory,2,3.49,3.49,3.49,2.92,8.989629639312625,1.0,7.863067282363772,1.1265623569488525,2.2871758341789246,2,2
tail,passive_1,deter,flirt,released_inventory,2,3.48,3.52,3.5,2.87,10.254956215620041,1.0,7.814336270093918,2.440619945526123,3.2498241662979126,2,3
tail,passive_1,dice,cooperate,released_inventory,2,3.76,3.79,3.775,3.06,8.354974925518036,1.0,10.52764505147934,-2.1726701259613037,-4.12104731798172,1,2
tail,passive_1,dope,bargain,released_inventory,2,3.9,3.95,3.925,2.895,10.381004512310028,1.0,6.185184717178345,4.195819795131683,0.8036332130432129,1,2
tail,passive_1,duck,dawn,released_inventory,2,4.21,4.27,4.24,3.0199999999999996,2.834762755781412,1.0,0.731398943811655,2.103363811969757,1.1050612926483154,2,2
tail,passive_1,eschew,languish,released_inventory,2,2.57,2.55,2.5599999999999996,2.505,7.811424938030541,1.0,4.961358574219048,2.850066363811493,2.061760663986206,3,3
tail,passive_1,evade,inquire,released_inventory,2,3.39,3.38,3.385,2.9400000000000004,-0.96083003282547,0.5,-1.679401159286499,0.718571126461029,1.1835963726043701,2,1
tail,passive_1,exert,slump,released_inventory,2,3.36,3.36,3.36,3.0599999999999996,14.273361057043076,1.0,10.85685133934021,3.4165097177028656,2.188814401626587,1,2
tail,passive_1,fleece,vie,released_inventory,2,3.36,3.35,3.355,2.43,10.105457547586411,1.0,3.2092957529239357,6.896161794662476,3.008776843547821,2,2
tail,passive_1,forest,function,released_inventory,2,4.7,4.78,4.74,3.05,1.5253761876374483,1.0,4.1793431509286165,-2.653966963291168,-0.3065459728240967,2,2
tail,passive_1,gag,blossom,released_inventory,2,3.63,3.62,3.625,2.9,11.360589940100908,1.0,9.949816484004259,1.4107734560966492,-1.7139713168144226,2,2
tail,passive_1,galvanize,transpire,released_inventory,2,2.31,2.36,2.335,3.04,14.20065363519825,1.0,11.022296451264992,3.178357183933258,2.2771524488925934,3,2
tail,passive_1,garnish,toil,released_inventory,2,3.04,3.03,3.035,2.625,8.528297948185354,1.0,9.315557348076254,-0.7872593998908997,-0.5159927606582642,2,2
tail,passive_1,heap,grin,released_inventory,2,3.59,3.59,3.59,2.87,7.230928707867861,1.0,9.044682629406452,-1.8137539215385914,-1.4447689056396484,2,1
tail,passive_1,imitate,linger,released_inventory,2,3.29,3.31,3.3,2.91,5.13605035841465,1.0,3.2545386999845505,1.8815116584300995,1.1253248155117035,2,2
tail,passive_1,ingest,conspire,released_inventory,2,2.83,2.81,2.8200000000000003,3.11,12.389463246800005,1.0,6.989638329483569,5.399824917316437,0.2531700134277344,2,2
tail,passive_1,nab,retaliate,released_inventory,2,3.12,3.1,3.1100000000000003,2.795,7.657604561478365,1.0,6.853990898758639,0.8036136627197266,1.0523359179496765,3,2
tail,passive_1,orphan,adhere,released_inventory,2,3.58,3.57,3.575,3.145,16.4040833725594,1.0,5.232866348233074,11.171217024326324,1.933255910873413,2,1
tail,passive_1,outdo,recede,released_inventory,2,2.72,2.71,2.715,2.79,12.477216196915833,1.0,6.490892291069031,5.9863239058468025,2.3106991946697235,2,3
tail,passive_1,overestimate,diverge,released_inventory,2,2.83,2.83,2.83,2.76,9.94087509252131,1.0,8.144455889239907,1.7964192032814026,1.1108472347259521,2,2
tail,passive_1,perfume,reel,released_inventory,2,3.75,3.68,3.715,2.625,16.520144973881543,1.0,5.8392396019771695,10.680905371904373,4.00740647315979,2,2
tail,passive_1,preclude,fluctuate,released_inventory,2,3.03,2.99,3.01,2.6950000000000003,12.817087352275848,1.0,8.020718336105347,4.796369016170502,2.0833730697631836,1,2
tail,passive_1,quarry,rave,released_inventory,2,3.6,3.52,3.56,2.495,7.029932061210275,1.0,7.708595333620906,-0.6786632724106312,0.162819504737854,2,2
tail,passive_1,quell,sympathize,released_inventory,2,3.0,3.06,3.0300000000000002,2.46,9.594092153012753,1.0,8.414307974278927,1.1797841787338257,1.3424943685531616,2,2
tail,passive_1,rear,sin,released_inventory,2,4.43,4.37,4.4,3.0599999999999996,6.983486011624336,1.0,4.742415681481361,2.241070330142975,1.3947229981422424,2,2
tail,passive_1,recast,reappear,released_inventory,2,2.94,3.01,2.9749999999999996,2.9299999999999997,8.908041598275304,1.0,6.68676370382309,2.2212778944522142,0.24612176418304443,2,2
tail,passive_1,refund,clash,released_inventory,2,3.94,3.97,3.955,3.1500000000000004,12.551012110430747,1.0,7.271506291348487,5.27950581908226,0.421836256980896,2,2
tail,passive_1,reinstall,seep,released_inventory,2,2.76,2.79,2.775,2.55,14.773024521535262,1.0,4.417275689309463,10.3557488322258,2.099312424659729,2,3
tail,passive_1,rouse,lurk,released_inventory,2,3.1,3.1,3.1,2.5949999999999998,13.715995278209448,1.0,9.979425426572561,3.7365698516368866,1.5830199718475342,2,2
tail,passive_1,safeguard,blush,released_inventory,2,3.55,3.56,3.5549999999999997,2.63,5.992641884135082,1.0,5.88586677913554,0.10677510499954224,1.1981353163719177,3,2
tail,passive_1,scrub,thrive,released_inventory,2,3.69,3.73,3.71,3.01,17.166709570388775,1.0,13.276273874740582,3.8904356956481934,-1.3212813138961792,2,2
tail,passive_1,slander,glare,released_inventory,2,3.34,3.36,3.3499999999999996,2.5599999999999996,2.070764444768429,1.0,1.3227617368102074,0.7480027079582214,1.9117966294288635,3,1
tail,passive_1,smother,subside,released_inventory,2,2.85,2.88,2.865,3.0149999999999997,13.10250799357891,1.0,10.201934576034546,2.900573417544365,-0.5689433813095093,2,2
tail,passive_1,spice,pee,released_inventory,2,3.94,3.96,3.95,3.06,7.89634408056736,1.0,8.337372079491615,-0.44102799892425537,0.5969972610473633,2,2
tail,passive_1,stockpile,shudder,released_inventory,2,3.12,3.11,3.115,2.4800000000000004,10.439233900047839,1.0,5.08673030231148,5.352503597736359,-0.2675049304962158,3,2
tail,passive_1,stow,abstain,released_inventory,2,3.06,3.07,3.065,2.785,9.064544593915343,1.0,12.469800328835845,-3.4052557349205017,-0.3864736557006836,2,2
tail,passive_1,subjugate,collude,released_inventory,2,2.47,2.49,2.4800000000000004,2.715,7.962990428786725,1.0,2.921126003842801,5.041864424943924,1.214544653892517,3,2
tail,passive_1,subvert,persevere,released_inventory,2,2.95,2.96,2.955,2.635,8.230007735779509,1.0,3.1571235933806747,5.072884142398834,2.2158841490745544,2,3
tail,passive_1,tame,chuckle,released_inventory,2,3.56,3.52,3.54,3.03,8.000097095966339,1.0,6.120674252510071,1.8794228434562683,1.4913355112075806,2,1
tail,passive_1,trademark,bloom,released_inventory,2,3.89,3.93,3.91,2.7,13.039117639884353,1.0,8.499376630410552,4.539741009473801,1.554516226053238,2,2
tail,passive_1,transcend,concur,released_inventory,2,3.1,3.18,3.14,2.74,5.173957770690322,1.0,0.7936005052179098,4.380357265472412,1.0844117403030396,2,2
tail,passive_1,utter,creep,released_inventory,2,3.85,3.84,3.8449999999999998,3.165,13.576866626739502,1.0,7.0703125,6.506554126739502,3.328005611896515,1,1
tail,passive_1,whitewash,wane,released_inventory,2,2.81,2.83,2.8200000000000003,2.84,9.013476490974426,1.0,8.30880743265152,0.7046690583229065,-2.567941427230835,2,2
tail,passive_2,approximate,muse,released_inventory,2,3.64,3.59,3.615,2.675,5.7693562507629395,1.0,5.666280746459961,0.10307550430297852,0.0,1,2
tail,passive_2,audit,interact,released_inventory,2,4.04,4.05,4.045,3.12,7.517287950962782,1.0,4.5749240927398205,2.9423638582229614,0.0,2,2
tail,passive_2,awe,glow,released_inventory,2,3.8,3.91,3.855,2.63,11.91799971461296,1.0,10.306978315114975,1.6110213994979858,0.0,2,2
tail,passive_2,blurt,stagnate,released_inventory,2,2.48,2.49,2.4850000000000003,2.635,3.9274037157883868,1.0,6.2947560822358355,-2.3673523664474487,0.0,3,2
tail,passive_2,bribe,correspond,released_inventory,2,3.5,3.5,3.5,3.045,9.64696128317155,1.0,7.857487213099375,1.789474070072174,0.0,2,1
tail,passive_2,christen,dwindle,released_inventory,2,2.63,2.61,2.62,2.92,8.93192872533109,1.0,9.092287392704748,-0.16035866737365723,0.0,2,3
tail,passive_2,coerce,emigrate,released_inventory,2,2.86,2.89,2.875,3.115,8.804204464016948,1.0,6.207747697888408,2.59645676612854,0.0,3,2
tail,passive_2,commemorate,brag,released_inventory,2,3.49,3.49,3.49,2.92,8.181492937728763,1.0,7.863067282363772,0.31842565536499023,0.0,2,2
tail,passive_2,deter,flirt,released_inventory,2,3.48,3.52,3.5,2.87,12.814160495996475,1.0,7.814336270093918,4.999824225902557,0.0,2,3
tail,passive_2,dice,cooperate,released_inventory,2,3.76,3.79,3.775,3.06,10.969097673892975,1.0,10.52764505147934,0.44145262241363525,0.0,1,2
tail,passive_2,dope,bargain,released_inventory,2,3.9,3.95,3.925,2.895,8.676317930221558,1.0,6.185184717178345,2.491133213043213,0.0,1,2
tail,passive_2,duck,dawn,released_inventory,2,4.21,4.27,4.24,3.0199999999999996,2.8364602364599705,1.0,0.731398943811655,2.1050612926483154,0.0,2,2
tail,passive_2,eschew,languish,released_inventory,2,2.57,2.55,2.5599999999999996,2.505,4.8356191189959645,1.0,4.961358574219048,-0.1257394552230835,0.0,3,3
tail,passive_2,evade,inquire,released_inventory,2,3.39,3.38,3.385,2.9400000000000004,1.0979453325271606,0.5,-1.679401159286499,2.7773464918136597,0.0,2,1
tail,passive_2,exert,slump,released_inventory,2,3.36,3.36,3.36,3.0599999999999996,8.076915860176086,1.0,10.85685133934021,-2.7799354791641235,0.0,1,2
tail,passive_2,fleece,vie,released_inventory,2,3.36,3.35,3.355,2.43,7.4680726560764015,1.0,3.2092957529239357,4.258776903152466,0.0,2,2
tail,passive_2,forest,function,released_inventory,2,4.7,4.78,4.74,3.05,7.37279705889523,1.0,4.1793431509286165,3.1934539079666138,0.0,2,2
tail,passive_2,gag,blossom,released_inventory,2,3.63,3.62,3.625,2.9,10.704595107585192,1.0,9.949816484004259,0.7547786235809326,0.0,2,2
tail,passive_2,galvanize,transpire,released_inventory,2,2.31,2.36,2.335,3.04,12.643198929959908,1.0,11.022296451264992,1.6209024786949158,0.0,3,2
tail,passive_2,garnish,toil,released_inventory,2,3.04,3.03,3.035,2.625,6.8933147066272795,1.0,9.315557348076254,-2.4222426414489746,0.0,2,2
tail,passive_2,heap,grin,released_inventory,2,3.59,3.59,3.59,2.87,7.599913723766804,1.0,9.044682629406452,-1.4447689056396484,0.0,2,1
tail,passive_2,imitate,linger,released_inventory,2,3.29,3.31,3.3,2.91,3.817363426089287,1.0,3.2545386999845505,0.5628247261047363,0.0,2,2
tail,passive_2,ingest,conspire,released_inventory,2,2.83,2.81,2.8200000000000003,3.11,7.742808342911303,1.0,6.989638329483569,0.7531700134277344,0.0,2,2
tail,passive_2,nab,retaliate,released_inventory,2,3.12,3.1,3.1100000000000003,2.795,8.53132675710367,1.0,6.853990898758639,1.6773358583450317,0.0,3,2
tail,passive_2,orphan,adhere,released_inventory,2,3.58,3.57,3.575,3.145,8.072372259106487,1.0,5.232866348233074,2.839505910873413,0.0,2,1
tail,passive_2,outdo,recede,released_inventory,2,2.72,2.71,2.715,2.79,7.551591515541077,1.0,6.490892291069031,1.060699224472046,0.0,2,3
tail,passive_2,overestimate,diverge,released_inventory,2,2.83,2.83,2.83,2.76,9.13030312396586,1.0,8.144455889239907,0.9858472347259521,0.0,2,2
tail,passive_2,perfume,reel,released_inventory,2,3.75,3.68,3.715,2.625,8.34664607513696,1.0,5.8392396019771695,2.50740647315979,0.0,2,2
tail,passive_2,preclude,fluctuate,released_inventory,2,3.03,2.99,3.01,2.6950000000000003,8.22909128665924,1.0,8.020718336105347,0.20837295055389404,0.0,1,2
tail,passive_2,quarry,rave,released_inventory,2,3.6,3.52,3.56,2.495,6.90266471914947,1.0,7.708595333620906,-0.8059306144714355,0.0,2,2
tail,passive_2,quell,sympathize,released_inventory,2,3.0,3.06,3.0300000000000002,2.46,12.381802223622799,1.0,8.414307974278927,3.967494249343872,0.0,2,2
tail,passive_2,rear,sin,released_inventory,2,4.43,4.37,4.4,3.0599999999999996,2.63713838160038,1.0,4.742415681481361,-2.1052772998809814,0.0,2,2
tail,passive_2,recast,reappear,released_inventory,2,2.94,3.01,2.9749999999999996,2.9299999999999997,6.464135468006134,1.0,6.68676370382309,-0.22262823581695557,0.0,2,2
tail,passive_2,refund,clash,released_inventory,2,3.94,3.97,3.955,3.1500000000000004,9.818342488724738,1.0,7.271506291348487,2.546836197376251,0.0,2,2
tail,passive_2,reinstall,seep,released_inventory,2,2.76,2.79,2.775,2.55,8.766588113969192,1.0,4.417275689309463,4.349312424659729,0.0,2,3
tail,passive_2,rouse,lurk,released_inventory,2,3.1,3.1,3.1,2.5949999999999998,11.906195398420095,1.0,9.979425426572561,1.9267699718475342,0.0,2,2
tail,passive_2,safeguard,blush,released_inventory,2,3.55,3.56,3.5549999999999997,2.63,5.584002155112103,1.0,5.88586677913554,-0.3018646240234375,0.0,3,2
tail,passive_2,scrub,thrive,released_inventory,2,3.69,3.73,3.71,3.01,14.298742680053692,1.0,13.276273874740582,1.0224688053131104,0.0,2,2
tail,passive_2,slander,glare,released_inventory,2,3.34,3.36,3.3499999999999996,2.5599999999999996,2.922058306634426,1.0,1.3227617368102074,1.5992965698242188,0.0,3,1
tail,passive_2,smother,subside,released_inventory,2,2.85,2.88,2.865,3.0149999999999997,10.539241194725037,1.0,10.201934576034546,0.3373066186904907,0.0,2,2
tail,passive_2,spice,pee,released_inventory,2,3.94,3.96,3.95,3.06,8.059369340538979,1.0,8.337372079491615,-0.2780027389526367,0.0,2,2
tail,passive_2,stockpile,shudder,released_inventory,2,3.12,3.11,3.115,2.4800000000000004,5.069225371815264,1.0,5.08673030231148,-0.01750493049621582,0.0,3,2
tail,passive_2,stow,abstain,released_inventory,2,3.06,3.07,3.065,2.785,13.052076792344451,1.0,12.469800328835845,0.582276463508606,0.0,2,2
tail,passive_2,subjugate,collude,released_inventory,2,2.47,2.49,2.4800000000000004,2.715,3.3856707769446075,1.0,2.921126003842801,0.46454477310180664,0.0,3,2
tail,passive_2,subvert,persevere,released_inventory,2,2.95,2.96,2.955,2.635,3.685507802059874,1.0,3.1571235933806747,0.5283842086791992,0.0,2,3
tail,passive_2,tame,chuckle,released_inventory,2,3.56,3.52,3.54,3.03,8.174509763717651,1.0,6.120674252510071,2.0538355112075806,0.0,2,1
tail,passive_2,trademark,bloom,released_inventory,2,3.89,3.93,3.91,2.7,8.835142945870757,1.0,8.499376630410552,0.3357663154602051,0.0,2,2
tail,passive_2,transcend,concur,released_inventory,2,3.1,3.18,3.14,2.74,4.159262066707015,1.0,0.7936005052179098,3.3656615614891052,0.0,2,2
tail,passive_2,utter,creep,released_inventory,2,3.85,3.84,3.8449999999999998,3.165,10.83581805229187,1.0,7.0703125,3.76550555229187,0.0,1,1
tail,passive_2,whitewash,wane,released_inventory,2,2.81,2.83,2.8200000000000003,2.84,8.803366124629974,1.0,8.30880743265152,0.4945586919784546,0.0,2,2
xtail,passive_1,blab,loll,released_inventory,2,2.29,2.25,2.27,1.74,6.2079565320163965,1.0,3.907649317756295,2.3003072142601013,2.3402270078659058,3,2
xtail,passive_1,blaspheme,seethe,released_inventory,2,2.16,2.18,2.17,1.915,8.858502643299289,1.0,4.753818975877948,4.104683667421341,1.203286349773407,4,3
xtail,passive_1,clout,grouse,released_inventory,2,3.23,3.14,3.185,1.49,3.777800764888525,1.0,2.6770718209445477,1.1007289439439774,0.26249265670776367,3,2
xtail,passive_1,crate,lumber,released_inventory,2,3.47,3.59,3.5300000000000002,2.18,3.1224642507731915,1.0,1.1911489479243755,1.931315302848816,1.0241297483444214,2,2
xtail,passive_1,daub,resound,released_inventory,2,2.16,2.27,2.215,2.005,7.473949724371778,1.0,6.136014962132322,1.3379347622394562,-4.045752614736557,3,2
xtail,passive_1,debug,tingle,released_inventory,2,2.86,2.86,2.86,1.77,8.712434771470726,1.0,6.236879679374397,2.4755550920963287,-0.697543203830719,2,2
xtail,passive_1,disabuse,sidle,released_inventory,2,2.01,2.0,2.005,1.77,6.019028798677027,1.0,4.339969472028315,1.6790593266487122,1.3097621202468872,3,2
xtail,passive_1,disgorge,exult,released_inventory,2,1.78,1.8,1.79,1.705,8.817518244904932,1.0,5.882263551873621,2.935254693031311,-0.8483312726020813,3,3
xtail,passive_1,disquiet,goggle,released_inventory,2,2.5,2.43,2.465,1.56,6.672841301187873,1.0,6.582087775692344,0.09075352549552917,1.0996491014957428,3,3
xtail,passive_1,doff,salivate,released_inventory,2,2.11,2.12,2.115,1.47,8.78399325965438,1.0,8.563883200869896,0.22011005878448486,-1.1564403772354126,3,2
xtail,passive_1,edify,toddle,released_inventory,2,1.96,1.89,1.9249999999999998,1.5550000000000002,5.568077862262726,1.0,4.345249891281128,1.222827970981598,2.172725260257721,2,2
xtail,passive_1,espy,scram,released_inventory,2,2.32,2.35,2.335,1.305,0.655173871666193,0.5,-1.5645103715360165,2.2196842432022095,2.3794988989830017,2,3
xtail,passive_1,extirpate,vegetate,released_inventory,2,1.64,1.58,1.6099999999999999,2.165,2.6526987864635885,1.0,1.9050036552362144,0.7476951312273741,0.0573582649230957,4,2
xtail,passive_1,filch,smolder,released_inventory,2,1.97,2.01,1.9899999999999998,1.605,10.113172226585448,1.0,4.401237853802741,5.711934372782707,0.05274045467376709,2,3
xtail,passive_1,garland,banter,released_inventory,2,3.46,3.48,3.4699999999999998,1.85,6.881324809975922,1.0,7.255949375219643,-0.374624565243721,-0.5112395882606506,3,3
xtail,passive_1,gull,desist,released_inventory,2,3.0,3.05,3.025,1.52,10.129303723573685,1.0,3.6650009155273438,6.464302808046341,0.8924513459205627,2,2
xtail,passive_1,guzzle,commiserate,released_inventory,2,2.16,2.21,2.185,1.7,5.345568208023906,1.0,5.854756681248546,-0.5091884732246399,-0.586913526058197,3,3
xtail,passive_1,heft,hibernate,released_inventory,2,2.75,2.7,2.725,1.585,9.308486697380431,1.0,5.654727217857726,3.653759479522705,0.990801215171814,3,4
xtail,passive_1,immolate,vacillate,released_inventory,2,1.73,1.77,1.75,1.9249999999999998,11.082960605621338,1.0,5.228874683380127,5.854085922241211,2.766661286354065,2,3
xtail,passive_1,incriminate,sulk,released_inventory,2,2.58,2.55,2.565,2.025,8.632438823580742,1.0,5.7040262669324875,2.9284125566482544,1.0050166249275208,3,2
xtail,passive_1,lard,fizz,released_inventory,2,2.98,2.98,2.98,1.5550000000000002,2.4496031999588013,1.0,6.345701694488525,-3.896098494529724,-2.505882143974304,2,3
xtail,passive_1,lather,slouch,released_inventory,2,2.72,2.7,2.71,2.04,5.784943602979183,1.0,1.1692740768194199,4.615669526159763,2.027188301086426,2,2
xtail,passive_1,lug,drool,released_inventory,2,3.09,3.04,3.065,2.1399999999999997,9.676259214291349,1.0,8.02122981310822,1.6550294011831284,0.9956285953521729,2,3
xtail,passive_1,mistrust,coexist,released_inventory,2,3.06,3.04,3.05,2.145,8.144580766558647,1.0,5.050176963210106,3.0944038033485413,2.2234450578689575,3,3
xtail,passive_1,mulch,bustle,released_inventory,2,2.9,2.98,2.94,1.835,2.2414983276976272,1.0,2.5519479223294184,-0.3104495946317911,-0.562688946723938,2,2
xtail,passive_1,obviate,teem,released_inventory,2,2.11,2.07,2.09,1.75,12.254877552157268,1.0,8.702995672589168,3.5518818795681,1.6908329129219055,3,2
xtail,passive_1,ogle,wallow,released_inventory,2,2.69,2.8,2.745,1.8599999999999999,5.7863644659519196,1.0,2.2246882617473602,3.5616762042045593,2.6016308665275574,2,2
xtail,passive_1,outshine,gape,released_inventory,2,2.51,2.54,2.525,2.0549999999999997,3.944035142660141,1.0,1.267522394657135,2.676512748003006,2.3404124975204468,3,2
xtail,passive_1,perm,fawn,released_inventory,2,3.12,3.02,3.0700000000000003,1.88,13.524972466751933,1.0,8.44257864356041,5.0823938231915236,-0.044927358627319336,2,3
xtail,passive_1,pigeonhole,hitchhike,released_inventory,2,2.2,2.18,2.1900000000000004,2.13,5.4047468228964135,1.0,2.538396109826863,2.8663507130695507,0.6753085851669312,4,3
xtail,passive_1,placate,crackle,released_inventory,2,2.77,2.78,2.775,2.1550000000000002,7.172557421028614,1.0,2.9082304313778877,4.264326989650726,0.6715410351753235,2,2
xtail,passive_1,prise,jut,released_inventory,2,2.45,2.54,2.495,1.82,3.467673372477293,1.0,3.270696472376585,0.196976900100708,-1.8922994136810303,2,3
xtail,passive_1,rearm,totter,released_inventory,2,2.14,2.15,2.145,1.67,12.109647266566753,1.0,7.635801248252392,4.473846018314362,0.8331183195114136,2,2
xtail,passive_1,recompense,leer,released_inventory,2,2.62,2.59,2.605,1.67,9.0249965749681,1.0,4.241543080657721,4.783453494310379,1.7341265678405762,3,2
xtail,passive_1,redress,pant,released_inventory,2,3.15,3.18,3.165,1.9699999999999998,7.144308030605316,1.0,6.248887836933136,0.8954201936721802,0.8333632946014404,2,2
xtail,passive_1,regale,writhe,released_inventory,2,2.27,2.24,2.255,2.115,9.331548541784286,1.0,6.088396400213242,3.243152141571045,0.21387040615081787,2,2
xtail,passive_1,reproach,whiz,released_inventory,2,2.94,2.9,2.92,2.1550000000000002,8.660712972283363,1.0,3.630347326397896,5.0303656458854675,1.3049617409706116,2,3
xtail,passive_1,reprove,remonstrate,released_inventory,2,1.79,1.81,1.8,1.855,0.9812066778540611,1.0,-0.2402803674340248,1.221487045288086,-0.34021711349487305,2,3
xtail,passive_1,resupply,slog,released_inventory,2,2.88,2.87,2.875,1.9049999999999998,12.681579992175102,1.0,5.691661858931184,6.989918133243918,4.230075776576996,3,2
xtail,passive_1,shoo,quiver,released_inventory,2,2.85,2.84,2.8449999999999998,1.9949999999999999,4.409596186131239,1.0,5.654510956257582,-1.2449147701263428,-2.8613932728767395,3,2
xtail,passive_1,shoplift,eventuate,released_inventory,2,2.09,2.1,2.0949999999999998,1.9249999999999998,12.662564285972621,1.0,9.159874149539974,3.5026901364326477,-1.5903905630111694,4,2
xtail,passive_1,stopper,quack,released_inventory,2,3.09,3.06,3.075,1.355,6.156443474814296,1.0,5.0861631613224745,1.0702803134918213,-0.660293698310852,2,2
xtail,passive_1,suckle,defecate,released_inventory,2,2.33,2.4,2.365,1.94,2.303164977580309,1.0,1.128935370594263,1.1742296069860458,1.8272507637739182,2,3
xtail,passive_1,sunder,eavesdrop,released_inventory,2,2.47,2.48,2.475,1.93,13.923274659086019,1.0,6.096909009385854,7.826365649700165,1.0770959258079529,2,4
xtail,passive_1,swaddle,decamp,released_inventory,2,2.19,2.18,2.185,2.09,8.918340449221432,1.0,9.853993480093777,-0.935653030872345,-1.6680916547775269,3,2
xtail,passive_1,tithe,putter,released_inventory,2,2.88,2.91,2.895,1.35,1.1181761920452118,1.0,0.8815433979034424,0.2366327941417694,-0.42926204204559326,2,2
xtail,passive_1,unlatch,burgeon,released_inventory,2,1.58,1.65,1.615,1.7650000000000001,9.377619578677695,1.0,5.472712132323068,3.9049074463546276,-1.3426845073699951,3,3
xtail,passive_1,wad,shimmer,released_inventory,2,3.06,2.98,3.02,1.87,3.327408045530319,1.0,2.8634239733219147,0.46398407220840454,-2.8410056233406067,2,3
xtail,passive_1,wag,bask,released_inventory,2,3.03,2.93,2.98,2.085,12.552655786275864,1.0,7.476637780666351,5.076018005609512,1.3825995922088623,2,2
xtail,passive_1,wallop,gloat,released_inventory,2,2.62,2.62,2.62,1.92,5.551491737365723,1.0,2.0761280059814453,3.4753637313842773,0.7316275238990784,2,2
xtail,passive_2,blab,loll,released_inventory,2,2.29,2.25,2.27,1.74,4.935376325622201,1.0,3.907649317756295,1.0277270078659058,0.0,3,2
xtail,passive_2,blaspheme,seethe,released_inventory,2,2.16,2.18,2.17,1.915,5.76960526604671,1.0,4.753818975877948,1.0157862901687622,0.0,4,3
xtail,passive_2,clout,grouse,released_inventory,2,3.23,3.14,3.185,1.49,3.6270644776523113,1.0,2.6770718209445477,0.9499926567077637,0.0,3,2
xtail,passive_2,crate,lumber,released_inventory,2,3.47,3.59,3.5300000000000002,2.18,2.246528934687376,1.0,1.1911489479243755,1.0553799867630005,0.0,2,2
xtail,passive_2,daub,resound,released_inventory,2,2.16,2.27,2.215,2.005,3.5902623175934423,1.0,6.136014962132322,-2.5457526445388794,0.0,3,2
xtail,passive_2,debug,tingle,released_inventory,2,2.86,2.86,2.86,1.77,6.633086535148323,1.0,6.236879679374397,0.3962068557739258,0.0,2,2
xtail,passive_2,disabuse,sidle,released_inventory,2,2.01,2.0,2.005,1.77,7.743481592275202,1.0,4.339969472028315,3.403512120246887,0.0,3,2
xtail,passive_2,disgorge,exult,released_inventory,2,1.78,1.8,1.79,1.705,5.752682338876184,1.0,5.882263551873621,-0.12958121299743652,0.0,3,3
xtail,passive_2,disquiet,goggle,released_inventory,2,2.5,2.43,2.465,1.56,6.275486847385764,1.0,6.582087775692344,-0.3066009283065796,0.0,3,3
xtail,passive_2,doff,salivate,released_inventory,2,2.11,2.12,2.115,1.47,8.844942823634483,1.0,8.563883200869896,0.2810596227645874,0.0,3,2
xtail,passive_2,edify,toddle,released_inventory,2,1.96,1.89,1.9249999999999998,1.5550000000000002,7.049225211143494,1.0,4.345249891281128,2.7039753198623657,0.0,2,2
xtail,passive_2,espy,scram,released_inventory,2,2.32,2.35,2.335,1.305,-2.9037612937390804,0.0,-1.5645103715360165,-1.339250922203064,0.0,2,3
xtail,passive_2,extirpate,vegetate,released_inventory,2,1.64,1.58,1.6099999999999999,2.165,2.21236192015931,1.0,1.9050036552362144,0.3073582649230957,0.0,4,2
xtail,passive_2,filch,smolder,released_inventory,2,1.97,2.01,1.9899999999999998,1.605,4.735228248871863,1.0,4.401237853802741,0.3339903950691223,0.0,2,3
xtail,passive_2,garland,banter,released_inventory,2,3.46,3.48,3.4699999999999998,1.85,8.807209846563637,1.0,7.255949375219643,1.5512604713439941,0.0,3,3
xtail,passive_2,gull,desist,released_inventory,2,3.0,3.05,3.025,1.52,3.8699523210525513,1.0,3.6650009155273438,0.20495140552520752,0.0,2,2
xtail,passive_2,guzzle,commiserate,released_inventory,2,2.16,2.21,2.185,1.7,5.392843214794993,1.0,5.854756681248546,-0.46191346645355225,0.0,3,3
xtail,passive_2,heft,hibernate,released_inventory,2,2.75,2.7,2.725,1.585,4.83302843302954,1.0,5.654727217857726,-0.821698784828186,0.0,3,4
xtail,passive_2,immolate,vacillate,released_inventory,2,1.73,1.77,1.75,1.9249999999999998,6.558036029338837,1.0,5.228874683380127,1.3291613459587097,0.0,2,3
xtail,passive_2,incriminate,sulk,released_inventory,2,2.58,2.55,2.565,2.025,4.521543070673943,1.0,5.7040262669324875,-1.182483196258545,0.0,3,2
xtail,passive_2,lard,fizz,released_inventory,2,2.98,2.98,2.98,1.5550000000000002,4.371069550514221,1.0,6.345701694488525,-1.9746321439743042,0.0,2,3
xtail,passive_2,lather,slouch,released_inventory,2,2.72,2.7,2.71,2.04,0.38396237790584564,1.0,1.1692740768194199,-0.7853116989135742,0.0,2,2
xtail,passive_2,lug,drool,released_inventory,2,3.09,3.04,3.065,2.1399999999999997,4.798108527669683,1.0,8.02122981310822,-3.2231212854385376,0.0,2,3
xtail,passive_2,mistrust,coexist,released_inventory,2,3.06,3.04,3.05,2.145,6.742372021079063,1.0,5.050176963210106,1.6921950578689575,0.0,3,3
xtail,passive_2,mulch,bustle,released_inventory,2,2.9,2.98,2.94,1.835,3.333008856396191,1.0,2.5519479223294184,0.7810609340667725,0.0,2,2
xtail,passive_2,obviate,teem,released_inventory,2,2.11,2.07,2.09,1.75,9.425078525906429,1.0,8.702995672589168,0.7220828533172607,0.0,3,2
xtail,passive_2,ogle,wallow,released_inventory,2,2.69,2.8,2.745,1.8599999999999999,4.263819068670273,1.0,2.2246882617473602,2.0391308069229126,0.0,2,2
xtail,passive_2,outshine,gape,released_inventory,2,2.51,2.54,2.525,2.0549999999999997,1.0141848921775818,1.0,1.267522394657135,-0.2533375024795532,0.0,3,2
xtail,passive_2,perm,fawn,released_inventory,2,3.12,3.02,3.0700000000000003,1.88,9.14765128493309,1.0,8.44257864356041,0.7050726413726807,0.0,2,3
xtail,passive_2,pigeonhole,hitchhike,released_inventory,2,2.2,2.18,2.1900000000000004,2.13,4.182454456575215,1.0,2.538396109826863,1.644058346748352,0.0,4,3
xtail,passive_2,placate,crackle,released_inventory,2,2.77,2.78,2.775,2.1550000000000002,4.7672716453671455,1.0,2.9082304313778877,1.8590412139892578,0.0,2,2
xtail,passive_2,prise,jut,released_inventory,2,2.45,2.54,2.495,1.82,1.6283970586955547,1.0,3.270696472376585,-1.6422994136810303,0.0,2,3
xtail,passive_2,rearm,totter,released_inventory,2,2.14,2.15,2.145,1.67,8.375169567763805,1.0,7.635801248252392,0.7393683195114136,0.0,2,2
xtail,passive_2,recompense,leer,released_inventory,2,2.62,2.59,2.605,1.67,7.163169648498297,1.0,4.241543080657721,2.921626567840576,0.0,3,2
xtail,passive_2,redress,pant,released_inventory,2,3.15,3.18,3.165,1.9699999999999998,8.519751071929932,1.0,6.248887836933136,2.2708632349967957,0.0,2,2
xtail,passive_2,regale,writhe,released_inventory,2,2.27,2.24,2.255,2.115,4.896016925573349,1.0,6.088396400213242,-1.1923794746398926,0.0,2,2
xtail,passive_2,reproach,whiz,released_inventory,2,2.94,2.9,2.92,2.1550000000000002,5.247809007763863,1.0,3.630347326397896,1.6174616813659668,0.0,2,3
xtail,passive_2,reprove,remonstrate,released_inventory,2,1.79,1.81,1.8,1.855,1.3257525190711021,1.0,-0.2402803674340248,1.566032886505127,0.0,2,3
xtail,passive_2,resupply,slog,released_inventory,2,2.88,2.87,2.875,1.9049999999999998,8.577987575903535,1.0,5.691661858931184,2.886325716972351,0.0,3,2
xtail,passive_2,shoo,quiver,released_inventory,2,2.85,2.84,2.8449999999999998,1.9949999999999999,4.730617742985487,1.0,5.654510956257582,-0.9238932132720947,0.0,3,2
xtail,passive_2,shoplift,eventuate,released_inventory,2,2.09,2.1,2.0949999999999998,1.9249999999999998,10.319483586528804,1.0,9.159874149539974,1.1596094369888306,0.0,4,2
xtail,passive_2,stopper,quack,released_inventory,2,3.09,3.06,3.075,1.355,5.019619463011622,1.0,5.0861631613224745,-0.06654369831085205,0.0,2,2
xtail,passive_2,suckle,defecate,released_inventory,2,2.33,2.4,2.365,1.94,-0.13756391033530235,0.5,1.128935370594263,-1.2664992809295654,0.0,2,3
xtail,passive_2,sunder,eavesdrop,released_inventory,2,2.47,2.48,2.475,1.93,9.205255173612386,1.0,6.096909009385854,3.108346164226532,0.0,2,4
xtail,passive_2,swaddle,decamp,released_inventory,2,2.19,2.18,2.185,2.09,8.34215182531625,1.0,9.853993480093777,-1.5118416547775269,0.0,3,2
xtail,passive_2,tithe,putter,released_inventory,2,2.88,2.91,2.895,1.35,2.1710314750671387,1.0,0.8815433979034424,1.2894880771636963,0.0,2,2
xtail,passive_2,unlatch,burgeon,released_inventory,2,1.58,1.65,1.615,1.7650000000000001,6.348777684557717,1.0,5.472712132323068,0.8760655522346497,0.0,3,3
xtail,passive_2,wad,shimmer,released_inventory,2,3.06,2.98,3.02,1.87,1.5224184095859528,0.5,2.8634239733219147,-1.341005563735962,0.0,2,3
xtail,passive_2,wag,bask,released_inventory,2,3.03,2.93,2.98,2.085,7.452987372875214,1.0,7.476637780666351,-0.023650407791137695,0.0,2,2
xtail,passive_2,wallop,gloat,released_inventory,2,2.62,2.62,2.62,1.92,3.464005708694458,1.0,2.0761280059814453,1.3878777027130127,0.0,2,2
