source,tok,band,pair,side,lemma,set,subject,M,M_r1,coverage,correct,correct_r1
expansion,multi,near_head,acquit/relapse,trans,acquit,perfect,She,3.3961866403323113,1.6045418253681225,0.8966990710780747,True,True
expansion,multi,near_head,acquit/relapse,trans,acquit,perfect,He,3.158445844964932,1.5810939684894425,0.8176203808246071,True,True
expansion,multi,near_head,acquit/relapse,trans,acquit,perfect,They,2.321906475640813,1.7198797318005998,0.6539661243005271,True,True
expansion,multi,near_head,acquit/relapse,trans,acquit,perfect,We,2.0717419872825475,2.303079975277307,0.436643957479504,True,True
expansion,multi,near_head,acquit/relapse,trans,acquit,perfect,I,1.4429085932108943,1.406466586682579,0.22412931066101446,True,True
expansion,multi,near_head,acquit/relapse,trans,acquit,perfect,Maria,3.9667525454441717,1.8101904037902807,0.951434185824764,True,True
expansion,multi,near_head,acquit/relapse,trans,acquit,perfect,David,4.644746132026982,1.8105933632715665,0.959662846462055,True,True
expansion,multi,near_head,acquit/relapse,intrans,relapse,perfect,She,-1.5210674876911476,-2.4179283065986885,0.6140180560397867,True,True
expansion,multi,near_head,acquit/relapse,intrans,relapse,perfect,He,-1.8374391794535896,-2.7878285105767384,0.6048193260806759,True,True
expansion,multi,near_head,acquit/relapse,intrans,relapse,perfect,They,-2.402720877101777,-2.965629117819864,0.6649107230835926,True,True
expansion,multi,near_head,acquit/relapse,intrans,relapse,perfect,We,-2.3600022336646713,-2.8591916847266456,0.6057216565179268,True,True
expansion,multi,near_head,acquit/relapse,intrans,relapse,perfect,I,-1.8027242259991336,-2.6064686330248104,0.494217699216462,True,True
expansion,multi,near_head,acquit/relapse,intrans,relapse,perfect,Maria,-2.4267942700540464,-3.4254459944857487,0.7130028271863431,True,True
expansion,multi,near_head,acquit/relapse,intrans,relapse,perfect,David,-2.429501801168962,-3.164102739664881,0.7277400182328335,True,True
expansion,multi,near_head,baptize/sneeze,trans,baptize,perfect,She,1.1074535540701105,0.9798727306346853,0.5174497892483494,True,True
expansion,multi,near_head,baptize/sneeze,trans,baptize,perfect,He,0.6059260464280698,0.5091282876565584,0.45539276574734194,True,True
expansion,multi,near_head,baptize/sneeze,trans,baptize,perfect,They,0.6652513549436878,0.6672513125162258,0.4366937898783405,True,True
expansion,multi,near_head,baptize/sneeze,trans,baptize,perfect,We,1.4356114197889411,1.3982858351575096,0.4935045541710252,True,True
expansion,multi,near_head,baptize/sneeze,trans,baptize,perfect,I,0.8528102738809891,0.7912708269305917,0.45713312580542426,True,True
expansion,multi,near_head,baptize/sneeze,trans,baptize,perfect,Maria,1.7099938910917267,1.7780627993769493,0.5417472960570916,True,True
expansion,multi,near_head,baptize/sneeze,trans,baptize,perfect,David,0.9491730564614782,0.8835891853856468,0.481574071639861,True,True
expansion,multi,near_head,baptize/sneeze,intrans,sneeze,perfect,She,-1.043517920789096,-1.177466151657224,0.5240763473702768,True,True
expansion,multi,near_head,baptize/sneeze,intrans,sneeze,perfect,He,-1.1170703711654708,-1.2034760674149894,0.5564458433920915,True,True
expansion,multi,near_head,baptize/sneeze,intrans,sneeze,perfect,They,-1.7215044577155463,-1.8215491294057786,0.697091005834295,True,True
expansion,multi,near_head,baptize/sneeze,intrans,sneeze,perfect,We,-1.5111779016064912,-1.7520458020308491,0.6634533714234712,True,True
expansion,multi,near_head,baptize/sneeze,intrans,sneeze,perfect,I,-0.9508995712453491,-0.9317901180965009,0.5597190211054922,True,True
expansion,multi,near_head,baptize/sneeze,intrans,sneeze,perfect,Maria,-1.9174916307150918,-2.1657266498122008,0.6189997572769251,True,True
expansion,multi,near_head,baptize/sneeze,intrans,sneeze,perfect,David,-1.530191388987387,-1.5550511055030525,0.5230348420483549,True,True
expansion,multi,near_head,contradict/recur,trans,contradict,perfect,She,3.4888054921648535,2.7104593059657827,0.7665604863077569,True,True
expansion,multi,near_head,contradict/recur,trans,contradict,perfect,He,3.296264699707012,2.6727342448967204,0.7422116602403122,True,True
expansion,multi,near_head,contradict/recur,trans,contradict,perfect,They,2.825122389134874,2.273209900269639,0.7417009933027459,True,True
expansion,multi,near_head,contradict/recur,trans,contradict,perfect,We,2.89825186759728,2.6771766842143743,0.5404773853900958,True,True
expansion,multi,near_head,contradict/recur,trans,contradict,perfect,I,1.7816863544974935,1.5332405256663084,0.31537766594370154,True,True
expansion,multi,near_head,contradict/recur,trans,contradict,perfect,Maria,3.4732862531486473,2.9645922805808738,0.7477080680475335,True,True
expansion,multi,near_head,contradict/recur,trans,contradict,perfect,David,3.828992113504624,2.776662825872013,0.8440510334736,True,True
expansion,multi,near_head,contradict/recur,intrans,recur,perfect,She,-2.344236450193952,-2.8884294660219427,0.7875283237095657,True,True
expansion,multi,near_head,contradict/recur,intrans,recur,perfect,He,-2.4211681466529726,-2.832107153884192,0.7993462744828381,True,True
expansion,multi,near_head,contradict/recur,intrans,recur,perfect,They,-2.3640751275692287,-2.9967455059744417,0.7464118328491227,True,True
expansion,multi,near_head,contradict/recur,intrans,recur,perfect,We,-3.1792197129064603,-3.545622111982707,0.9175777639060178,True,True
expansion,multi,near_head,contradict/recur,intrans,recur,perfect,I,-1.2924240684646509,-1.5042903178563871,0.7975288508912552,True,True
expansion,multi,near_head,contradict/recur,intrans,recur,perfect,Maria,-2.597598312888827,-3.1177435894453738,0.8389906317461361,True,True
expansion,multi,near_head,contradict/recur,intrans,recur,perfect,David,-2.266187946447722,-2.40313243752129,0.8685656063490713,True,True
expansion,multi,near_head,curate/cringe,trans,curate,perfect,She,1.5437005290301151,1.5570854427397642,0.6074032974934954,True,True
expansion,multi,near_head,curate/cringe,trans,curate,perfect,He,1.2574969524104056,1.280934122117658,0.5676605140583353,True,True
expansion,multi,near_head,curate/cringe,trans,curate,perfect,They,2.416543838121299,2.559107059170866,0.7405980736081624,True,True
expansion,multi,near_head,curate/cringe,trans,curate,perfect,We,2.257202037051126,2.3086875429945564,0.7764539244254923,True,True
expansion,multi,near_head,curate/cringe,trans,curate,perfect,I,2.060326571126114,2.102661362904067,0.779626232216707,True,True
expansion,multi,near_head,curate/cringe,trans,curate,perfect,Maria,2.204949536987529,2.260653867706322,0.7655438006886961,True,True
expansion,multi,near_head,curate/cringe,trans,curate,perfect,David,1.9610142991556148,2.0328712983160204,0.7500753142728098,True,True
expansion,multi,near_head,curate/cringe,intrans,cringe,perfect,She,-2.1381058944349967,-2.4007237729163595,0.8117699681592434,True,True
expansion,multi,near_head,curate/cringe,intrans,cringe,perfect,He,-2.338878639719785,-2.5949282934092235,0.8292103471417873,True,True
expansion,multi,near_head,curate/cringe,intrans,cringe,perfect,They,-3.0004495692568947,-3.142099133616049,0.8688238123780838,True,True
expansion,multi,near_head,curate/cringe,intrans,cringe,perfect,We,-2.752734092076911,-3.296345075954689,0.8672959649600155,True,True
expansion,multi,near_head,curate/cringe,intrans,cringe,perfect,I,-1.8773674457762048,-2.3721616007630653,0.8046164112462711,True,True
expansion,multi,near_head,curate/cringe,intrans,cringe,perfect,Maria,-2.5953630457195427,-3.032270944816386,0.8731516698779411,True,True
expansion,multi,near_head,curate/cringe,intrans,cringe,perfect,David,-2.0194689308581903,-2.2630707647754296,0.8373868097832426,True,True
expansion,multi,near_head,disqualify/limp,trans,disqualify,perfect,She,3.289741722472228,0.6997042288617097,0.9088855718257736,True,True
expansion,multi,near_head,disqualify/limp,trans,disqualify,perfect,He,3.2407675613193034,1.155531958538425,0.8310774403508386,True,True
expansion,multi,near_head,disqualify/limp,trans,disqualify,perfect,They,2.632465707288342,1.9713530494228306,0.5915907953219901,True,True
expansion,multi,near_head,disqualify/limp,trans,disqualify,perfect,We,2.2029019655735724,2.1182457767059364,0.3520490213752355,True,True
expansion,multi,near_head,disqualify/limp,trans,disqualify,perfect,I,1.267309562936415,0.9889826870887317,0.22018253341781827,True,True
expansion,multi,near_head,disqualify/limp,trans,disqualify,perfect,Maria,3.0655971839549103,1.0144426479746804,0.8415419033451746,True,True
expansion,multi,near_head,disqualify/limp,trans,disqualify,perfect,David,3.4657591323474497,1.1190050099110938,0.9011310834992335,True,True
expansion,multi,near_head,disqualify/limp,intrans,limp,perfect,She,-1.832973227447832,-1.382886115135029,0.6328820837407911,True,True
expansion,multi,near_head,disqualify/limp,intrans,limp,perfect,He,-1.6337661373117607,-1.1712826916958528,0.6046550692363463,True,True
expansion,multi,near_head,disqualify/limp,intrans,limp,perfect,They,-2.1893660296068393,-1.8553556572394758,0.5020228282895556,True,True
expansion,multi,near_head,disqualify/limp,intrans,limp,perfect,We,-1.6888857043715682,-2.2722965310841605,0.45019297904756944,True,True
expansion,multi,near_head,disqualify/limp,intrans,limp,perfect,I,-2.0273771937330554,-2.0912354339415105,0.564183739924946,True,True
expansion,multi,near_head,disqualify/limp,intrans,limp,perfect,Maria,-1.9031203463282425,-1.5207470204294355,0.48764300261185645,True,True
expansion,multi,near_head,disqualify/limp,intrans,limp,perfect,David,-1.7989703910096846,-1.4160292857059826,0.5131955966251217,True,True
expansion,multi,near_head,ratify/malfunction,trans,ratify,perfect,She,1.950374301720983,1.944454671781913,0.7694777850778644,True,True
expansion,multi,near_head,ratify/malfunction,trans,ratify,perfect,He,1.7817792846924219,1.799168209322238,0.7484886972732093,True,True
expansion,multi,near_head,ratify/malfunction,trans,ratify,perfect,They,2.429636822790014,2.5102312465936856,0.7922302975951332,True,True
expansion,multi,near_head,ratify/malfunction,trans,ratify,perfect,We,2.1277797569077666,2.1273535042915386,0.795141987678291,True,True
expansion,multi,near_head,ratify/malfunction,trans,ratify,perfect,I,1.6323227639355942,1.5830426677796932,0.783845587310349,True,True
expansion,multi,near_head,ratify/malfunction,trans,ratify,perfect,Maria,2.214309634810877,2.256114279816364,0.8274517559603771,True,True
expansion,multi,near_head,ratify/malfunction,trans,ratify,perfect,David,2.2423582635477906,2.2865128176533562,0.8026799162948617,True,True
expansion,multi,near_head,ratify/malfunction,intrans,malfunction,perfect,She,-1.7145809004262003,-1.7704433397282848,0.6382709107016785,True,True
expansion,multi,near_head,ratify/malfunction,intrans,malfunction,perfect,He,-1.390766481977049,-1.4155514487029859,0.6802907218218234,True,True
expansion,multi,near_head,ratify/malfunction,intrans,malfunction,perfect,They,-3.1763968047615387,-3.331504989597397,0.6776805388934837,True,True
expansion,multi,near_head,ratify/malfunction,intrans,malfunction,perfect,We,-2.533304365879328,-2.7687343645785,0.587833501342177,True,True
expansion,multi,near_head,ratify/malfunction,intrans,malfunction,perfect,I,-1.7499002939876642,-2.061993296705989,0.6105638034136018,True,True
expansion,multi,near_head,ratify/malfunction,intrans,malfunction,perfect,Maria,-2.914619419579652,-2.8749484752149463,0.7560367754575071,True,True
expansion,multi,near_head,ratify/malfunction,intrans,malfunction,perfect,David,-2.542482503053933,-2.4890452513201264,0.6758814588916949,True,True
expansion,multi,near_head,shun/tremble,trans,shun,perfect,She,2.3292591636969,2.0323512392467205,0.6247869897863241,True,True
expansion,multi,near_head,shun/tremble,trans,shun,perfect,He,2.566724795754504,2.5231880387529877,0.5287806376612615,True,True
expansion,multi,near_head,shun/tremble,trans,shun,perfect,They,2.681332766760771,2.356578931429498,0.6729443756033915,True,True
expansion,multi,near_head,shun/tremble,trans,shun,perfect,We,2.0721971145168414,2.039046485236742,0.6061554617685795,True,True
expansion,multi,near_head,shun/tremble,trans,shun,perfect,I,1.9110420643029165,1.7731137955789515,0.5542884818845987,True,True
expansion,multi,near_head,shun/tremble,trans,shun,perfect,Maria,2.620628646531885,2.6665606888500184,0.5673302923709713,True,True
expansion,multi,near_head,shun/tremble,trans,shun,perfect,David,2.5516678803217694,2.558816887647472,0.5300176947485644,True,True
expansion,multi,near_head,shun/tremble,intrans,tremble,perfect,She,-2.9711790420738695,-2.9141884428650204,0.7461028042414058,True,True
expansion,multi,near_head,shun/tremble,intrans,tremble,perfect,He,-3.0840172264813352,-3.133788294215348,0.8049276316568672,True,True
expansion,multi,near_head,shun/tremble,intrans,tremble,perfect,They,-3.575879166687226,-3.612603313574583,0.8440984242015036,True,True
expansion,multi,near_head,shun/tremble,intrans,tremble,perfect,We,-3.661445557034454,-4.100776129135686,0.8790090467276507,True,True
expansion,multi,near_head,shun/tremble,intrans,tremble,perfect,I,-3.3679974760181834,-3.955503987037775,0.8488792532129653,True,True
expansion,multi,near_head,shun/tremble,intrans,tremble,perfect,Maria,-3.3488084481817704,-3.472468280576255,0.83125119292391,True,True
expansion,multi,near_head,shun/tremble,intrans,tremble,perfect,David,-3.3709092937454,-3.4940097340344263,0.8439356626353687,True,True
expansion,multi,near_head,assassinate/perish,trans,assassinate,perfect,She,1.4912229354397626,1.5060092365618645,0.4860102676427477,True,True
expansion,multi,near_head,assassinate/perish,trans,assassinate,perfect,He,1.0160492534606202,1.0535631376015988,0.40005346708691863,True,True
expansion,multi,near_head,assassinate/perish,trans,assassinate,perfect,They,1.4381383430676995,1.3881154911956635,0.46225099299123895,True,True
expansion,multi,near_head,assassinate/perish,trans,assassinate,perfect,We,2.415835923170029,2.469653115740757,0.5221964908808507,True,True
expansion,multi,near_head,assassinate/perish,trans,assassinate,perfect,I,1.8958302889836616,1.8800568712689323,0.4710231680545482,True,True
expansion,multi,near_head,assassinate/perish,trans,assassinate,perfect,Maria,2.121241117060431,2.163291070196043,0.5274617709115974,True,True
expansion,multi,near_head,assassinate/perish,trans,assassinate,perfect,David,1.4898322385962361,1.4997799418776343,0.44801529837027415,True,True
expansion,multi,near_head,assassinate/perish,intrans,perish,perfect,She,-3.9119831317010094,-3.8609696686208865,0.5857274073034276,True,True
expansion,multi,near_head,assassinate/perish,intrans,perish,perfect,He,-3.564488943462944,-3.4512495498469917,0.6291780506920304,True,True
expansion,multi,near_head,assassinate/perish,intrans,perish,perfect,They,-4.136314249809726,-4.106684970297648,0.6981903972067195,True,True
expansion,multi,near_head,assassinate/perish,intrans,perish,perfect,We,-4.090219695743475,-4.076330411401971,0.6423839606901112,True,True
expansion,multi,near_head,assassinate/perish,intrans,perish,perfect,I,-3.6652634559655133,-3.69941187952671,0.6163711273402565,True,True
expansion,multi,near_head,assassinate/perish,intrans,perish,perfect,Maria,-4.3814520276864,-4.335671089659935,0.6739034913493354,True,True
expansion,multi,near_head,assassinate/perish,intrans,perish,perfect,David,-4.217424461826088,-4.106638259352125,0.6493065260887996,True,True
expansion,multi,near_head,censor/loom,trans,censor,perfect,She,1.917826599930144,1.568182732005177,0.6386856258309718,True,True
expansion,multi,near_head,censor/loom,trans,censor,perfect,He,1.5788546486974298,1.3260164764337468,0.5661352237976827,True,True
expansion,multi,near_head,censor/loom,trans,censor,perfect,They,1.5987641939048625,1.467562455247479,0.5845239586309182,True,True
expansion,multi,near_head,censor/loom,trans,censor,perfect,We,2.517152520567198,2.597685168309348,0.517221879505837,True,True
expansion,multi,near_head,censor/loom,trans,censor,perfect,I,2.147043991534522,2.3020509942634204,0.5961521464654534,True,True
expansion,multi,near_head,censor/loom,trans,censor,perfect,Maria,2.1932147888682607,1.9690809887753644,0.6361843822642242,True,True
expansion,multi,near_head,censor/loom,trans,censor,perfect,David,1.8818020134972306,1.7329541192531517,0.5973972900212207,True,True
expansion,multi,near_head,censor/loom,intrans,loom,perfect,She,-4.261563358052671,-4.363553060884608,0.6410473423939134,True,True
expansion,multi,near_head,censor/loom,intrans,loom,perfect,He,-4.099393863006894,-4.15211701362545,0.5190404331434867,True,True
expansion,multi,near_head,censor/loom,intrans,loom,perfect,They,-4.35491965511993,-4.431977041731162,0.606364071055872,True,True
expansion,multi,near_head,censor/loom,intrans,loom,perfect,We,-1.1603310657870272,-1.0472205429620562,0.5963792639403485,True,True
expansion,multi,near_head,censor/loom,intrans,loom,perfect,I,-1.0546360649168787,-1.006228174985425,0.6596376491343131,True,True
expansion,multi,near_head,censor/loom,intrans,loom,perfect,Maria,-4.299048814731791,-4.257437379936823,0.4630285445722052,True,True
expansion,multi,near_head,censor/loom,intrans,loom,perfect,David,-4.010180708633467,-3.9795395840321257,0.558955191340375,True,True
expansion,multi,head,annex/fart,trans,annex,perfect,She,1.7845110979105898,1.8572953783602264,0.5679784740650675,True,True
expansion,multi,head,annex/fart,trans,annex,perfect,He,1.6737166578690732,1.7863978378557994,0.4667288063065817,True,True
expansion,multi,head,annex/fart,trans,annex,perfect,They,1.783816708104733,1.9513966679006718,0.44428028977990874,True,True
expansion,multi,head,annex/fart,trans,annex,perfect,We,1.0064107137967582,0.9461805529751839,0.732030300117428,True,True
expansion,multi,head,annex/fart,trans,annex,perfect,I,1.0918926581194226,1.0001331298638936,0.7271213195200551,True,True
expansion,multi,head,annex/fart,trans,annex,perfect,Maria,1.8121031438069837,1.9110740323635194,0.5688141743564322,True,True
expansion,multi,head,annex/fart,trans,annex,perfect,David,1.6776682217057384,1.8384076123898825,0.5132672938729735,True,True
expansion,multi,near_head,annex/fart,intrans,fart,perfect,She,-1.7388286584168322,-1.6781171853213344,0.5424245637476152,True,True
expansion,multi,near_head,annex/fart,intrans,fart,perfect,He,-1.8027208158009207,-1.7453316863341177,0.633251056699204,True,True
expansion,multi,near_head,annex/fart,intrans,fart,perfect,They,-1.598930919911237,-1.4412026535764497,0.626951197236293,True,True
expansion,multi,near_head,annex/fart,intrans,fart,perfect,We,-0.9007127451376483,-1.0242991833179356,0.6463608235644812,True,True
expansion,multi,near_head,annex/fart,intrans,fart,perfect,I,-1.5694371197856167,-1.8400432007011702,0.5818998182152915,True,True
expansion,multi,near_head,annex/fart,intrans,fart,perfect,Maria,-1.7807607245835575,-1.7090918851892005,0.6271971184762013,True,True
expansion,multi,near_head,annex/fart,intrans,fart,perfect,David,-1.8522021395055286,-1.832418202975017,0.5370825861885065,True,True
expansion,multi,near_head,deceive/ache,trans,deceive,perfect,She,1.943922886935065,1.0917001084219833,0.647998295528867,True,True
expansion,multi,near_head,deceive/ache,trans,deceive,perfect,He,1.5951856281952723,1.0918616706274689,0.6253339477091299,True,True
expansion,multi,near_head,deceive/ache,trans,deceive,perfect,They,1.9613970184288134,1.2418432017226773,0.6249860937550876,True,True
expansion,multi,near_head,deceive/ache,trans,deceive,perfect,We,1.6022617374380708,1.450485542231655,0.33927059453609587,True,True
expansion,multi,near_head,deceive/ache,trans,deceive,perfect,I,1.4688402963273741,1.184671841828577,0.2887358452677528,True,True
expansion,multi,near_head,deceive/ache,trans,deceive,perfect,Maria,2.4235144399958837,1.8623902170602793,0.588799178288997,True,True
expansion,multi,near_head,deceive/ache,trans,deceive,perfect,David,2.2893370687093495,1.502239107947534,0.6507015223877768,True,True
expansion,multi,near_head,deceive/ache,intrans,ache,perfect,She,-3.393179004538858,-3.971817590438447,0.9324220307007925,True,True
expansion,multi,near_head,deceive/ache,intrans,ache,perfect,He,-2.488292377633491,-3.054345225887469,0.9264455940022868,True,True
expansion,multi,near_head,deceive/ache,intrans,ache,perfect,They,-1.1331492594660806,-1.657761793255704,0.838943731471861,True,True
expansion,multi,near_head,deceive/ache,intrans,ache,perfect,We,-2.942235931793711,-3.6174712348833404,0.9262934097330859,True,True
expansion,multi,near_head,deceive/ache,intrans,ache,perfect,I,-2.6842278851378123,-3.4883216581047316,0.8777577611778579,True,True
expansion,multi,near_head,deceive/ache,intrans,ache,perfect,Maria,-3.375238192739871,-3.630094533062519,0.93878372881455,True,True
expansion,multi,near_head,deceive/ache,intrans,ache,perfect,David,-2.6098459173206456,-2.822044832349507,0.8767998427266654,True,True
expansion,multi,near_head,pardon/faint,trans,pardon,perfect,She,1.820458064267648,1.3479287071022064,0.6035937195424623,True,True
expansion,multi,near_head,pardon/faint,trans,pardon,perfect,He,1.0999829129321452,0.9988986271711529,0.4433010232811863,True,True
expansion,multi,near_head,pardon/faint,trans,pardon,perfect,They,1.4604448068260816,1.2593821295983094,0.5213177649829076,True,True
expansion,multi,near_head,pardon/faint,trans,pardon,perfect,We,1.594851083370195,1.6091013144020714,0.4938436876542425,True,True
expansion,multi,near_head,pardon/faint,trans,pardon,perfect,I,1.7346745057583979,1.6573138705300012,0.518447580315835,True,True
expansion,multi,near_head,pardon/faint,trans,pardon,perfect,Maria,2.25784115574174,2.080251024198853,0.5544469464541574,True,True
expansion,multi,near_head,pardon/faint,trans,pardon,perfect,David,2.0611695825786964,1.7399102793718064,0.5298189832267197,True,True
expansion,multi,near_head,pardon/faint,intrans,faint,perfect,She,-2.7646780251342022,-3.7728977286037053,0.5428384542668151,True,True
expansion,multi,near_head,pardon/faint,intrans,faint,perfect,He,-2.4283167355235693,-3.6248779008461267,0.5904640506826777,True,True
expansion,multi,near_head,pardon/faint,intrans,faint,perfect,They,-3.753274539242441,-3.948034224886754,0.654723412114891,True,True
expansion,multi,near_head,pardon/faint,intrans,faint,perfect,We,-2.1873328659191573,-2.121239860133556,0.6924065634862415,True,True
expansion,multi,near_head,pardon/faint,intrans,faint,perfect,I,-2.1735064030667393,-3.04056380336245,0.6201950447599953,True,True
expansion,multi,near_head,pardon/faint,intrans,faint,perfect,Maria,-4.027050891643644,-4.63875227040911,0.7307027100071293,True,True
expansion,multi,near_head,pardon/faint,intrans,faint,perfect,David,-3.999299328045076,-4.325076970675513,0.6589102682729283,True,True
expansion,multi,head,sack/reign,trans,sack,perfect,She,1.8402348741698873,1.7976912632685533,0.5029248851054323,True,True
expansion,multi,head,sack/reign,trans,sack,perfect,He,1.2402243164789128,1.2640913688290534,0.3872705908130693,True,True
expansion,multi,head,sack/reign,trans,sack,perfect,They,2.329493072730487,2.3443029687842616,0.52513516710632,True,True
expansion,multi,head,sack/reign,trans,sack,perfect,We,2.713758621587997,2.71357068196337,0.4997232912783573,True,True
expansion,multi,head,sack/reign,trans,sack,perfect,I,2.2542143290451966,2.125311566066013,0.5118384171427084,True,True
expansion,multi,head,sack/reign,trans,sack,perfect,Maria,2.0796812709830745,2.150289470487732,0.46082546047515205,True,True
expansion,multi,head,sack/reign,trans,sack,perfect,David,2.2548654585966035,2.348286277074758,0.4545117283206651,True,True
expansion,multi,near_head,sack/reign,intrans,reign,perfect,She,-3.46056441011866,-3.4997962102090656,0.8015981131085551,True,True
expansion,multi,near_head,sack/reign,intrans,reign,perfect,He,-3.511693478766646,-3.535907687963495,0.8027848240878361,True,True
expansion,multi,near_head,sack/reign,intrans,reign,perfect,They,-2.733289434642348,-2.676426236915818,0.7371227021566461,True,True
expansion,multi,near_head,sack/reign,intrans,reign,perfect,We,-3.205029559590112,-3.2119743804007364,0.7650385728010926,True,True
expansion,multi,near_head,sack/reign,intrans,reign,perfect,I,-3.1053140709916107,-3.1754606330517268,0.7746356621065951,True,True
expansion,multi,near_head,sack/reign,intrans,reign,perfect,Maria,-3.6581402344927416,-3.6391304143605523,0.8344357312218775,True,True
expansion,multi,near_head,sack/reign,intrans,reign,perfect,David,-3.805261551713122,-3.8030904079384773,0.8137625801471006,True,True
expansion,multi,head,slaughter/sprint,trans,slaughter,perfect,She,1.4423693722543292,1.4562906784308913,0.5419371180066171,True,True
expansion,multi,head,slaughter/sprint,trans,slaughter,perfect,He,1.0553600424469154,1.0815360555599152,0.4542106085096044,True,True
expansion,multi,head,slaughter/sprint,trans,slaughter,perfect,They,1.18860617462743,1.0105080059384934,0.5186460226236516,True,True
expansion,multi,head,slaughter/sprint,trans,slaughter,perfect,We,1.6830012676945563,1.511386106756714,0.5388581821372062,True,True
expansion,multi,head,slaughter/sprint,trans,slaughter,perfect,I,1.190052299801003,0.9232013174152942,0.4518551090399377,True,True
expansion,multi,head,slaughter/sprint,trans,slaughter,perfect,Maria,1.6228541114967152,1.763292366396001,0.5580628404148106,True,True
expansion,multi,head,slaughter/sprint,trans,slaughter,perfect,David,1.4976021753826387,1.6164315721592117,0.518643300301763,True,True
expansion,multi,near_head,slaughter/sprint,intrans,sprint,perfect,She,-2.0982311879313995,-1.8010146682099755,0.5755456017893319,True,True
expansion,multi,near_head,slaughter/sprint,intrans,sprint,perfect,He,-1.9054048124758725,-1.6677994820933044,0.591562431162982,True,True
expansion,multi,near_head,slaughter/sprint,intrans,sprint,perfect,They,-2.004563608338456,-1.6025182159968636,0.5264423814124558,True,True
expansion,multi,near_head,slaughter/sprint,intrans,sprint,perfect,We,-1.689884852468237,-1.335973654948392,0.5810312249982823,True,True
expansion,multi,near_head,slaughter/sprint,intrans,sprint,perfect,I,-1.0517993628566333,-0.7226330823536273,0.6067231321123568,True,True
expansion,multi,near_head,slaughter/sprint,intrans,sprint,perfect,Maria,-2.891339502835432,-2.6460755208651046,0.5138562061555311,True,True
expansion,multi,near_head,slaughter/sprint,intrans,sprint,perfect,David,-2.472856466360676,-2.2253081067388685,0.5527143722299827,True,True
expansion,multi,near_head,repeal/defect,trans,repeal,perfect,She,2.611853069792246,2.7865929289218494,0.6642349240630532,True,True
expansion,multi,near_head,repeal/defect,trans,repeal,perfect,He,2.5364631543265794,2.715399977382546,0.6277712482794807,True,True
expansion,multi,near_head,repeal/defect,trans,repeal,perfect,They,3.2432037935060114,3.4763180677211283,0.6943567636156418,True,True
expansion,multi,near_head,repeal/defect,trans,repeal,perfect,We,2.9811848583746667,3.132264945915684,0.6490977088087299,True,True
expansion,multi,near_head,repeal/defect,trans,repeal,perfect,I,2.495366058601859,2.454439780480744,0.681116571649581,True,True
expansion,multi,near_head,repeal/defect,trans,repeal,perfect,Maria,2.8232449761735077,2.985609807899913,0.7283122654646031,True,True
expansion,multi,near_head,repeal/defect,trans,repeal,perfect,David,2.80835259315757,3.0408354794868306,0.6955629254217638,True,True
expansion,multi,near_head,repeal/defect,intrans,defect,perfect,She,-3.6590381084485486,-3.9689140275071977,0.8712149963193814,True,True
expansion,multi,near_head,repeal/defect,intrans,defect,perfect,He,-3.7971838248249172,-4.065874562497712,0.9020900162545284,True,True
expansion,multi,near_head,repeal/defect,intrans,defect,perfect,They,-3.1111404436590444,-3.3299664996928406,0.8109067492993757,True,True
expansion,multi,near_head,repeal/defect,intrans,defect,perfect,We,-3.4378149568045906,-3.608217020064244,0.7862879767864889,True,True
expansion,multi,near_head,repeal/defect,intrans,defect,perfect,I,-3.2208620807682267,-3.4289342206026903,0.7581860813870709,True,True
expansion,multi,near_head,repeal/defect,intrans,defect,perfect,Maria,-3.9793294870647693,-4.055902322525289,0.9187576098005202,True,True
expansion,multi,near_head,repeal/defect,intrans,defect,perfect,David,-4.289500090085178,-4.366715834739494,0.904750592774832,True,True
expansion,single,near_head,recite/kneel,trans,recite,perfect,She,1.1859968209379583,1.231214523598548,0.6764315552524325,True,True
expansion,single,near_head,recite/kneel,trans,recite,perfect,He,1.373002460183414,1.4550344862828117,0.648309224588035,True,True
expansion,single,near_head,recite/kneel,trans,recite,perfect,They,1.3250090817331948,1.474940276607098,0.711689698695399,True,True
expansion,single,near_head,recite/kneel,trans,recite,perfect,We,1.2434533107982049,1.3393221518551746,0.6532012057904192,True,True
expansion,single,near_head,recite/kneel,trans,recite,perfect,I,1.1772693357702355,1.1464561703096257,0.7435673844323779,True,True
expansion,single,near_head,recite/kneel,trans,recite,perfect,Maria,1.3826677186953704,1.4757655353704484,0.7409679983267533,True,True
expansion,single,near_head,recite/kneel,trans,recite,perfect,David,1.2729149822553891,1.3793601528713326,0.7470846789271839,True,True
expansion,single,near_head,recite/kneel,intrans,kneel,perfect,She,-3.8047164650055167,-4.283823182182076,0.6819440900166862,True,True
expansion,single,near_head,recite/kneel,intrans,kneel,perfect,He,-3.9435778823684084,-4.506157244048932,0.701070267791643,True,True
expansion,single,near_head,recite/kneel,intrans,kneel,perfect,They,-3.9087586749312453,-4.163480186656983,0.5910609126898898,True,True
expansion,single,near_head,recite/kneel,intrans,kneel,perfect,We,-4.323269597192375,-4.493561135103705,0.7616558667453913,True,True
expansion,single,near_head,recite/kneel,intrans,kneel,perfect,I,-4.563813882202018,-4.5849167475381005,0.7255474629841747,True,True
expansion,single,near_head,recite/kneel,intrans,kneel,perfect,Maria,-3.9172222661080576,-4.352408451022883,0.5860135601808744,True,True
expansion,single,near_head,recite/kneel,intrans,kneel,perfect,David,-4.077478990159979,-4.594693157911743,0.6548107953332728,True,True
expansion,single,near_head,infer/err,trans,infer,perfect,She,-0.562723651711323,-0.6030805192374764,0.4664438567067825,False,False
expansion,single,near_head,infer/err,trans,infer,perfect,He,-0.46463527927635195,-0.487082710971821,0.4352102712526303,False,False
expansion,single,near_head,infer/err,trans,infer,perfect,They,0.06294396656885559,0.06258134674034732,0.41635344309249506,True,True
expansion,single,near_head,infer/err,trans,infer,perfect,We,0.42524592913174986,0.43680200572951255,0.41172397955510376,True,True
expansion,single,near_head,infer/err,trans,infer,perfect,I,0.7324160781929054,0.781477500846619,0.46899995276045275,True,True
expansion,single,near_head,infer/err,trans,infer,perfect,Maria,0.2770870710477078,0.3194833251874514,0.3921493152339865,True,True
expansion,single,near_head,infer/err,trans,infer,perfect,David,-0.34060657212790235,-0.33548318681369005,0.45235238892298024,False,False
expansion,single,near_head,infer/err,intrans,err,perfect,She,-3.822632016963993,-4.092612123062129,0.6935001667556621,True,True
expansion,single,near_head,infer/err,intrans,err,perfect,He,-3.849284331091798,-4.09737266509123,0.6838728204986914,True,True
expansion,single,near_head,infer/err,intrans,err,perfect,They,-4.403932025681369,-4.571059021406896,0.7219681835134145,True,True
expansion,single,near_head,infer/err,intrans,err,perfect,We,-5.114707923518698,-5.24641161345597,0.6941021816923517,True,True
expansion,single,near_head,infer/err,intrans,err,perfect,I,-3.9160441541251,-4.042078009439264,0.6531092123031993,True,True
expansion,single,near_head,infer/err,intrans,err,perfect,Maria,-4.5113740066238055,-4.751230489383804,0.7704318632499529,True,True
expansion,single,near_head,infer/err,intrans,err,perfect,David,-4.239053244948558,-4.428871370341589,0.7338547496414877,True,True
expansion,single,near_head,snatch/persist,trans,snatch,perfect,She,1.4626531890060002,1.28890387146297,0.6048957603428884,True,True
expansion,single,near_head,snatch/persist,trans,snatch,perfect,He,1.4883543479720833,1.4145165732012441,0.5259312951668398,True,True
expansion,single,near_head,snatch/persist,trans,snatch,perfect,They,1.827611783427014,1.6201305804130433,0.5672558083559315,True,True
expansion,single,near_head,snatch/persist,trans,snatch,perfect,We,1.6591295792183494,1.5865253302684246,0.6074599587887458,True,True
expansion,single,near_head,snatch/persist,trans,snatch,perfect,I,1.42795772984035,1.3091130032947667,0.6232443693606172,True,True
expansion,single,near_head,snatch/persist,trans,snatch,perfect,Maria,1.9455023828872196,1.870823605938831,0.6041994354926776,True,True
expansion,single,near_head,snatch/persist,trans,snatch,perfect,David,2.349832281886855,2.23091715975263,0.6484123364630652,True,True
expansion,single,near_head,snatch/persist,intrans,persist,perfect,She,-4.5038757578234945,-4.564482223531709,0.8689178306203821,True,True
expansion,single,near_head,snatch/persist,intrans,persist,perfect,He,-4.416566534619389,-4.4410163537701886,0.9110014195099266,True,True
expansion,single,near_head,snatch/persist,intrans,persist,perfect,They,-3.5363183282267743,-3.497745044000052,0.8468622492465814,True,True
expansion,single,near_head,snatch/persist,intrans,persist,perfect,We,-3.332039784755516,-3.5830646849409447,0.8637886997442997,True,True
expansion,single,near_head,snatch/persist,intrans,persist,perfect,I,-2.2904951917471172,-2.491217831546054,0.8177889851980379,True,True
expansion,single,near_head,snatch/persist,intrans,persist,perfect,Maria,-3.8985935352938315,-3.872875635151202,0.8841839375614863,True,True
expansion,single,near_head,snatch/persist,intrans,persist,perfect,David,-4.143887102118837,-4.128171064184929,0.8563543827207263,True,True
expansion,single,near_head,probe/reside,trans,probe,perfect,She,0.49332275441575313,0.25175901388664856,0.7475673190414386,True,True
expansion,single,near_head,probe/reside,trans,probe,perfect,He,0.4071039398120837,0.34836962922359405,0.6765961331405672,True,True
expansion,single,near_head,probe/reside,trans,probe,perfect,They,0.6942061780371862,0.5001526063667547,0.7129818038549921,True,True
expansion,single,near_head,probe/reside,trans,probe,perfect,We,1.6939815528942865,1.6756871566205889,0.7513004635995945,True,True
expansion,single,near_head,probe/reside,trans,probe,perfect,I,0.7384977814584972,0.7341403629832775,0.7364253277739281,True,True
expansion,single,near_head,probe/reside,trans,probe,perfect,Maria,0.553878868604321,0.5587503154086232,0.6873167569462413,True,True
expansion,single,near_head,probe/reside,trans,probe,perfect,David,0.7982408401300835,0.7928389714988784,0.7045531058345239,True,True
expansion,single,near_head,probe/reside,intrans,reside,perfect,She,-5.698966366613226,-5.8945608590293554,0.9621683080640978,True,True
expansion,single,near_head,probe/reside,intrans,reside,perfect,He,-5.574590381894833,-5.760162289968038,0.9591808063864284,True,True
expansion,single,near_head,probe/reside,intrans,reside,perfect,They,-4.707448136287357,-4.729462676605619,0.8972707634881077,True,True
expansion,single,near_head,probe/reside,intrans,reside,perfect,We,-4.816095935227294,-4.96736209428855,0.9285669794707421,True,True
expansion,single,near_head,probe/reside,intrans,reside,perfect,I,-4.771306746782915,-5.073454559889974,0.9352783132361582,True,True
expansion,single,near_head,probe/reside,intrans,reside,perfect,Maria,-5.514387952267909,-5.652846563655637,0.9549234625602043,True,True
expansion,single,near_head,probe/reside,intrans,reside,perfect,David,-5.461122046038011,-5.645358913966689,0.9563852004676445,True,True
expansion,single,head,assess/arise,trans,assess,perfect,She,2.1005861427452546,2.010788112997259,0.6365630463095578,True,True
expansion,single,head,assess/arise,trans,assess,perfect,He,2.0579695190618095,2.1287956834564596,0.5764013983967374,True,True
expansion,single,head,assess/arise,trans,assess,perfect,They,2.3106347234353373,2.2691367259035253,0.6250406215371554,True,True
expansion,single,head,assess/arise,trans,assess,perfect,We,2.5383900034626943,2.6332974021975954,0.663566117773577,True,True
expansion,single,head,assess/arise,trans,assess,perfect,I,2.129835447363315,2.1236852398866146,0.6785116670017222,True,True
expansion,single,head,assess/arise,trans,assess,perfect,Maria,2.367884105573071,2.4686042861299216,0.5936988595511126,True,True
expansion,single,head,assess/arise,trans,assess,perfect,David,2.2946551524879193,2.3536016193221347,0.6603154313019067,True,True
expansion,single,near_head,assess/arise,intrans,arise,perfect,She,-3.1530852774036484,-3.2285437608924417,0.7161679726078256,True,True
expansion,single,near_head,assess/arise,intrans,arise,perfect,He,-3.1399179088454328,-3.1581518278123575,0.7650578281694783,True,True
expansion,single,near_head,assess/arise,intrans,arise,perfect,They,-3.5152451296996228,-3.650095152526197,0.7638242663148842,True,True
expansion,single,near_head,assess/arise,intrans,arise,perfect,We,-3.651969726862789,-3.633344372209835,0.7897247823378465,True,True
expansion,single,near_head,assess/arise,intrans,arise,perfect,I,-2.59816369341532,-2.5491374927117807,0.7570327020068481,True,True
expansion,single,near_head,assess/arise,intrans,arise,perfect,Maria,-3.5700224321073906,-3.592853471287757,0.8261585353642409,True,True
expansion,single,near_head,assess/arise,intrans,arise,perfect,David,-3.14257558934424,-3.136616994788778,0.8300895650919012,True,True
expansion,single,near_head,transplant/ensue,trans,transplant,perfect,She,1.7571218691742496,1.433866229375805,0.7292419482968158,True,True
expansion,single,near_head,transplant/ensue,trans,transplant,perfect,He,1.8333049593356932,1.5690793049473064,0.683761841938224,True,True
expansion,single,near_head,transplant/ensue,trans,transplant,perfect,They,1.918891773083421,1.946495954383915,0.607551262149976,True,True
expansion,single,near_head,transplant/ensue,trans,transplant,perfect,We,1.664515297832743,1.7166197252411206,0.45711510753717555,True,True
expansion,single,near_head,transplant/ensue,trans,transplant,perfect,I,1.5583519011148446,1.5484353397198134,0.5312112040821759,True,True
expansion,single,near_head,transplant/ensue,trans,transplant,perfect,Maria,1.8723395346678042,1.757915332657713,0.7286733370895203,True,True
expansion,single,near_head,transplant/ensue,trans,transplant,perfect,David,2.0624186551261268,1.9103756233166331,0.7384010121680253,True,True
expansion,single,near_head,transplant/ensue,intrans,ensue,perfect,She,0.015424214401816738,0.07232180269914412,0.7327222795440639,False,False
expansion,single,near_head,transplant/ensue,intrans,ensue,perfect,He,0.4840853897674552,0.5687268828694712,0.6893682290537597,False,False
expansion,single,near_head,transplant/ensue,intrans,ensue,perfect,They,-0.8575592914754555,-0.6814121009807391,0.6806479183170855,True,True
expansion,single,near_head,transplant/ensue,intrans,ensue,perfect,We,0.16242233902447678,0.2854630041957755,0.7131212764379926,False,False
expansion,single,near_head,transplant/ensue,intrans,ensue,perfect,I,0.2710419146629298,0.35543165095631535,0.6521589750242609,False,False
expansion,single,near_head,transplant/ensue,intrans,ensue,perfect,Maria,-1.2635498742054985,-1.15668220370818,0.7921389737057384,True,True
expansion,single,near_head,transplant/ensue,intrans,ensue,perfect,David,-0.7330016935526575,-0.6431978418796601,0.7782481879259514,True,True
orig_head,single,head,insure/vanish,trans,insure,perfect,She,1.5444743823796234,1.5156068985740425,0.6774068601677194,True,True
orig_head,single,head,insure/vanish,trans,insure,perfect,He,1.4700585866478781,1.540224269143187,0.60372278898791,True,True
orig_head,single,head,insure/vanish,trans,insure,perfect,They,1.3756950641512504,1.5584607925527139,0.6309470135015691,True,True
orig_head,single,head,insure/vanish,trans,insure,perfect,We,1.2432671734537077,1.20078350802794,0.5477939123594098,True,True
orig_head,single,head,insure/vanish,trans,insure,perfect,I,1.4709178368850244,1.4051870940629287,0.6577142430204307,True,True
orig_head,single,head,insure/vanish,trans,insure,perfect,Maria,1.7845990597781736,2.0424806451433213,0.6422732950211578,True,True
orig_head,single,head,insure/vanish,trans,insure,perfect,David,1.793233820000871,1.995550583190517,0.6719834295175465,True,True
orig_head,single,head,insure/vanish,intrans,vanish,perfect,She,-3.9378171653399674,-4.012684655460978,0.5668761067998731,True,True
orig_head,single,head,insure/vanish,intrans,vanish,perfect,He,-3.918535705091917,-3.967112659450767,0.6266317340174918,True,True
orig_head,single,head,insure/vanish,intrans,vanish,perfect,They,-4.026636432147655,-4.02921431214968,0.6759189250521754,True,True
orig_head,single,head,insure/vanish,intrans,vanish,perfect,We,-2.004873516384561,-2.1811961152475243,0.6395035383491979,True,True
orig_head,single,head,insure/vanish,intrans,vanish,perfect,I,-2.414492527413424,-2.726513021073486,0.5944192279715907,True,True
orig_head,single,head,insure/vanish,intrans,vanish,perfect,Maria,-5.031450640877712,-5.024264186364434,0.6855321022784835,True,True
orig_head,single,head,insure/vanish,intrans,vanish,perfect,David,-4.420572367841777,-4.4127693514199615,0.6785953804888311,True,True
orig_head,single,head,impose/emerge,trans,impose,perfect,She,1.4269178850362763,1.650966517796946,0.6262111733766312,True,True
orig_head,single,head,impose/emerge,trans,impose,perfect,He,2.160502149671182,2.3983475102741147,0.5310651023642523,True,True
orig_head,single,head,impose/emerge,trans,impose,perfect,They,1.406078940544695,1.7492482097761433,0.5960269782981448,True,True
orig_head,single,head,impose/emerge,trans,impose,perfect,We,1.3369048371129026,1.7849677939811026,0.6132211750894905,True,True
orig_head,single,head,impose/emerge,trans,impose,perfect,I,0.8853206901212294,1.262035972219524,0.6550202162789291,True,True
orig_head,single,head,impose/emerge,trans,impose,perfect,Maria,2.2963353246018796,2.439308009877821,0.5662298895486755,True,True
orig_head,single,head,impose/emerge,trans,impose,perfect,David,1.6022632281987417,1.8149418380430122,0.6202913724859769,True,True
orig_head,single,head,impose/emerge,intrans,emerge,perfect,She,-3.4850500663080197,-3.496633092442427,0.9182008397334082,True,True
orig_head,single,head,impose/emerge,intrans,emerge,perfect,He,-3.457505670949724,-3.4845823915100698,0.9174931524360836,True,True
orig_head,single,head,impose/emerge,intrans,emerge,perfect,They,-4.010629179146789,-4.105819671691233,0.8450601907944698,True,True
orig_head,single,head,impose/emerge,intrans,emerge,perfect,We,-3.850172734715668,-3.9006166774362017,0.875540350662392,True,True
orig_head,single,head,impose/emerge,intrans,emerge,perfect,I,-2.966678032622372,-3.0074724171247147,0.8144138805864429,True,True
orig_head,single,head,impose/emerge,intrans,emerge,perfect,Maria,-4.366302212286506,-4.381243793095098,0.9587917645435113,True,True
orig_head,single,head,impose/emerge,intrans,emerge,perfect,David,-4.267597900667127,-4.289285153463825,0.9551879818782724,True,True
orig_head,single,head,earn/occur,trans,earn,perfect,She,2.850558422125143,2.96907395181673,0.762447970412776,True,True
orig_head,single,head,earn/occur,trans,earn,perfect,He,3.021890285507836,3.2121634219957524,0.7374929821772948,True,True
orig_head,single,head,earn/occur,trans,earn,perfect,They,3.413194837478698,3.7896596971564787,0.7632141686040532,True,True
orig_head,single,head,earn/occur,trans,earn,perfect,We,3.1587377694452674,3.3238891382116322,0.7070603892005726,True,True
orig_head,single,head,earn/occur,trans,earn,perfect,I,2.813413584462812,2.807036961608924,0.7233041248454422,True,True
orig_head,single,head,earn/occur,trans,earn,perfect,Maria,3.0162220105546123,3.2364156723999766,0.7294564413005339,True,True
orig_head,single,head,earn/occur,trans,earn,perfect,David,3.059836234362901,3.237980626466597,0.7683627905682674,True,True
orig_head,single,head,earn/occur,intrans,occur,perfect,She,-2.136419248233514,-2.3554393989329108,0.7495945335292734,True,True
orig_head,single,head,earn/occur,intrans,occur,perfect,He,-1.6991876368365522,-1.861310527868211,0.7104287117356062,True,True
orig_head,single,head,earn/occur,intrans,occur,perfect,They,-3.7258512062946996,-4.186521769948621,0.7292165101082194,True,True
orig_head,single,head,earn/occur,intrans,occur,perfect,We,-1.7228307257814472,-1.716620213355521,0.8013223828354159,True,True
orig_head,single,head,earn/occur,intrans,occur,perfect,I,-1.7854488873528525,-1.8206201927259134,0.8235942571782173,True,True
orig_head,single,head,earn/occur,intrans,occur,perfect,Maria,-3.379810014848466,-3.7478592631796888,0.7500561973251384,True,True
orig_head,single,head,earn/occur,intrans,occur,perfect,David,-3.257351323251407,-3.468821209723469,0.7608230864612128,True,True
orig_head,single,head,host/exist,trans,host,perfect,She,1.7687409104236078,1.836717391185319,0.4936003507092695,True,True
orig_head,single,head,host/exist,trans,host,perfect,He,1.6709410201622554,1.703496519968524,0.4947517942897708,True,True
orig_head,single,head,host/exist,trans,host,perfect,They,2.2775566548398385,2.4917058089072905,0.4338085182099035,True,True
orig_head,single,head,host/exist,trans,host,perfect,We,1.9445832789948523,2.02829007740106,0.47679692950162583,True,True
orig_head,single,head,host/exist,trans,host,perfect,I,2.0713182490568385,1.9932626418911596,0.5858625663940756,True,True
orig_head,single,head,host/exist,trans,host,perfect,Maria,2.1436488360439028,2.2710066616356435,0.5287116610342351,True,True
orig_head,single,head,host/exist,trans,host,perfect,David,1.9586356928364879,2.0921799873550113,0.5567317632813912,True,True
orig_head,single,head,host/exist,intrans,exist,perfect,She,-3.6391549313636555,-3.635190670015193,0.8263767344052798,True,True
orig_head,single,head,host/exist,intrans,exist,perfect,He,-3.6354825270685165,-3.5617539759759733,0.8474926397809255,True,True
orig_head,single,head,host/exist,intrans,exist,perfect,They,-4.326461354676119,-4.217752671564644,0.8479746176402158,True,True
orig_head,single,head,host/exist,intrans,exist,perfect,We,-3.813018078313778,-3.8100094020200563,0.8347350297340302,True,True
orig_head,single,head,host/exist,intrans,exist,perfect,I,-3.1499670932579713,-3.204598588069349,0.7906672397426489,True,True
orig_head,single,head,host/exist,intrans,exist,perfect,Maria,-4.415395625767499,-4.207963028925063,0.8846178676913029,True,True
orig_head,single,head,host/exist,intrans,exist,perfect,David,-4.07520053935905,-3.8872305562394,0.8699371784485831,True,True
orig_head,single,head,score/remain,trans,score,perfect,She,0.3444739390941369,0.5352147784160768,0.29733279097298776,True,True
orig_head,single,head,score/remain,trans,score,perfect,He,-0.045439429815187005,0.12883656936799603,0.24183015266364263,False,True
orig_head,single,head,score/remain,trans,score,perfect,They,-0.013865256015864524,0.32423489282761286,0.26675110309509775,False,True
orig_head,single,head,score/remain,trans,score,perfect,We,1.2105721695014442,1.5602882978577004,0.4774731781047282,True,True
orig_head,single,head,score/remain,trans,score,perfect,I,1.1153794963183081,1.3223303350955968,0.4936398638487372,True,True
orig_head,single,head,score/remain,trans,score,perfect,Maria,0.31982705742134,0.5987199093032938,0.32500085968603987,True,True
orig_head,single,head,score/remain,trans,score,perfect,David,0.20610769809229224,0.40238658630868196,0.30644444144743677,True,True
orig_head,single,head,score/remain,intrans,remain,perfect,She,-0.393180949532397,-0.29525022367073417,0.40390337128804465,True,True
orig_head,single,head,score/remain,intrans,remain,perfect,He,-0.16035840632615184,-0.06817435956655693,0.42577486940809894,True,True
orig_head,single,head,score/remain,intrans,remain,perfect,They,-0.7474066912081612,-0.5975495718137716,0.38486900261519175,True,True
orig_head,single,head,score/remain,intrans,remain,perfect,We,-1.2331910950876448,-1.144670672425659,0.2778547257244121,True,True
orig_head,single,head,score/remain,intrans,remain,perfect,I,-0.8882147989380613,-0.8118697976837321,0.32622268906410773,True,True
orig_head,single,head,score/remain,intrans,remain,perfect,Maria,-0.4196503705614647,-0.32199842960435276,0.3615741167952187,True,True
orig_head,single,head,score/remain,intrans,remain,perfect,David,-0.3491241566014587,-0.26464967651237337,0.37155581076267885,True,True
orig_head,single,head,send/die,trans,send,perfect,She,1.9797018297196074,1.2459476467264712,0.6746645874347518,True,True
orig_head,single,head,send/die,trans,send,perfect,He,1.955092441278313,1.2803414054723545,0.6399221983481121,True,True
orig_head,single,head,send/die,trans,send,perfect,They,1.6811104315299432,1.241548399670425,0.6072538772136769,True,True
orig_head,single,head,send/die,trans,send,perfect,We,1.932511716513206,1.8388441587099467,0.46809843490881886,True,True
orig_head,single,head,send/die,trans,send,perfect,I,1.5451410423361578,1.4696311655836827,0.4958358738302782,True,True
orig_head,single,head,send/die,trans,send,perfect,Maria,2.168996716920262,1.5900521354300732,0.6909080790761845,True,True
orig_head,single,head,send/die,trans,send,perfect,David,2.114040234650574,1.4564336671876035,0.7119323441065886,True,True
orig_head,single,head,send/die,intrans,die,perfect,She,-3.0312844640798478,-2.818683191462793,0.4977091771495971,True,True
orig_head,single,head,send/die,intrans,die,perfect,He,-3.152478276197471,-2.9550988262190243,0.5461034488516191,True,True
orig_head,single,head,send/die,intrans,die,perfect,They,-3.312519736530275,-3.1616138789157224,0.661967131501801,True,True
orig_head,single,head,send/die,intrans,die,perfect,We,-2.3134591823513473,-2.2939273468684043,0.6170431018139559,True,True
orig_head,single,head,send/die,intrans,die,perfect,I,-2.396648220075952,-2.3144992483586035,0.5749350634270117,True,True
orig_head,single,head,send/die,intrans,die,perfect,Maria,-4.068980649509632,-3.915751516872225,0.6387171906067758,True,True
orig_head,single,head,send/die,intrans,die,perfect,David,-3.7127106422869556,-3.562364024057088,0.5273932218649315,True,True
orig_head,single,head,include/happen,trans,include,perfect,She,1.8727031074952012,1.8838725375579866,0.5688715263422602,True,True
orig_head,single,head,include/happen,trans,include,perfect,He,1.6968734408126753,1.6865844670833294,0.538998221864494,True,True
orig_head,single,head,include/happen,trans,include,perfect,They,1.2868506828424882,2.186577659600186,0.393379590944346,True,True
orig_head,single,head,include/happen,trans,include,perfect,We,1.9260641977396955,1.99417047124077,0.5990015476723914,True,True
orig_head,single,head,include/happen,trans,include,perfect,I,2.374711419448644,2.5898267136562083,0.6705736901415293,True,True
orig_head,single,head,include/happen,trans,include,perfect,Maria,1.6726294202214151,1.6825045459149646,0.5407363024449655,True,True
orig_head,single,head,include/happen,trans,include,perfect,David,2.1028263833311467,2.1658098333493667,0.5914982843749422,True,True
orig_head,single,head,include/happen,intrans,happen,perfect,She,-3.6777974129012487,-3.90383422461313,0.8166944132744444,True,True
orig_head,single,head,include/happen,intrans,happen,perfect,He,-3.302230494597065,-3.3448620263921325,0.7969953811792138,True,True
orig_head,single,head,include/happen,intrans,happen,perfect,They,-3.0923064669658364,-3.1090365871704733,0.72874833955022,True,True
orig_head,single,head,include/happen,intrans,happen,perfect,We,-3.922160081857124,-3.6496321333119197,0.8754819935846331,True,True
orig_head,single,head,include/happen,intrans,happen,perfect,I,-4.383421280393942,-4.200597994210696,0.9221794294813671,True,True
orig_head,single,head,include/happen,intrans,happen,perfect,Maria,-3.593399156106511,-3.6490488968448895,0.7517906667051869,True,True
orig_head,single,head,include/happen,intrans,happen,perfect,David,-3.2395332262987657,-3.288241610069854,0.7320765470503674,True,True
orig_head,single,head,thank/matter,trans,thank,perfect,She,3.349908911307381,2.863427677530294,0.5959316443991517,True,True
orig_head,single,head,thank/matter,trans,thank,perfect,He,3.2324958267007196,3.0340657567558518,0.5180077268539606,True,True
orig_head,single,head,thank/matter,trans,thank,perfect,They,3.883231649534393,2.7207177289252806,0.7850671642818423,True,True
orig_head,single,head,thank/matter,trans,thank,perfect,We,2.8388858935273102,2.678761644935491,0.4468862794590641,True,True
orig_head,single,head,thank/matter,trans,thank,perfect,I,2.200624318756644,2.0371765397885286,0.326298205319222,True,True
orig_head,single,head,thank/matter,trans,thank,perfect,Maria,3.542918102061888,3.449470557308307,0.47160997485099915,True,True
orig_head,single,head,thank/matter,trans,thank,perfect,David,3.765163067745623,3.413534579416425,0.5343425501262768,True,True
orig_head,single,head,thank/matter,intrans,matter,perfect,She,-2.153439189319062,-2.055351677257753,0.7038701339697289,True,True
orig_head,single,head,thank/matter,intrans,matter,perfect,He,-2.0434699186986514,-1.9353638151235577,0.6999396473234945,True,True
orig_head,single,head,thank/matter,intrans,matter,perfect,They,-2.0465573102189456,-1.9079147063595712,0.6772852500297436,True,True
orig_head,single,head,thank/matter,intrans,matter,perfect,We,-2.306410488888367,-2.1565616104697876,0.6757225864760958,True,True
orig_head,single,head,thank/matter,intrans,matter,perfect,I,-1.736732412316389,-1.6145602266065273,0.6935511089272988,True,True
orig_head,single,head,thank/matter,intrans,matter,perfect,Maria,-2.0081166499032155,-1.8850274104843252,0.7141487378777155,True,True
orig_head,single,head,thank/matter,intrans,matter,perfect,David,-2.21119438724732,-2.0952910284573143,0.6965122803259691,True,True
