lemma,participle,past
account,accounted,accounted
agree,agreed,agreed
amount,amounted,amounted
appeal,appealed,appealed
become,become,became
behave,behaved,behaved
care,cared,cared
comment,commented,commented
consist,consisted,consisted
depart,departed,departed
disappear,disappeared,disappeared
hope,hoped,hoped
insist,insisted,insisted
last,lasted,lasted
look,looked,looked
pray,prayed,prayed
react,reacted,reacted
rely,relied,relied
remark,remarked,remarked
scream,screamed,screamed
seem,seemed,seemed
shout,shouted,shouted
side,sided,sided
stare,stared,stared
stay,stayed,stayed
step,stepped,stepped
stumble,stumbled,stumbled
subscribe,subscribed,subscribed
succeed,succeeded,succeeded
wait,waited,waited
wonder,wondered,wondered
yell,yelled,yelled
ache,ached,ached
allude,alluded,alluded
arise,arisen,arose
chat,chatted,chatted
coincide,coincided,coincided
collaborate,collaborated,collaborated
comply,complied,complied
consent,consented,consented
contend,contended,contended
converse,conversed,conversed
crawl,crawled,crawled
cringe,cringed,cringed
defect,defected,defected
deliberate,deliberated,deliberated
depend,depended,depended
differ,differed,differed
disagree,disagreed,disagreed
dissent,dissented,dissented
dwell,dwelt,dwelt
ensue,ensued,ensued
err,erred,erred
erupt,erupted,erupted
excel,excelled,excelled
faint,fainted,fainted
fart,farted,farted
feud,feuded,feuded
flourish,flourished,flourished
frown,frowned,frowned
gasp,gasped,gasped
gaze,gazed,gazed
giggle,giggled,giggled
glance,glanced,glanced
groan,groaned,groaned
growl,growled,growled
hesitate,hesitated,hesitated
hint,hinted,hinted
howl,howled,howled
intervene,intervened,intervened
kneel,knelt,knelt
limp,limped,limped
long,longed,longed
loom,loomed,loomed
major,majored,majored
malfunction,malfunctioned,malfunctioned
meditate,meditated,meditated
moonlight,moonlighted,moonlighted
party,partied,partied
peek,peeked,peeked
peer,peered,peered
perish,perished,perished
persist,persisted,persisted
plead,pled,pled
preside,presided,presided
prevail,prevailed,prevailed
quarrel,quarrelled,quarrelled
rant,ranted,ranted
rebel,rebelled,rebelled
recur,recurred,recurred
reign,reigned,reigned
relapse,relapsed,relapsed
reside,resided,resided
resort,resorted,resorted
roam,roamed,roamed
sigh,sighed,sighed
sneeze,sneezed,sneezed
sob,sobbed,sobbed
speculate,speculated,speculated
sprint,sprinted,sprinted
strive,striven,strove
stroll,strolled,strolled
succumb,succumbed,succumbed
tamper,tampered,tampered
tower,towered,towered
tremble,trembled,trembled
trespass,trespassed,trespassed
triumph,triumphed,triumphed
vacation,vacationed,vacationed
wander,wandered,wandered
whine,whined,whined
yearn,yearned,yearned
abound,abounded,abounded
accede,acceded,acceded
acquiesce,acquiesced,acquiesced
elapse,elapsed,elapsed
elope,eloped,eloped
encroach,encroached,encroached
exclaim,exclaimed,exclaimed
flinch,flinched,flinched
overreact,overreacted,overreacted
relent,relented,relented
waver,wavered,wavered
assent,assented,assented
bicker,bickered,bickered
cavort,cavorted,cavorted
cohabit,cohabited,cohabited
convalesce,convalesced,convalesced
dally,dallied,dallied
equivocate,equivocated,equivocated
fraternize,fraternized,fraternized
frolic,frolicked,frolicked
grovel,groveled,groveled
hobnob,hobnobbed,hobnobbed
impinge,impinged,impinged
intercede,interceded,interceded
inveigh,inveighed,inveighed
loiter,loitered,loitered
luxuriate,luxuriated,luxuriated
menstruate,menstruated,menstruated
mosey,moseyed,moseyed
pontificate,pontificated,pontificated
prevaricate,prevaricated,prevaricated
pulsate,pulsated,pulsated
reemerge,reemerged,reemerged
reoccur,reoccurred,reoccurred
saunter,sauntered,sauntered
skulk,skulked,skulked
sojourn,sojourned,sojourned
tarry,tarried,tarried
throb,throbbed,throbbed
tiptoe,tiptoed,tiptoed
waddle,waddled,waddled
abduct,abducted,abducted
accept,accepted,accepted
accuse,accused,accused
acquire,acquired,acquired
address,addressed,addressed
adopt,adopted,adopted
advise,advised,advised
allow,allowed,allowed
analyze,analyzed,analyzed
annex,annexed,annexed
announce,announced,announced
appoint,appointed,appointed
arrest,arrested,arrested
assess,assessed,assessed
assist,assisted,assisted
attack,attacked,attacked
authorise,authorised,authorised
ban,banned,banned
bomb,bombed,bombed
bully,bullied,bullied
bury,buried,buried
capture,captured,captured
charter,chartered,chartered
chase,chased,chased
cheat,cheated,cheated
cite,cited,cited
command,commanded,commanded
condemn,condemned,condemned
conduct,conducted,conducted
confirm,confirmed,confirmed
contact,contacted,contacted
convict,convicted,convicted
criticize,criticized,criticized
deliver,delivered,delivered
demolish,demolished,demolished
deny,denied,denied
depict,depicted,depicted
describe,described,described
design,designed,designed
destroy,destroyed,destroyed
detect,detected,detected
diagnose,diagnosed,diagnosed
dismiss,dismissed,dismissed
donate,donated,donated
elect,elected,elected
enact,enacted,enacted
enforce,enforced,enforced
engrave,engraved,engraved
evaluate,evaluated,evaluated
examine,examined,examined
execute,executed,executed
fabricate,fabricated,fabricated
finance,financed,financed
fine,fined,fined
fool,fooled,fooled
greet,greeted,greeted
harass,harassed,harassed
honour,honoured,honoured
hype,hyped,hyped
identify,identified,identified
insult,insulted,insulted
jail,jailed,jailed
manufacture,manufactured,manufactured
master,mastered,mastered
nail,nailed,nailed
pressure,pressured,pressured
publish,published,published
renovate,renovated,renovated
ride,ridden,rode
rig,rigged,rigged
sack,sacked,sacked
scrap,scrapped,scrapped
shave,shaved,shaved
sight,sighted,sighted
skin,skinned,skinned
slaughter,slaughtered,slaughtered
tape,taped,taped
televise,televised,televised
accord,accorded,accorded
acquit,acquitted,acquitted
archive,archived,archived
assassinate,assassinated,assassinated
author,authored,authored
banish,banished,banished
baptize,baptized,baptized
cache,cached,cached
censor,censored,censored
chair,chaired,chaired
clone,cloned,cloned
coin,coined,coined
compute,computed,computed
confiscate,confiscated,confiscated
congratulate,congratulated,congratulated
conserve,conserved,conserved
contradict,contradicted,contradicted
convey,conveyed,conveyed
copyright,copyrighted,copyrighted
counterfeit,counterfeited,counterfeited
curate,curated,curated
deceive,deceived,deceived
denounce,denounced,denounced
dictate,dictated,dictated
discredit,discredited,discredited
disqualify,disqualified,disqualified
duplicate,duplicated,duplicated
elaborate,elaborated,elaborated
encrypt,encrypted,encrypted
envision,envisioned,envisioned
escort,escorted,escorted
evict,evicted,evicted
evoke,evoked,evoked
facilitate,facilitated,facilitated
forfeit,forfeited,forfeited
format,formatted,formatted
grade,graded,graded
grasp,grasped,grasped
grate,grated,grated
grip,gripped,gripped
haul,hauled,hauled
hoard,hoarded,hoarded
hug,hugged,hugged
image,imaged,imaged
infer,inferred,inferred
inhale,inhaled,inhaled
inscribe,inscribed,inscribed
institute,instituted,instituted
interrogate,interrogated,interrogated
loot,looted,looted
lynch,lynched,lynched
mine,mined,mined
minimize,minimized,minimized
mock,mocked,mocked
obey,obeyed,obeyed
pardon,pardoned,pardoned
pen,penned,penned
persecute,persecuted,persecuted
probe,probed,probed
quantify,quantified,quantified
raid,raided,raided
ratify,ratified,ratified
recite,recited,recited
refurbish,refurbished,refurbished
regain,regained,regained
relegate,relegated,relegated
renounce,renounced,renounced
repeal,repealed,repealed
rewrite,rewritten,rewrote
ridicule,ridiculed,ridiculed
rinse,rinsed,rinsed
sabotage,sabotaged,sabotaged
sample,sampled,sampled
sequence,sequenced,sequenced
shun,shunned,shunned
signal,signaled,signaled
simulate,simulated,simulated
snatch,snatched,snatched
solicit,solicited,solicited
summarize,summarized,summarized
taunt,taunted,taunted
thwart,thwarted,thwarted
tow,towed,towed
transplant,transplanted,transplanted
trick,tricked,tricked
underestimate,underestimated,underestimated
validate,validated,validated
visualize,visualized,visualized
waive,waived,waived
withhold,withheld,withheld
worship,worshipped,worshipped
abbreviate,abbreviated,abbreviated
admonish,admonished,admonished
adulterate,adulterated,adulterated
append,appended,appended
apportion,apportioned,apportioned
appraise,appraised,appraised
arraign,arraigned,arraigned
ascertain,ascertained,ascertained
assail,assailed,assailed
bequeath,bequeathed,bequeathed
berate,berated,berated
bludgeon,bludgeoned,bludgeoned
calibrate,calibrated,calibrated
commandeer,commandeered,commandeered
computerize,computerized,computerized
corroborate,corroborated,corroborated
decode,decoded,decoded
deduce,deduced,deduced
deface,defaced,defaced
defraud,defrauded,defrauded
deprecate,deprecated,deprecated
desecrate,desecrated,desecrated
disavow,disavowed,disavowed
disparage,disparaged,disparaged
dissect,dissected,dissected
disseminate,disseminated,disseminated
elicit,elicited,elicited
elucidate,elucidated,elucidated
embezzle,embezzled,embezzled
encapsulate,encapsulated,encapsulated
entomb,entombed,entombed
enumerate,enumerated,enumerated
excise,excised,excised
exemplify,exemplified,exemplified
exonerate,exonerated,exonerated
expend,expended,expended
extradite,extradited,extradited
falsify,falsified,falsified
hypothesize,hypothesized,hypothesized
immobilize,immobilized,immobilized
immunize,immunized,immunized
impound,impounded,impounded
individualize,individualized,individualized
inoculate,inoculated,inoculated
irradiate,irradiated,irradiated
maul,mauled,mauled
mince,minced,minced
misquote,misquoted,misquoted
misrepresent,misrepresented,misrepresented
murmur,murmured,murmured
mutter,muttered,muttered
notarize,notarized,notarized
overrule,overruled,overruled
pillage,pillaged,pillaged
plagiarize,plagiarized,plagiarized
postulate,postulated,postulated
proffer,proffered,proffered
randomise,randomised,randomised
ransack,ransacked,ransacked
raze,razed,razed
reprimand,reprimanded,reprimanded
repudiate,repudiated,repudiated
requisition,requisitioned,requisitioned
revile,reviled,reviled
scold,scolded,scolded
secrete,secreted,secreted
serialize,serialized,serialized
sheathe,sheathed,sheathed
subtract,subtracted,subtracted
superimpose,superimposed,superimposed
transcribe,transcribed,transcribed
truncate,truncated,truncated
usurp,usurped,usurped
vandalize,vandalized,vandalized
besmirch,besmirched,besmirched
browbeat,browbeaten,browbeat
cajole,cajoled,cajoled
centrifuge,centrifuged,centrifuged
despoil,despoiled,despoiled
eulogize,eulogized,eulogized
pilfer,pilfered,pilfered
pretreat,pretreated,pretreated
transfect,transfected,transfected
waylay,waylaid,waylaid
insure,insured,insured
vanish,vanished,vanished
confront,confronted,confronted
testify,testified,testified
impose,imposed,imposed
emerge,emerged,emerged
lend,lent,lent
opt,opted,opted
exhibit,exhibited,exhibited
proceed,proceeded,proceeded
lease,leased,leased
apologize,apologized,apologized
upgrade,upgraded,upgraded
complain,complained,complained
sum,summed,summed
compete,competed,competed
rob,robbed,robbed
belong,belonged,belonged
introduce,introduced,introduced
arrive,arrived,arrived
defend,defended,defended
participate,participated,participated
earn,earned,earned
occur,occurred,occurred
celebrate,celebrated,celebrated
reply,replied,replied
crown,crowned,crowned
object,objected,objected
load,loaded,loaded
respond,responded,responded
blame,blamed,blamed
struggle,struggled,struggled
measure,measured,measured
laugh,laughed,laughed
host,hosted,hosted
exist,existed,existed
bet,bet,bet
appear,appeared,appeared
target,targeted,targeted
lie,lied,lied
score,scored,scored
remain,remained,remained
hate,hated,hated
listen,listened,listened
send,sent,sent
die,died,died
rate,rated,rated
result,resulted,resulted
include,included,included
happen,happened,happened
thank,thanked,thanked
matter,mattered,mattered
galvanize,galvanized,galvanized
transpire,transpired,transpired
subjugate,subjugated,subjugated
collude,colluded,colluded
blurt,blurted,blurted
stagnate,stagnated,stagnated
eschew,eschewed,eschewed
languish,languished,languished
christen,christened,christened
dwindle,dwindled,dwindled
outdo,outdone,outdid
recede,receded,receded
reinstall,reinstalled,reinstalled
seep,seeped,seeped
whitewash,whitewashed,whitewashed
wane,waned,waned
ingest,ingested,ingested
conspire,conspired,conspired
overestimate,overestimated,overestimated
diverge,diverged,diverged
smother,smothered,smothered
subside,subsided,subsided
coerce,coerced,coerced
emigrate,emigrated,emigrated
recast,recast,recast
reappear,reappeared,reappeared
subvert,subverted,subverted
persevere,persevered,persevered
quell,quelled,quelled
sympathize,sympathized,sympathized
preclude,precluded,precluded
fluctuate,fluctuated,fluctuated
garnish,garnished,garnished
toil,toiled,toiled
stow,stowed,stowed
abstain,abstained,abstained
rouse,roused,roused
lurk,lurked,lurked
transcend,transcended,transcended
concur,concurred,concurred
nab,nabbed,nabbed
retaliate,retaliated,retaliated
stockpile,stockpiled,stockpiled
shudder,shuddered,shuddered
imitate,imitated,imitated
linger,lingered,lingered
slander,slandered,slandered
glare,glared,glared
exert,exerted,exerted
slump,slumped,slumped
fleece,fleeced,fleeced
vie,vied,vied
evade,evaded,evaded
inquire,inquired,inquired
deter,deterred,deterred
flirt,flirted,flirted
commemorate,commemorated,commemorated
brag,bragged,bragged
bribe,bribed,bribed
correspond,corresponded,corresponded
safeguard,safeguarded,safeguarded
blush,blushed,blushed
tame,tamed,tamed
chuckle,chuckled,chuckled
orphan,orphaned,orphaned
adhere,adhered,adhered
heap,heaped,heaped
grin,grinned,grinned
quarry,quarried,quarried
rave,raved,raved
gag,gagged,gagged
blossom,blossomed,blossomed
approximate,approximated,approximated
muse,mused,mused
scrub,scrubbed,scrubbed
thrive,thrived,thrived
perfume,perfumed,perfumed
reel,reeled,reeled
dice,diced,diced
cooperate,cooperated,cooperated
awe,awed,awed
glow,glowed,glowed
utter,uttered,uttered
creep,crept,crept
trademark,trademarked,trademarked
bloom,bloomed,bloomed
dope,doped,doped
bargain,bargained,bargained
refund,refunded,refunded
clash,clashed,clashed
spice,spiced,spiced
pee,peed,peed
audit,audited,audited
interact,interacted,interacted
duck,ducked,ducked
dawn,dawned,dawned
rear,reared,reared
sin,sinned,sinned
forest,forested,forested
function,functioned,functioned
unlatch,unlatched,unlatched
burgeon,burgeoned,burgeoned
extirpate,extirpated,extirpated
vegetate,vegetated,vegetated
immolate,immolated,immolated
vacillate,vacillated,vacillated
disgorge,disgorged,disgorged
exult,exulted,exulted
reprove,reproved,reproved
remonstrate,remonstrated,remonstrated
edify,edified,edified
toddle,toddled,toddled
filch,filched,filched
smolder,smoldered,smoldered
disabuse,disabused,disabused
sidle,sidled,sidled
shoplift,shoplifted,shoplifted
eventuate,eventuated,eventuated
doff,doffed,doffed
salivate,salivated,salivated
obviate,obviated,obviated
teem,teemed,teemed
rearm,rearmed,rearmed
totter,tottered,tottered
blaspheme,blasphemed,blasphemed
seethe,seethed,seethed
daub,daubed,daubed
resound,resounded,resounded
guzzle,guzzled,guzzled
commiserate,commiserated,commiserated
swaddle,swaddled,swaddled
decamp,decamped,decamped
pigeonhole,pigeonholed,pigeonholed
hitchhike,hitchhiked,hitchhiked
regale,regaled,regaled
writhe,writhed,writhed
blab,blabbed,blabbed
loll,lolled,lolled
espy,espied,espied
scram,scrammed,scrammed
suckle,suckled,suckled
defecate,defecated,defecated
prise,prised,prised
jut,jutted,jutted
sunder,sundered,sundered
eavesdrop,eavesdropped,eavesdropped
disquiet,disquieted,disquieted
goggle,goggled,goggled
outshine,outshone,outshone
gape,gaped,gaped
incriminate,incriminated,incriminated
sulk,sulked,sulked
recompense,recompensed,recompensed
leer,leered,leered
wallop,walloped,walloped
gloat,gloated,gloated
ogle,ogled,ogled
wallow,wallowed,wallowed
lather,lathered,lathered
slouch,slouched,slouched
heft,hefted,hefted
hibernate,hibernated,hibernated
placate,placated,placated
crackle,crackled,crackled
shoo,shooed,shooed
quiver,quivered,quivered
debug,debugged,debugged
tingle,tingled,tingled
resupply,resupplied,resupplied
slog,slogged,slogged
tithe,tithed,tithed
putter,puttered,puttered
mulch,mulched,mulched
bustle,bustled,bustled
reproach,reproached,reproached
whiz,whizzed,whizzed
lard,larded,larded
fizz,fizzed,fizzed
gull,gulled,gulled
desist,desisted,desisted
wag,wagged,wagged
bask,basked,basked
mistrust,mistrusted,mistrusted
coexist,coexisted,coexisted
wad,wadded,wadded
shimmer,shimmered,shimmered
lug,lugged,lugged
drool,drooled,drooled
stopper,stoppered,stoppered
quack,quacked,quacked
perm,permed,permed
fawn,fawned,fawned
redress,redressed,redressed
pant,panted,panted
clout,clouted,clouted
grouse,groused,groused
garland,garlanded,garlanded
banter,bantered,bantered
crate,crated,crated
lumber,lumbered,lumbered
