population,n_pairs,quantity,readout,est,lo95,hi95,lo90,hi90,class,reading
all 64 pairs,64,D_bad,O,1.4093265533447266,1.2261921674013139,1.6088804632425306,1.2557494997978211,1.569712471961975,RISE,mixed
all 64 pairs,64,D_bad,by,0.38762956857681274,0.21766299493610858,0.5529378592967986,0.2469480313360691,0.5280534744262695,,mixed
all 64 pairs,64,D_bad,PREP,-0.6315165758132935,-0.7310169219970704,-0.5332392156124116,-0.7172067075967788,-0.5469290673732757,,mixed
all 64 pairs,64,D_bad,MAIN,1.4655351638793945,1.2811099112033844,1.6591626614332196,1.3086991369724275,1.6312700569629668,,mixed
all 64 pairs,64,D_bad,L,2.0970523357391357,1.8862292647361756,2.3238651514053346,1.915951132774353,2.292166519165039,RISE,mixed
all 64 pairs,64,nat_gap,O,1.4933661222457886,1.2142729878425598,1.7903669506311415,1.2533871948719024,1.7439187705516814,,mixed
all 64 pairs,64,nat_gap,by,0.20667888224124908,-0.19302093908190726,0.5807690709829327,-0.11873649731278418,0.5224792927503584,,mixed
all 64 pairs,64,nat_gap,PREP,-0.8005889058113098,-0.9441954404115677,-0.6479183420538904,-0.9252731204032898,-0.6718348920345307,,mixed
all 64 pairs,64,nat_gap,MAIN,1.4590373039245605,1.1832256704568862,1.7573001474142074,1.2286036968231202,1.7116904258728027,,mixed
all 64 pairs,64,nat_gap,L,2.2596261501312256,1.9487605005502702,2.5821595013141625,2.0008825302124023,2.5306164741516115,,mixed
without past ≠ participle,63,D_bad,O,1.4121520519256592,1.2187879472970962,1.6260355114936829,1.2520863831043243,1.5774125456809998,RISE,mixed
without past ≠ participle,63,D_bad,by,0.37367963790893555,0.20537541359663009,0.5382186353206634,0.22964773774147035,0.5162172853946685,,mixed
without past ≠ participle,63,D_bad,PREP,-0.6367465257644653,-0.7440921276807785,-0.5388029471039772,-0.7221802771091461,-0.5541240692138671,,mixed
without past ≠ participle,63,D_bad,MAIN,1.4729005098342896,1.2810428410768508,1.6733623325824734,1.3115940988063812,1.6373262107372284,,mixed
without past ≠ participle,63,D_bad,L,2.109647512435913,1.89161978662014,2.343260371685028,1.9190696775913239,2.306640017032623,RISE,mixed
without past ≠ participle,63,nat_gap,O,1.4838939905166626,1.1874576330184936,1.784669318795204,1.2278688311576844,1.7364211797714233,,mixed
without past ≠ participle,63,nat_gap,by,0.16147871315479279,-0.22421309985220433,0.5552768647670743,-0.16277557015419006,0.47470693141222,,mixed
without past ≠ participle,63,nat_gap,PREP,-0.7960969805717468,-0.944772157073021,-0.6459548562765122,-0.9192629158496857,-0.6659306347370147,,mixed
without past ≠ participle,63,nat_gap,MAIN,1.4694985151290894,1.1984232991933823,1.7709212958812712,1.2368364334106445,1.715237945318222,,mixed
without past ≠ participle,63,nat_gap,L,2.2655954360961914,1.9454657524824142,2.583915358781814,1.9996325731277467,2.5287179350852966,,mixed
