source,band,tok,side,lemma,pair,pass_rate,n,M_she,verb_pass
expansion,head,multi,trans,annex,annex/fart,1.0,7,1.7845110979105898,True
expansion,head,multi,trans,engrave,engrave/feud,1.0,7,0.9419964465184545,True
expansion,head,multi,trans,sack,sack/reign,1.0,7,1.8402348741698873,True
expansion,head,multi,trans,slaughter,slaughter/sprint,1.0,7,1.4423693722543292,True
expansion,head,single,trans,analyze,analyze/differ,1.0,7,1.4069833170759147,True
expansion,head,single,trans,assess,assess/arise,1.0,7,2.1005861427452546,True
expansion,near_head,multi,intrans,ache,deceive/ache,1.0,7,-3.393179004538858,True
expansion,near_head,multi,intrans,coincide,loot/coincide,1.0,7,-1.7892440112037327,True
expansion,near_head,multi,intrans,converse,disqualify/converse,1.0,7,-4.204633558553303,True
expansion,near_head,multi,intrans,cringe,curate/cringe,1.0,7,-2.1381058944349967,True
expansion,near_head,multi,intrans,defect,lynch/defect,1.0,7,-3.6590381084485486,True
expansion,near_head,multi,intrans,faint,pardon/faint,1.0,7,-2.7646780251342022,True
expansion,near_head,multi,intrans,fart,annex/fart,1.0,7,-1.7388286584168322,True
expansion,near_head,multi,intrans,feud,engrave/feud,1.0,7,-4.819278072818455,True
expansion,near_head,multi,intrans,intervene,obey/intervene,1.0,7,-3.713694530095853,True
expansion,near_head,multi,intrans,limp,confiscate/limp,1.0,7,-1.832973227447832,True
expansion,near_head,multi,intrans,loom,censor/loom,1.0,7,-4.261563358052671,True
expansion,near_head,multi,intrans,malfunction,ratify/malfunction,1.0,7,-1.7145809004262003,True
expansion,near_head,multi,intrans,perish,assassinate/perish,1.0,7,-3.9119831317010094,True
expansion,near_head,multi,intrans,recur,contradict/recur,1.0,7,-2.344236450193952,True
expansion,near_head,multi,intrans,reign,sack/reign,1.0,7,-3.46056441011866,True
expansion,near_head,multi,intrans,relapse,acquit/relapse,1.0,7,-1.5210674876911476,True
expansion,near_head,multi,intrans,sneeze,baptize/sneeze,1.0,7,-1.043517920789096,True
expansion,near_head,multi,intrans,sprint,slaughter/sprint,1.0,7,-2.0982311879313995,True
expansion,near_head,multi,intrans,succumb,counterfeit/succumb,1.0,7,-5.3139870996120875,True
expansion,near_head,multi,intrans,tremble,shun/tremble,1.0,7,-2.9711790420738695,True
expansion,near_head,multi,intrans,triumph,repeal/triumph,1.0,7,-3.660116774139993,True
expansion,near_head,multi,trans,acquit,acquit/relapse,1.0,7,3.3961866403323113,True
expansion,near_head,multi,trans,assassinate,assassinate/perish,1.0,7,1.4912229354397626,True
expansion,near_head,multi,trans,baptize,baptize/sneeze,1.0,7,1.1074535540701105,True
expansion,near_head,multi,trans,censor,censor/loom,1.0,7,1.917826599930144,True
expansion,near_head,multi,trans,confiscate,confiscate/limp,1.0,7,2.491013712256074,True
expansion,near_head,multi,trans,contradict,contradict/recur,1.0,7,3.4888054921648535,True
expansion,near_head,multi,trans,counterfeit,counterfeit/succumb,1.0,7,1.2926585558918757,True
expansion,near_head,multi,trans,curate,curate/cringe,1.0,7,1.5437005290301151,True
expansion,near_head,multi,trans,deceive,deceive/ache,1.0,7,1.943922886935065,True
expansion,near_head,multi,trans,disqualify,disqualify/converse,1.0,7,3.289741722472228,True
expansion,near_head,multi,trans,loot,loot/coincide,1.0,7,1.2375934939672502,True
expansion,near_head,multi,trans,lynch,lynch/defect,1.0,7,1.6203053942161145,True
expansion,near_head,multi,trans,obey,obey/intervene,1.0,7,1.4804513045686352,True
expansion,near_head,multi,trans,pardon,pardon/faint,1.0,7,1.820458064267648,True
expansion,near_head,multi,trans,ratify,ratify/malfunction,1.0,7,1.950374301720983,True
expansion,near_head,multi,trans,repeal,repeal/triumph,1.0,7,2.611853069792246,True
expansion,near_head,multi,trans,shun,shun/tremble,1.0,7,2.3292591636969,True
expansion,near_head,single,intrans,arise,assess/arise,1.0,7,-3.1530852774036484,True
expansion,near_head,single,intrans,differ,analyze/differ,1.0,7,-3.5208197935131023,True
expansion,near_head,single,intrans,ensue,underestimate/ensue,0.42857142857142855,7,0.015424214401816738,False
expansion,near_head,single,intrans,err,infer/err,1.0,7,-3.822632016963993,True
expansion,near_head,single,intrans,hesitate,transplant/hesitate,1.0,7,-3.086367368466788,True
expansion,near_head,single,intrans,kneel,recite/kneel,1.0,7,-3.8047164650055167,True
expansion,near_head,single,intrans,persist,snatch/persist,1.0,7,-4.5038757578234945,True
expansion,near_head,single,intrans,reside,probe/reside,1.0,7,-5.698966366613226,True
expansion,near_head,single,trans,infer,infer/err,0.5714285714285714,7,-0.562723651711323,True
expansion,near_head,single,trans,probe,probe/reside,1.0,7,0.49332275441575313,True
expansion,near_head,single,trans,recite,recite/kneel,1.0,7,1.1859968209379583,True
expansion,near_head,single,trans,snatch,snatch/persist,1.0,7,1.4626531890060002,True
expansion,near_head,single,trans,transplant,transplant/hesitate,1.0,7,1.7571218691742496,True
expansion,near_head,single,trans,underestimate,underestimate/ensue,1.0,7,2.96803869300782,True
orig_head,head,single,intrans,belong,rob/belong,1.0,7,-5.234213352189469,True
orig_head,head,single,intrans,die,send/die,1.0,7,-3.0312844640798478,True
orig_head,head,single,intrans,emerge,impose/emerge,1.0,7,-3.4850500663080197,True
orig_head,head,single,intrans,exist,host/exist,1.0,7,-3.6391549313636555,True
orig_head,head,single,intrans,happen,include/happen,1.0,7,-3.6777974129012487,True
orig_head,head,single,intrans,matter,thank/matter,1.0,7,-2.153439189319062,True
orig_head,head,single,intrans,occur,earn/occur,1.0,7,-2.136419248233514,True
orig_head,head,single,intrans,remain,score/remain,1.0,7,-0.393180949532397,True
orig_head,head,single,intrans,result,rate/result,1.0,7,-5.218336156779688,True
orig_head,head,single,intrans,vanish,insure/vanish,1.0,7,-3.9378171653399674,True
orig_head,head,single,trans,earn,earn/occur,1.0,7,2.850558422125143,True
orig_head,head,single,trans,host,host/exist,1.0,7,1.7687409104236078,True
orig_head,head,single,trans,impose,impose/emerge,1.0,7,1.4269178850362763,True
orig_head,head,single,trans,include,include/happen,1.0,7,1.8727031074952012,True
orig_head,head,single,trans,insure,insure/vanish,1.0,7,1.5444743823796234,True
orig_head,head,single,trans,rate,rate/result,1.0,7,2.643371244259438,True
orig_head,head,single,trans,rob,rob/belong,1.0,7,2.049341958155706,True
orig_head,head,single,trans,score,score/remain,0.7142857142857143,7,0.3444739390941369,True
orig_head,head,single,trans,send,send/die,1.0,7,1.9797018297196074,True
orig_head,head,single,trans,thank,thank/matter,1.0,7,3.349908911307381,True
