paradigm,verb_pair,verb_band,own,other,good_verb,reversal,good_form_zipf
passive_1,head/bet/appear,head,6.1044,1.8190304000000004,bet,1.0002,4.79
passive_1,head/blame/struggle,head,6.5629,3.9739172,blamed,6.33295,3.9
passive_1,head/celebrate/reply,head,6.9439,4.2094832,celebrated,4.3801000000000005,4.24
passive_1,head/confront/testify,head,6.7615,3.8774631999999998,confronted,6.895,3.84
passive_1,head/crown/object,head,6.8994,2.677188,crowned,5.52255,3.65
passive_1,head/defend/participate,head,6.336,4.419300800000001,defended,2.66085,4.0
passive_1,head/earn/occur,head,6.9406,2.0805088,earned,1.00015,4.55
passive_1,head/exhibit/proceed,head,6.8787,3.2463363999999997,exhibited,1.0,3.86
passive_1,head/hate/listen,head,4.9246,4.060281600000001,hated,5.0078,4.2
passive_1,head/host/exist,head,6.962949999999999,3.4902576,hosted,1.2652,4.25
passive_1,head/impose/emerge,head,6.62255,2.7105864,imposed,1.00115,4.16
passive_1,head/include/happen,head,5.42715,3.3595703999999995,included,1.0727,5.03
passive_1,head/insure/vanish,head,6.7408,3.3696007999999997,insured,1.00085,3.69
passive_1,head/introduce/arrive,head,6.99835,4.7604288,introduced,6.17915,4.72
passive_1,head/lease/apologize,head,5.9998000000000005,2.9268199999999998,leased,1.0,3.62
passive_1,head/lend/opt,head,6.2361,2.6709484000000003,lent,1.0026,3.75
passive_1,head/load/respond,head,6.910299999999999,3.62064,loaded,2.16975,4.25
passive_1,head/measure/laugh,head,6.9026,4.4204744,measured,1.0088,4.25
passive_1,head/rate/result,head,6.441649999999999,4.1374332,rated,1.05885,4.3
passive_1,head/rob/belong,head,5.09995,3.1401412,robbed,1.19245,3.88
passive_1,head/score/remain,head,6.98015,2.71256,scored,1.3575,4.63
passive_1,head/send/die,head,6.69605,3.7089868,sent,1.0156,5.16
passive_1,head/sum/compete,head,5.8518,1.7108104,summed,1.00015,3.57
passive_1,head/target/lie,head,3.989,3.8709727999999997,targeted,1.73475,4.22
passive_1,head/thank/matter,head,6.99935,4.1699592,thanked,6.99055,3.64
passive_1,head/upgrade/complain,head,6.9917,3.769493999999999,upgraded,3.0868,3.93
passive_1,tail/approximate/muse,tail,6.35835,2.177286,approximated,1.0006,2.68
passive_1,tail/audit/interact,tail,6.91135,3.8490959999999994,audited,2.5433,3.13
passive_1,tail/awe/glow,tail,6.867850000000001,2.950362,awed,4.97705,2.63
passive_1,tail/blurt/stagnate,tail,5.09465,1.7162568000000002,blurted,1.0000499999999999,2.62
passive_1,tail/bribe/correspond,tail,5.4244,3.193172,bribed,5.226050000000001,3.05
passive_1,tail/christen/dwindle,tail,6.82025,3.3021916000000004,christened,1.0025,2.92
passive_1,tail/coerce/emigrate,tail,3.9591499999999997,3.3383092,coerced,4.4742,3.11
passive_1,tail/commemorate/brag,tail,6.19985,3.7497855999999996,commemorated,4.1588,2.91
passive_1,tail/deter/flirt,tail,5.80905,2.7113592000000004,deterred,3.9836,2.9
passive_1,tail/dice/cooperate,tail,6.9967500000000005,2.0917588,diced,1.0029,3.04
passive_1,tail/dope/bargain,tail,5.5969,3.5421428,doped,1.6408500000000001,2.94
passive_1,tail/duck/dawn,tail,4.69525,1.4613804000000001,ducked,1.77285,3.01
passive_1,tail/eschew/languish,tail,5.4952000000000005,4.2429872,eschewed,1.9777,2.49
passive_1,tail/evade/inquire,tail,4.8293,2.770324000000001,evaded,1.8724,2.91
passive_1,tail/exert/slump,tail,5.119400000000001,2.343398,exerted,1.95825,3.09
passive_1,tail/fleece/vie,tail,5.46535,3.4527116,fleeced,5.0533,2.41
passive_1,tail/forest/function,tail,4.5784,1.1085639999999997,forested,2.3681,3.03
passive_1,tail/gag/blossom,tail,6.5637,2.614106,gagged,6.104850000000001,2.9
passive_1,tail/galvanize/transpire,tail,6.100099999999999,3.0063456,galvanized,5.2542,3.02
passive_1,tail/garnish/toil,tail,6.98855,1.8077188,garnished,1.0000499999999999,2.64
passive_1,tail/heap/grin,tail,5.493499999999999,1.9163759999999999,heaped,1.0143,2.87
passive_1,tail/imitate/linger,tail,5.38355,2.6487928000000003,imitated,4.86345,2.92
passive_1,tail/ingest/conspire,tail,6.380750000000001,1.7056344,ingested,1.00015,3.11
passive_1,tail/nab/retaliate,tail,6.8355,3.732946,nabbed,2.7449,2.79
passive_1,tail/orphan/adhere,tail,5.5804,2.2065388,orphaned,1.0,3.17
passive_1,tail/outdo/recede,tail,5.9857,3.0130504,outdone,6.18865,2.8
passive_1,tail/overestimate/diverge,tail,5.57075,4.128793999999999,overestimated,1.1141,2.7600000000000002
passive_1,tail/perfume/reel,tail,4.995950000000001,2.3759460000000003,perfumed,1.1163,2.64
passive_1,tail/preclude/fluctuate,tail,4.569,3.217164,precluded,2.82745,2.68
passive_1,tail/quarry/rave,tail,6.9946,1.3836016,quarried,1.0003,2.49
passive_1,tail/quell/sympathize,tail,5.1355,3.0173216,quelled,1.1096,2.46
passive_1,tail/rear/sin,tail,6.9218,2.1836559999999996,reared,1.3446,3.07
passive_1,tail/recast/reappear,tail,6.577,3.6324875999999993,recast,1.0028000000000001,2.94
passive_1,tail/refund/clash,tail,5.818899999999999,2.572224399999999,refunded,1.57625,3.18
passive_1,tail/reinstall/seep,tail,6.3354,3.7576416,reinstalled,2.52305,2.54
passive_1,tail/rouse/lurk,tail,5.23315,3.681796,roused,3.319,2.62
passive_1,tail/safeguard/blush,tail,5.6627,4.383683599999999,safeguarded,1.1175,2.62
passive_1,tail/scrub/thrive,tail,6.99545,3.7153931999999994,scrubbed,1.0004,3.01
passive_1,tail/slander/glare,tail,4.9037500000000005,3.1202343999999997,slandered,5.24525,2.53
passive_1,tail/smother/subside,tail,5.293950000000001,2.7909656000000003,smothered,4.55075,3.02
passive_1,tail/spice/pee,tail,6.9856,1.5357276,spiced,1.00015,3.02
passive_1,tail/stockpile/shudder,tail,6.0377,2.3807764000000002,stockpiled,1.00065,2.49
passive_1,tail/stow/abstain,tail,6.64975,3.1626331999999997,stowed,1.7862,2.79
passive_1,tail/subjugate/collude,tail,5.13565,3.2699200000000004,subjugated,3.8833,2.69
passive_1,tail/subvert/persevere,tail,5.07965,4.1817388,subverted,4.4257,2.64
passive_1,tail/tame/chuckle,tail,6.98665,3.188452799999999,tamed,1.5655999999999999,3.01
passive_1,tail/trademark/bloom,tail,6.9342,2.184102399999999,trademarked,1.00095,2.74
passive_1,tail/transcend/concur,tail,5.8986,2.0450456,transcended,1.7572999999999999,2.74
passive_1,tail/utter/creep,tail,5.6727,1.7619748000000002,uttered,1.00595,3.18
passive_1,tail/whitewash/wane,tail,6.4122,2.9693736,whitewashed,1.0105,2.81
passive_1,xtail/blab/loll,xtail,6.26215,1.4224236000000001,blabbed,1.0013999999999998,1.74
passive_1,xtail/blaspheme/seethe,xtail,5.1433,2.6759408,blasphemed,3.59585,1.91
passive_1,xtail/clout/grouse,xtail,6.95085,3.440392800000001,clouted,6.40025,1.46
passive_1,xtail/crate/lumber,xtail,4.7493,2.3684084,crated,1.0013999999999998,2.18
passive_1,xtail/daub/resound,xtail,4.7712,3.2078527999999995,daubed,2.93755,2.0
passive_1,xtail/debug/tingle,xtail,6.97115,2.5920292000000003,debugged,1.0,1.75
passive_1,xtail/disabuse/sidle,xtail,4.9703,3.5574732000000004,disabused,4.932,1.77
passive_1,xtail/disgorge/exult,xtail,4.79035,2.4493163999999994,disgorged,1.0001,1.7
passive_1,xtail/disquiet/goggle,xtail,5.2989999999999995,3.1109,disquieted,1.0000499999999999,1.53
passive_1,xtail/doff/salivate,xtail,5.4687,1.9580896000000003,doffed,2.79945,1.44
passive_1,xtail/edify/toddle,xtail,5.61055,2.8935483999999994,edified,4.6893,1.55
passive_1,xtail/espy/scram,xtail,5.69365,4.6835476,espied,4.1274,1.3800000000000001
passive_1,xtail/extirpate/vegetate,xtail,6.34585,3.4360188000000003,extirpated,2.14855,2.14
passive_1,xtail/filch/smolder,xtail,6.4092,3.5730787999999998,filched,1.0497,1.6
passive_1,xtail/garland/banter,xtail,6.0951,2.9877444000000004,garlanded,5.02755,1.9000000000000001
passive_1,xtail/gull/desist,xtail,6.125450000000001,2.6852007999999996,gulled,2.4098,1.5
passive_1,xtail/guzzle/commiserate,xtail,6.87655,1.5539403999999999,guzzled,1.0095,1.75
passive_1,xtail/heft/hibernate,xtail,6.2482,3.5742699999999994,hefted,1.0124,1.54
passive_1,xtail/immolate/vacillate,xtail,4.1968000000000005,3.446651599999999,immolated,4.6253,1.95
passive_1,xtail/incriminate/sulk,xtail,5.309200000000001,3.2422028000000007,incriminated,4.25185,2.07
passive_1,xtail/lard/fizz,xtail,5.613049999999999,1.9873628,larded,1.0002,1.56
passive_1,xtail/lather/slouch,xtail,5.78745,2.1764479999999997,lathered,1.0392000000000001,2.04
passive_1,xtail/lug/drool,xtail,6.77955,2.9480683999999995,lugged,1.0001,2.13
passive_1,xtail/mistrust/coexist,xtail,5.00105,4.5284284,mistrusted,5.282,2.1
passive_1,xtail/mulch/bustle,xtail,6.9982,1.7606196,mulched,1.0000499999999999,1.84
passive_1,xtail/obviate/teem,xtail,4.53105,3.0051192,obviated,3.65525,1.79
passive_1,xtail/ogle/wallow,xtail,5.38835,3.7554244,ogled,4.94985,1.8800000000000001
passive_1,xtail/outshine/gape,xtail,5.0046,2.8545879999999997,outshone,4.776400000000001,2.08
passive_1,xtail/perm/fawn,xtail,6.9529499999999995,2.2448576,permed,3.0187,1.8800000000000001
passive_1,xtail/pigeonhole/hitchhike,xtail,4.9026,3.233774,pigeonholed,3.1130500000000003,2.14
passive_1,xtail/placate/crackle,xtail,5.2523,3.2046728000000004,placated,4.918900000000001,2.14
passive_1,xtail/prise/jut,xtail,5.13805,2.8408328000000003,prised,1.0297,1.84
passive_1,xtail/rearm/totter,xtail,5.264200000000001,2.3044995999999998,rearmed,4.052350000000001,1.75
passive_1,xtail/recompense/leer,xtail,6.7942,3.5564940000000003,recompensed,3.4932499999999997,1.67
passive_1,xtail/redress/pant,xtail,6.20595,3.8287656,redressed,1.01265,2.01
passive_1,xtail/regale/writhe,xtail,6.6876999999999995,2.5214152,regaled,6.1781500000000005,2.14
passive_1,xtail/reproach/whiz,xtail,6.705,4.2434612,reproached,6.8222000000000005,2.16
passive_1,xtail/reprove/remonstrate,xtail,6.9357,4.0883492,reproved,5.902200000000001,1.82
passive_1,xtail/resupply/slog,xtail,5.5927500000000006,3.8929063999999998,resupplied,5.381349999999999,1.8800000000000001
passive_1,xtail/shoo/quiver,xtail,6.503349999999999,2.6021212000000005,shooed,2.9379,2.03
passive_1,xtail/shoplift/eventuate,xtail,5.2698,2.8189347999999996,shoplifted,1.0016500000000002,1.92
passive_1,xtail/stopper/quack,xtail,6.46645,1.8724884,stoppered,1.0,1.32
passive_1,xtail/suckle/defecate,xtail,6.99995,1.170298,suckled,6.9535,1.94
passive_1,xtail/sunder/eavesdrop,xtail,4.9509,2.8282123999999995,sundered,3.384,1.9000000000000001
passive_1,xtail/swaddle/decamp,xtail,6.99765,1.944016,swaddled,1.0000499999999999,2.1
passive_1,xtail/tithe/putter,xtail,5.76185,2.2005792,tithed,1.1074000000000002,1.34
passive_1,xtail/unlatch/burgeon,xtail,5.76555,3.2686936000000006,unlatched,1.48095,1.79
passive_1,xtail/wad/shimmer,xtail,5.31635,1.7152684,wadded,1.0,1.85
passive_1,xtail/wag/bask,xtail,4.0422,1.2245804000000002,wagged,1.0006,2.09
passive_1,xtail/wallop/gloat,xtail,6.7995,3.389446799999999,walloped,6.9525500000000005,1.86
passive_2,head/bet/appear,head,3.7879,1.5148087999999997,bet,,4.79
passive_2,head/blame/struggle,head,4.47945,3.4013208,blamed,,3.9
passive_2,head/celebrate/reply,head,4.9346,3.4541820000000003,celebrated,,4.24
passive_2,head/confront/testify,head,5.288,2.7552339999999993,confronted,,3.84
passive_2,head/crown/object,head,6.7222,2.2511884,crowned,,3.65
passive_2,head/defend/participate,head,4.59035,3.2169476000000006,defended,,4.0
passive_2,head/earn/occur,head,4.4907,1.5148636,earned,,4.55
passive_2,head/exhibit/proceed,head,6.8468,2.9332284,exhibited,,3.86
passive_2,head/hate/listen,head,3.5887000000000002,3.2270088000000006,hated,,4.2
passive_2,head/host/exist,head,2.51315,2.1539888,hosted,,4.25
passive_2,head/impose/emerge,head,4.19795,2.1046119999999995,imposed,,4.16
passive_2,head/include/happen,head,3.1732,3.014503199999999,included,,5.03
passive_2,head/insure/vanish,head,5.4445,4.411584800000001,insured,,3.69
passive_2,head/introduce/arrive,head,4.422549999999999,3.0545668,introduced,,4.72
passive_2,head/lease/apologize,head,5.84005,2.6634176000000003,leased,,3.62
passive_2,head/lend/opt,head,5.2101500000000005,2.1394032000000007,lent,,3.75
passive_2,head/load/respond,head,5.13615,2.886616,loaded,,4.25
passive_2,head/measure/laugh,head,4.8974,3.732919199999999,measured,,4.25
passive_2,head/rate/result,head,5.920450000000001,3.1557872000000002,rated,,4.3
passive_2,head/rob/belong,head,5.87435,3.5786364,robbed,,3.88
passive_2,head/score/remain,head,6.77655,2.0774708,scored,,4.63
passive_2,head/send/die,head,5.4771,3.0316396,sent,,5.16
passive_2,head/sum/compete,head,3.0989,1.1510243999999998,summed,,3.57
passive_2,head/target/lie,head,3.7512499999999998,3.1795956000000003,targeted,,4.22
passive_2,head/thank/matter,head,6.91455,3.4676451999999993,thanked,,3.64
passive_2,head/upgrade/complain,head,6.1742,3.1738147999999997,upgraded,,3.93
passive_2,tail/approximate/muse,tail,4.2771,1.4817919999999998,approximated,,2.68
passive_2,tail/audit/interact,tail,5.8130500000000005,4.206741200000001,audited,,3.13
passive_2,tail/awe/glow,tail,3.79425,2.2328311999999997,awed,,2.63
passive_2,tail/blurt/stagnate,tail,4.2691,1.27104,blurted,,2.62
passive_2,tail/bribe/correspond,tail,5.24395,3.2452412000000006,bribed,,3.05
passive_2,tail/christen/dwindle,tail,6.931749999999999,2.7809307999999997,christened,,2.92
passive_2,tail/coerce/emigrate,tail,3.8904,2.9093648,coerced,,3.11
passive_2,tail/commemorate/brag,tail,3.6214500000000003,3.3061720000000006,commemorated,,2.91
passive_2,tail/deter/flirt,tail,4.414149999999999,2.119688,deterred,,2.9
passive_2,tail/dice/cooperate,tail,6.7446,1.6703343999999998,diced,,3.04
passive_2,tail/dope/bargain,tail,4.38405,2.9179088,doped,,2.94
passive_2,tail/duck/dawn,tail,3.10805,1.1442383999999999,ducked,,3.01
passive_2,tail/eschew/languish,tail,3.9242,3.5130312000000004,eschewed,,2.49
passive_2,tail/evade/inquire,tail,3.7874499999999998,2.1567392,evaded,,2.91
passive_2,tail/exert/slump,tail,3.2412,1.8551476,exerted,,3.09
passive_2,tail/fleece/vie,tail,4.84945,2.8712076,fleeced,,2.41
passive_2,tail/forest/function,tail,5.676500000000001,1.2092872,forested,,3.03
passive_2,tail/gag/blossom,tail,5.7506,2.363264399999999,gagged,,2.9
passive_2,tail/galvanize/transpire,tail,3.42775,2.0740372,galvanized,,3.02
passive_2,tail/garnish/toil,tail,4.73615,1.410172,garnished,,2.64
passive_2,tail/heap/grin,tail,2.2264999999999997,1.2527551999999997,heaped,,2.87
passive_2,tail/imitate/linger,tail,4.744400000000001,2.2317856000000007,imitated,,2.92
passive_2,tail/ingest/conspire,tail,6.0403,1.7264807999999998,ingested,,3.11
passive_2,tail/nab/retaliate,tail,5.6206,2.8614444000000003,nabbed,,2.79
passive_2,tail/orphan/adhere,tail,5.488300000000001,2.9937700000000005,orphaned,,3.17
passive_2,tail/outdo/recede,tail,5.008,2.3671936000000007,outdone,,2.8
passive_2,tail/overestimate/diverge,tail,5.420299999999999,3.195718800000001,overestimated,,2.7600000000000002
passive_2,tail/perfume/reel,tail,3.9281,2.3485472000000005,perfumed,,2.64
passive_2,tail/preclude/fluctuate,tail,3.48285,2.4547991999999996,precluded,,2.68
passive_2,tail/quarry/rave,tail,6.85585,1.3563139999999998,quarried,,2.49
passive_2,tail/quell/sympathize,tail,4.73975,2.3507552,quelled,,2.46
passive_2,tail/rear/sin,tail,4.56215,1.6921288,reared,,3.07
passive_2,tail/recast/reappear,tail,4.865550000000001,3.2506300000000006,recast,,2.94
passive_2,tail/refund/clash,tail,5.091100000000001,2.97025,refunded,,3.18
passive_2,tail/reinstall/seep,tail,4.31525,2.7556360000000004,reinstalled,,2.54
passive_2,tail/rouse/lurk,tail,4.04105,2.4094552,roused,,2.62
passive_2,tail/safeguard/blush,tail,3.9481,3.5136508,safeguarded,,2.62
passive_2,tail/scrub/thrive,tail,5.5069,2.7432792,scrubbed,,3.01
passive_2,tail/slander/glare,tail,5.3277,3.1679411999999996,slandered,,2.53
passive_2,tail/smother/subside,tail,4.79855,2.6671587999999997,smothered,,3.02
passive_2,tail/spice/pee,tail,4.939299999999999,1.1522128,spiced,,3.02
passive_2,tail/stockpile/shudder,tail,3.89195,1.634272,stockpiled,,2.49
passive_2,tail/stow/abstain,tail,4.5588,2.2414056,stowed,,2.79
passive_2,tail/subjugate/collude,tail,4.6009,2.6690427999999997,subjugated,,2.69
passive_2,tail/subvert/persevere,tail,4.2111,3.2305264,subverted,,2.64
passive_2,tail/tame/chuckle,tail,6.91385,2.3682436,tamed,,3.01
passive_2,tail/trademark/bloom,tail,6.6401,2.4748096,trademarked,,2.74
passive_2,tail/transcend/concur,tail,3.3844000000000003,1.8142816,transcended,,2.74
passive_2,tail/utter/creep,tail,4.77575,1.4019279999999996,uttered,,3.18
passive_2,tail/whitewash/wane,tail,5.35585,2.514138000000001,whitewashed,,2.81
passive_2,xtail/blab/loll,xtail,4.2933,1.1266976000000002,blabbed,,1.74
passive_2,xtail/blaspheme/seethe,xtail,4.4056,2.4322852000000004,blasphemed,,1.91
passive_2,xtail/clout/grouse,xtail,3.473,2.5391591999999994,clouted,,1.46
passive_2,xtail/crate/lumber,xtail,3.4966,1.8318151999999999,crated,,2.18
passive_2,xtail/daub/resound,xtail,3.27905,2.3329387999999995,daubed,,2.0
passive_2,xtail/debug/tingle,xtail,5.6561,2.1245356,debugged,,1.75
passive_2,xtail/disabuse/sidle,xtail,3.79445,2.3596104000000007,disabused,,1.77
passive_2,xtail/disgorge/exult,xtail,3.72995,2.522414000000001,disgorged,,1.7
passive_2,xtail/disquiet/goggle,xtail,3.6298000000000004,2.5177452000000002,disquieted,,1.53
passive_2,xtail/doff/salivate,xtail,3.7142,1.4380332,doffed,,1.44
passive_2,xtail/edify/toddle,xtail,4.48385,2.2290448,edified,,1.55
passive_2,xtail/espy/scram,xtail,4.35765,3.8422924000000003,espied,,1.3800000000000001
passive_2,xtail/extirpate/vegetate,xtail,4.29875,2.8599832000000003,extirpated,,2.14
passive_2,xtail/filch/smolder,xtail,4.9665,3.196688,filched,,1.6
passive_2,xtail/garland/banter,xtail,5.6221499999999995,2.7798875999999995,garlanded,,1.9000000000000001
passive_2,xtail/gull/desist,xtail,3.8546,2.0358768,gulled,,1.5
passive_2,xtail/guzzle/commiserate,xtail,5.70705,1.3269772,guzzled,,1.75
passive_2,xtail/heft/hibernate,xtail,4.8947,2.6542192,hefted,,1.54
passive_2,xtail/immolate/vacillate,xtail,4.390549999999999,3.5281348000000006,immolated,,1.95
passive_2,xtail/incriminate/sulk,xtail,3.8388,2.7330048000000002,incriminated,,2.07
passive_2,xtail/lard/fizz,xtail,4.159000000000001,1.3761396,larded,,1.56
passive_2,xtail/lather/slouch,xtail,2.32455,1.5785472,lathered,,2.04
passive_2,xtail/lug/drool,xtail,3.50345,2.0042975999999997,lugged,,2.13
passive_2,xtail/mistrust/coexist,xtail,4.43285,3.5697427999999998,mistrusted,,2.1
passive_2,xtail/mulch/bustle,xtail,5.9611,1.8661872,mulched,,1.84
passive_2,xtail/obviate/teem,xtail,3.5969,2.5116795999999995,obviated,,1.79
passive_2,xtail/ogle/wallow,xtail,4.9534,3.0435156,ogled,,1.8800000000000001
passive_2,xtail/outshine/gape,xtail,3.8497000000000003,2.0035175999999995,outshone,,2.08
passive_2,xtail/perm/fawn,xtail,6.542400000000001,2.2349584000000005,permed,,1.8800000000000001
passive_2,xtail/pigeonhole/hitchhike,xtail,4.24585,2.1613764,pigeonholed,,2.14
passive_2,xtail/placate/crackle,xtail,4.22965,2.8559296000000005,placated,,2.14
passive_2,xtail/prise/jut,xtail,3.3074500000000002,1.9359632000000002,prised,,1.84
passive_2,xtail/rearm/totter,xtail,4.43605,2.0166584,rearmed,,1.75
passive_2,xtail/recompense/leer,xtail,5.20215,3.5062212000000006,recompensed,,1.67
passive_2,xtail/redress/pant,xtail,4.4868,2.9636448000000004,redressed,,2.01
passive_2,xtail/regale/writhe,xtail,3.4168,1.6290600000000002,regaled,,2.14
passive_2,xtail/reproach/whiz,xtail,5.99315,3.6479392,reproached,,2.16
passive_2,xtail/reprove/remonstrate,xtail,5.8129,3.2407476,reproved,,1.82
passive_2,xtail/resupply/slog,xtail,5.25455,3.2980576,resupplied,,1.8800000000000001
passive_2,xtail/shoo/quiver,xtail,5.2987,2.2990388000000004,shooed,,2.03
passive_2,xtail/shoplift/eventuate,xtail,4.720549999999999,3.0880788000000003,shoplifted,,1.92
passive_2,xtail/stopper/quack,xtail,5.52855,1.3944672000000002,stoppered,,1.32
passive_2,xtail/suckle/defecate,xtail,6.9697499999999994,1.2133056000000002,suckled,,1.94
passive_2,xtail/sunder/eavesdrop,xtail,4.3873,2.5491332000000004,sundered,,1.9000000000000001
passive_2,xtail/swaddle/decamp,xtail,6.982150000000001,1.6191564000000003,swaddled,,2.1
passive_2,xtail/tithe/putter,xtail,5.3644,1.9799535999999998,tithed,,1.34
passive_2,xtail/unlatch/burgeon,xtail,5.88935,2.0825616,unlatched,,1.79
passive_2,xtail/wad/shimmer,xtail,3.4083,1.2377604000000004,wadded,,1.85
passive_2,xtail/wag/bask,xtail,3.14745,1.0305639999999998,wagged,,2.09
passive_2,xtail/wallop/gloat,xtail,5.04065,2.9636888,walloped,,1.86
