epoch,train_loss
1,0.8115542353938876
2,0.2459487179709705
3,0.23708565086607697
4,0.21357286670764847
5,0.24072770173705862
6,0.21098585098708095
7,0.16396653061839958
8,0.19488021263929498
9,0.20826921507602872
10,0.21547161524266517
11,0.20645371383520283
12,0.17563128785936016
13,0.19902874113081784
14,0.20297071484612797
15,0.20334411070427377
16,0.19341869088485444
17,0.19605584291094746
18,0.1928619309130079
19,0.18351433342158036
20,0.19742396073391602
21,0.20081098835081676
22,0.2136198580688924
23,0.18925787772853567
24,0.18217774181922197
25,0.19207424983852547
26,0.19934226513466144
27,0.17877175161230532
28,0.19123221255781783
29,0.17443983720068293
30,0.19984409205903378
