pair_id,wins,kept
acquit/relapse,12,True
annex/fart,12,True
assassinate/perish,12,True
assess/arise,12,True
baptize/sneeze,11,True
censor/loom,12,True
contradict/recur,12,True
curate/cringe,12,True
deceive/ache,12,True
disqualify/limp,8,True
earn/occur,9,True
host/exist,12,True
impose/emerge,11,True
include/happen,0,False
infer/err,7,False
insure/vanish,12,True
pardon/faint,11,True
probe/reside,12,True
ratify/malfunction,12,True
recite/kneel,12,True
repeal/defect,8,True
sack/reign,8,True
score/remain,12,True
send/die,9,True
shun/tremble,12,True
slaughter/sprint,8,True
snatch/persist,8,True
thank/matter,12,True
transplant/ensue,0,False
