paradigm,metric,model,estimate,ci_low,ci_high
passive_1,correct,own,21.60000000000303,16.039078654335192,26.225565954093916
passive_1,correct,good+own,5.011424656943128,0.2508013519775681,9.145333114841002
passive_1,correct,good+bad_patient+own,4.57660669702354,-0.25578694834397286,8.759919094723005
passive_1,whole_margin,own,5.557430291160847,4.375971173389645,6.6344188341582715
passive_1,whole_margin,good+own,3.5055030459388226,2.264504083153565,4.649238321015367
passive_1,whole_margin,good+bad_patient+own,3.4700051681040374,2.2448616610306074,4.6200255990588355
passive_1,verb_margin,own,3.785963820952362,2.9325578883918406,4.674177683765327
passive_1,verb_margin,good+own,2.375633413005814,1.4434386998295485,3.2246316551827334
passive_1,verb_margin,good+bad_patient+own,2.3195671819548496,1.429445328620897,3.139022433504686
passive_2,correct,own,20.450793650796495,13.699647405406868,25.87963168469031
passive_2,correct,good+own,7.122318077903513,0.2825817538753402,13.076809084481669
passive_2,correct,good+bad_patient+own,5.838356041555117,-0.5877602673290402,11.789014616150627
passive_2,whole_margin,own,3.800980126073527,2.8672598932639604,4.669635334976803
passive_2,whole_margin,good+own,2.4114669106579014,1.4669466898640886,3.3044417870776672
passive_2,whole_margin,good+bad_patient+own,2.2948029598619377,1.3654735468242958,3.1316686292489893
passive_2,verb_margin,own,3.785963820952362,2.8782267940409136,4.701307618245828
passive_2,verb_margin,good+own,2.4607021036010224,1.550117042805254,3.3279493448556687
passive_2,verb_margin,good+bad_patient+own,2.3552514491893453,1.4717299011709382,3.1768748289592166
